transaction_id,source_account_id,destination_account_id,transaction_timestamp,transaction_type,amount,channel,country,is_suspicious
TXN_0000001,ACC_000760,ACC_000282,2026-03-12 07:39:02.755011,PAYMENT,14706.68,ATM,USA,0
TXN_0000002,ACC_000759,ACC_000914,2026-07-16 20:44:25.755011,TRANSFER,6864.26,BRANCH,India,0
TXN_0000003,ACC_000239,ACC_000518,2026-04-18 22:01:08.755011,TRANSFER,17627.69,ATM,Hong Kong,0
TXN_0000004,ACC_000430,ACC_000226,2026-06-21 06:42:12.755011,DEPOSIT,50394.42,MOBILE,India,0
TXN_0000005,ACC_000715,ACC_000433,2026-04-07 11:09:30.755011,WITHDRAWAL,6118.16,MOBILE,USA,0
TXN_0000006,ACC_000345,ACC_000105,2026-08-02 17:13:57.755011,TRANSFER,6118.28,BRANCH,India,0
TXN_0000007,ACC_000619,ACC_000271,2026-05-13 06:02:31.755011,TRANSFER,53909.14,BRANCH,UAE,0
TXN_0000008,ACC_000388,ACC_000081,2026-09-02 13:18:00.755011,WITHDRAWAL,20351.74,MOBILE,UAE,0
TXN_0000009,ACC_000047,ACC_000678,2026-03-20 23:14:33.755011,PAYMENT,4612.99,MOBILE,India,0
TXN_0000010,ACC_000104,ACC_000390,2026-08-22 17:11:55.755011,WITHDRAWAL,15538.44,BRANCH,Hong Kong,0
TXN_0000011,ACC_000380,ACC_000364,2026-04-08 01:06:54.755011,PAYMENT,4646.64,MOBILE,Hong Kong,0
TXN_0000012,ACC_000074,ACC_000624,2026-07-11 07:09:21.755011,PAYMENT,4633.76,ATM,USA,0
TXN_0000013,ACC_000948,ACC_000656,2026-04-28 21:08:24.755011,PAYMENT,10833.03,MOBILE,India,0
TXN_0000014,ACC_000825,ACC_000324,2026-03-13 16:41:24.755011,DEPOSIT,815.71,MOBILE,India,0
TXN_0000015,ACC_000898,ACC_000736,2026-06-25 14:20:34.755011,WITHDRAWAL,1022.59,ATM,Hong Kong,0
TXN_0000016,ACC_000937,ACC_000659,2026-08-26 06:00:52.755011,DEPOSIT,4126.79,ATM,UK,0
TXN_0000017,ACC_000575,ACC_000552,2026-07-30 02:59:33.755011,WITHDRAWAL,2403.31,BRANCH,UAE,0
TXN_0000018,ACC_000142,ACC_000522,2026-04-19 01:12:03.755011,DEPOSIT,11814.66,ONLINE,India,0
TXN_0000019,ACC_000643,ACC_000164,2026-04-06 03:23:03.755011,DEPOSIT,2725.4,ONLINE,Singapore,0
TXN_0000020,ACC_000542,ACC_000258,2026-06-06 08:21:46.755011,TRANSFER,1488.07,ONLINE,Hong Kong,0
TXN_0000021,ACC_000274,ACC_000788,2026-07-31 06:26:11.755011,WITHDRAWAL,47041.17,ONLINE,UK,0
TXN_0000022,ACC_000004,ACC_000977,2026-06-03 13:35:52.755011,WITHDRAWAL,6179.97,ATM,UAE,0
TXN_0000023,ACC_000641,ACC_000306,2026-08-23 12:00:10.755011,PAYMENT,8787.05,ATM,UK,0
TXN_0000024,ACC_000977,ACC_000798,2026-06-20 04:46:50.755011,TRANSFER,1466.01,MOBILE,Singapore,0
TXN_0000025,ACC_000900,ACC_000852,2026-05-16 22:42:18.755011,WITHDRAWAL,4216.42,ATM,India,0
TXN_0000026,ACC_000970,ACC_000081,2026-06-25 15:10:01.755011,TRANSFER,9256.74,BRANCH,India,0
TXN_0000027,ACC_000132,ACC_000676,2026-06-18 21:40:58.755011,DEPOSIT,33570.73,ATM,UK,1
TXN_0000028,ACC_000434,ACC_000988,2026-07-03 06:01:29.755011,PAYMENT,12718.81,ATM,Hong Kong,0
TXN_0000029,ACC_000666,ACC_000383,2026-07-15 21:22:49.755011,DEPOSIT,3941.17,BRANCH,India,0
TXN_0000030,ACC_000347,ACC_000022,2026-03-19 21:28:28.755011,PAYMENT,5709.96,ATM,India,0
TXN_0000031,ACC_000061,ACC_000235,2026-07-08 00:14:42.755011,TRANSFER,3936.13,ONLINE,UK,0
TXN_0000032,ACC_000286,ACC_000686,2026-04-22 16:16:27.755011,DEPOSIT,74812.02,ATM,UAE,0
TXN_0000033,ACC_000585,ACC_000591,2026-08-25 19:17:43.755011,DEPOSIT,7972.9,ATM,Singapore,0
TXN_0000034,ACC_000097,ACC_000100,2026-04-13 10:28:00.755011,DEPOSIT,2277.3,MOBILE,Singapore,0
TXN_0000035,ACC_000747,ACC_000056,2026-08-22 04:51:47.755011,TRANSFER,21743.15,ONLINE,Singapore,0
TXN_0000036,ACC_000883,ACC_000112,2026-08-09 22:07:25.755011,PAYMENT,1872.42,ATM,USA,0
TXN_0000037,ACC_000433,ACC_000188,2026-04-03 16:23:20.755011,WITHDRAWAL,10411.19,BRANCH,USA,0
TXN_0000038,ACC_000454,ACC_000828,2026-03-22 02:24:40.755011,TRANSFER,771.55,ONLINE,Hong Kong,0
TXN_0000039,ACC_000096,ACC_000949,2026-08-16 19:15:47.755011,PAYMENT,8595.0,ATM,Singapore,1
TXN_0000040,ACC_000886,ACC_000411,2026-04-17 23:13:36.755011,TRANSFER,10262.31,ATM,Singapore,0
TXN_0000041,ACC_000272,ACC_000949,2026-05-22 06:35:22.755011,DEPOSIT,19656.43,MOBILE,Singapore,0
TXN_0000042,ACC_000803,ACC_000570,2026-07-27 07:29:37.755011,DEPOSIT,9953.13,ATM,USA,0
TXN_0000043,ACC_000594,ACC_000754,2026-03-18 19:38:38.755011,TRANSFER,7053.1,MOBILE,India,0
TXN_0000044,ACC_000515,ACC_000942,2026-06-08 01:05:15.755011,PAYMENT,5645.85,ONLINE,UAE,0
TXN_0000045,ACC_000071,ACC_000610,2026-04-12 13:05:57.755011,TRANSFER,1374.4,ATM,Singapore,0
TXN_0000046,ACC_000584,ACC_000253,2026-08-27 08:07:54.755011,TRANSFER,3415.87,ONLINE,Singapore,0
TXN_0000047,ACC_000536,ACC_000324,2026-06-25 05:14:26.755011,WITHDRAWAL,4662.16,ATM,Hong Kong,0
TXN_0000048,ACC_000272,ACC_000406,2026-04-22 19:26:57.755011,PAYMENT,28811.98,MOBILE,Singapore,0
TXN_0000049,ACC_000959,ACC_000075,2026-07-31 11:02:04.755011,TRANSFER,12238.5,BRANCH,UAE,0
TXN_0000050,ACC_000219,ACC_000519,2026-03-26 21:02:19.755011,WITHDRAWAL,5957.84,ATM,UK,1
TXN_0000051,ACC_000251,ACC_000379,2026-08-25 04:47:18.755011,WITHDRAWAL,11954.95,ATM,Singapore,0
TXN_0000052,ACC_000310,ACC_000627,2026-07-22 01:49:33.755011,TRANSFER,5104.62,MOBILE,Hong Kong,0
TXN_0000053,ACC_000138,ACC_000271,2026-08-24 23:27:37.755011,TRANSFER,3596.42,ONLINE,Hong Kong,0
TXN_0000054,ACC_000289,ACC_000620,2026-04-29 08:19:36.755011,PAYMENT,16882.14,MOBILE,USA,0
TXN_0000055,ACC_000271,ACC_000518,2026-08-20 01:57:14.755011,DEPOSIT,27922.82,MOBILE,India,0
TXN_0000056,ACC_000850,ACC_000284,2026-05-28 17:05:54.755011,TRANSFER,24773.66,ONLINE,UK,0
TXN_0000057,ACC_000269,ACC_000166,2026-07-09 04:15:20.755011,DEPOSIT,2959.98,BRANCH,UAE,0
TXN_0000058,ACC_000968,ACC_000905,2026-03-22 01:45:14.755011,PAYMENT,5591.18,ONLINE,UK,0
TXN_0000059,ACC_000441,ACC_000131,2026-04-05 05:15:33.755011,TRANSFER,12058.39,MOBILE,UK,0
TXN_0000060,ACC_000996,ACC_000882,2026-08-09 01:17:27.755011,TRANSFER,26125.16,MOBILE,USA,0
TXN_0000061,ACC_000106,ACC_000363,2026-07-14 23:13:37.755011,DEPOSIT,4559.6,ATM,USA,0
TXN_0000062,ACC_000831,ACC_000182,2026-08-09 18:50:09.755011,DEPOSIT,6484.75,ONLINE,USA,0
TXN_0000063,ACC_000802,ACC_000954,2026-05-10 23:11:19.755011,DEPOSIT,2148.23,ATM,UK,0
TXN_0000064,ACC_000111,ACC_000392,2026-07-21 15:17:07.755011,TRANSFER,1928.6,BRANCH,USA,0
TXN_0000065,ACC_000472,ACC_000359,2026-09-01 19:23:17.755011,WITHDRAWAL,21483.3,ATM,USA,0
TXN_0000066,ACC_000409,ACC_000337,2026-04-13 23:08:32.755011,WITHDRAWAL,41253.37,ONLINE,UK,0
TXN_0000067,ACC_000410,ACC_000696,2026-06-14 09:05:41.755011,WITHDRAWAL,7432.28,ONLINE,India,0
TXN_0000068,ACC_000183,ACC_000595,2026-04-27 04:26:35.755011,WITHDRAWAL,27017.48,ONLINE,India,0
TXN_0000069,ACC_000747,ACC_000806,2026-05-13 14:06:39.755011,WITHDRAWAL,12505.99,BRANCH,UAE,0
TXN_0000070,ACC_000591,ACC_000195,2026-03-29 22:02:26.755011,WITHDRAWAL,40269.8,ONLINE,Hong Kong,1
TXN_0000071,ACC_000948,ACC_000826,2026-06-16 10:05:47.755011,PAYMENT,12502.39,MOBILE,Singapore,0
TXN_0000072,ACC_000943,ACC_000339,2026-07-14 10:39:51.755011,WITHDRAWAL,51310.15,ONLINE,Hong Kong,0
TXN_0000073,ACC_000317,ACC_000683,2026-06-13 22:27:15.755011,DEPOSIT,7762.1,MOBILE,Singapore,0
TXN_0000074,ACC_000131,ACC_000197,2026-06-23 02:50:29.755011,DEPOSIT,52974.84,BRANCH,Hong Kong,0
TXN_0000075,ACC_000631,ACC_000583,2026-04-10 06:07:06.755011,WITHDRAWAL,349.43,BRANCH,UAE,0
TXN_0000076,ACC_000294,ACC_000216,2026-05-05 11:15:07.755011,DEPOSIT,21726.39,MOBILE,Singapore,0
TXN_0000077,ACC_000219,ACC_000524,2026-07-16 15:44:36.755011,DEPOSIT,8995.29,ATM,Hong Kong,0
TXN_0000078,ACC_000680,ACC_000649,2026-06-15 13:16:21.755011,WITHDRAWAL,5660.07,ONLINE,USA,0
TXN_0000079,ACC_000826,ACC_000204,2026-04-20 01:59:36.755011,PAYMENT,9046.32,ONLINE,India,0
TXN_0000080,ACC_000626,ACC_000871,2026-06-07 17:23:17.755011,TRANSFER,746.14,BRANCH,Singapore,0
TXN_0000081,ACC_000200,ACC_000736,2026-06-27 05:54:47.755011,DEPOSIT,6225.4,BRANCH,Singapore,0
TXN_0000082,ACC_000705,ACC_000006,2026-07-12 20:32:38.755011,TRANSFER,12438.29,BRANCH,USA,0
TXN_0000083,ACC_000531,ACC_000476,2026-07-20 14:16:34.755011,TRANSFER,47737.52,ATM,India,0
TXN_0000084,ACC_000476,ACC_000684,2026-08-10 01:57:51.755011,WITHDRAWAL,4350.63,BRANCH,UAE,0
TXN_0000085,ACC_000517,ACC_000437,2026-08-27 16:12:29.755011,DEPOSIT,3071.15,ATM,Hong Kong,0
TXN_0000086,ACC_000266,ACC_000770,2026-06-02 20:34:09.755011,PAYMENT,4437.7,MOBILE,UAE,0
TXN_0000087,ACC_000282,ACC_000451,2026-04-22 22:03:31.755011,TRANSFER,24306.1,MOBILE,USA,0
TXN_0000088,ACC_000915,ACC_000554,2026-05-08 13:02:48.755011,TRANSFER,12022.09,ATM,USA,0
TXN_0000089,ACC_000157,ACC_000724,2026-07-20 05:07:57.755011,PAYMENT,4291.05,ONLINE,Singapore,0
TXN_0000090,ACC_000478,ACC_000426,2026-06-20 19:50:36.755011,TRANSFER,15001.73,ATM,Singapore,0
TXN_0000091,ACC_000599,ACC_000969,2026-08-03 22:36:01.755011,TRANSFER,9104.22,BRANCH,Singapore,0
TXN_0000092,ACC_000306,ACC_000772,2026-05-14 18:24:25.755011,DEPOSIT,25909.73,BRANCH,UAE,0
TXN_0000093,ACC_000820,ACC_000618,2026-06-21 12:15:11.755011,PAYMENT,3489.58,BRANCH,USA,0
TXN_0000094,ACC_000030,ACC_000399,2026-06-09 18:20:52.755011,WITHDRAWAL,5468.75,BRANCH,Hong Kong,0
TXN_0000095,ACC_000942,ACC_000131,2026-06-06 05:17:17.755011,TRANSFER,5061.76,BRANCH,UAE,0
TXN_0000096,ACC_000086,ACC_000659,2026-03-12 17:23:48.755011,DEPOSIT,1399.38,ATM,Singapore,0
TXN_0000097,ACC_000389,ACC_000336,2026-04-26 23:30:30.755011,PAYMENT,11560.44,BRANCH,UK,0
TXN_0000098,ACC_000389,ACC_000285,2026-08-25 06:30:42.755011,DEPOSIT,11084.09,MOBILE,India,0
TXN_0000099,ACC_000553,ACC_000054,2026-07-30 21:47:53.755011,WITHDRAWAL,8152.96,ATM,Hong Kong,0
TXN_0000100,ACC_000042,ACC_000773,2026-07-12 00:29:20.755011,TRANSFER,6114.97,ATM,USA,0
TXN_0000101,ACC_000157,ACC_000245,2026-07-06 02:43:34.755011,PAYMENT,1482.6,BRANCH,Hong Kong,0
TXN_0000102,ACC_000477,ACC_000717,2026-04-18 18:52:50.755011,WITHDRAWAL,4891.36,MOBILE,USA,0
TXN_0000103,ACC_000736,ACC_000118,2026-07-30 16:40:42.755011,PAYMENT,5370.86,MOBILE,India,0
TXN_0000104,ACC_000590,ACC_000694,2026-05-07 00:55:06.755011,DEPOSIT,3094.15,BRANCH,Hong Kong,0
TXN_0000105,ACC_000708,ACC_000851,2026-06-30 10:28:05.755011,PAYMENT,6677.22,ONLINE,Hong Kong,0
TXN_0000106,ACC_000701,ACC_000615,2026-08-19 13:44:45.755011,TRANSFER,13159.0,ONLINE,UK,0
TXN_0000107,ACC_000380,ACC_000071,2026-07-13 22:00:18.755011,WITHDRAWAL,77918.84,ONLINE,Singapore,0
TXN_0000108,ACC_000444,ACC_000984,2026-03-27 22:56:20.755011,WITHDRAWAL,9991.53,BRANCH,Hong Kong,0
TXN_0000109,ACC_000752,ACC_000535,2026-04-10 15:56:59.755011,WITHDRAWAL,11037.57,BRANCH,Singapore,0
TXN_0000110,ACC_000607,ACC_000275,2026-07-27 09:55:16.755011,WITHDRAWAL,7410.59,ATM,India,0
TXN_0000111,ACC_000250,ACC_000769,2026-06-02 23:58:54.755011,DEPOSIT,810.36,BRANCH,UK,0
TXN_0000112,ACC_000333,ACC_000187,2026-08-19 16:49:11.755011,DEPOSIT,7849.33,ATM,UK,0
TXN_0000113,ACC_000287,ACC_000902,2026-05-12 13:11:10.755011,WITHDRAWAL,8710.43,ONLINE,UAE,0
TXN_0000114,ACC_000248,ACC_000738,2026-03-24 02:04:39.755011,DEPOSIT,155731.79,BRANCH,UAE,0
TXN_0000115,ACC_000488,ACC_000662,2026-07-19 13:33:54.755011,DEPOSIT,6432.81,BRANCH,India,0
TXN_0000116,ACC_000415,ACC_000709,2026-04-19 11:48:22.755011,PAYMENT,11635.97,MOBILE,Hong Kong,0
TXN_0000117,ACC_000567,ACC_000544,2026-06-07 08:38:45.755011,WITHDRAWAL,7772.49,BRANCH,Hong Kong,0
TXN_0000118,ACC_000720,ACC_000465,2026-05-14 18:38:53.755011,WITHDRAWAL,1993.38,MOBILE,UK,0
TXN_0000119,ACC_000198,ACC_000324,2026-07-25 12:31:15.755011,TRANSFER,31932.75,ATM,USA,0
TXN_0000120,ACC_000284,ACC_000742,2026-06-09 11:37:16.755011,WITHDRAWAL,19976.66,ONLINE,USA,0
TXN_0000121,ACC_000184,ACC_000310,2026-05-16 12:55:11.755011,TRANSFER,20936.27,ATM,UK,0
TXN_0000122,ACC_000567,ACC_000300,2026-03-18 01:12:06.755011,PAYMENT,2720.95,BRANCH,India,0
TXN_0000123,ACC_000292,ACC_000481,2026-06-26 22:25:31.755011,DEPOSIT,43623.58,BRANCH,UK,0
TXN_0000124,ACC_000259,ACC_000964,2026-03-17 10:31:30.755011,DEPOSIT,1506.85,ONLINE,India,0
TXN_0000125,ACC_000591,ACC_000645,2026-03-21 20:20:24.755011,TRANSFER,16386.75,ATM,USA,0
TXN_0000126,ACC_000088,ACC_000255,2026-05-05 11:04:06.755011,TRANSFER,112257.07,BRANCH,UAE,0
TXN_0000127,ACC_000232,ACC_000795,2026-07-05 13:07:50.755011,DEPOSIT,2468.48,BRANCH,Singapore,0
TXN_0000128,ACC_000440,ACC_000313,2026-06-29 17:49:05.755011,TRANSFER,4106.98,ONLINE,USA,0
TXN_0000129,ACC_000677,ACC_000084,2026-04-27 20:25:57.755011,PAYMENT,9132.38,ATM,USA,0
TXN_0000130,ACC_000003,ACC_000419,2026-04-06 20:35:13.755011,DEPOSIT,4428.56,BRANCH,UK,0
TXN_0000131,ACC_000724,ACC_000290,2026-05-02 09:45:29.755011,DEPOSIT,1260.42,ONLINE,Hong Kong,0
TXN_0000132,ACC_000807,ACC_000811,2026-04-27 20:00:22.755011,PAYMENT,8797.96,BRANCH,India,0
TXN_0000133,ACC_000153,ACC_000931,2026-07-11 05:17:19.755011,WITHDRAWAL,2264.79,ATM,India,0
TXN_0000134,ACC_000315,ACC_000610,2026-08-08 09:00:32.755011,WITHDRAWAL,14304.23,BRANCH,India,0
TXN_0000135,ACC_000717,ACC_000413,2026-05-05 12:15:35.755011,WITHDRAWAL,2688.37,BRANCH,Singapore,0
TXN_0000136,ACC_000911,ACC_000443,2026-03-15 04:51:24.755011,WITHDRAWAL,52047.98,MOBILE,India,0
TXN_0000137,ACC_000857,ACC_000882,2026-07-16 09:33:01.755011,TRANSFER,3165.59,MOBILE,UAE,0
TXN_0000138,ACC_000180,ACC_000482,2026-08-01 07:33:37.755011,DEPOSIT,5505.63,MOBILE,USA,0
TXN_0000139,ACC_000504,ACC_000993,2026-05-31 02:27:48.755011,TRANSFER,312346.88,BRANCH,UK,1
TXN_0000140,ACC_000687,ACC_000108,2026-05-08 19:19:55.755011,PAYMENT,1850.04,MOBILE,Singapore,0
TXN_0000141,ACC_000679,ACC_000968,2026-05-02 10:17:04.755011,DEPOSIT,10646.13,ONLINE,Singapore,0
TXN_0000142,ACC_000332,ACC_000119,2026-04-25 11:21:22.755011,DEPOSIT,38893.07,ONLINE,Hong Kong,0
TXN_0000143,ACC_000424,ACC_000056,2026-06-05 04:03:28.755011,PAYMENT,1177.35,MOBILE,UAE,0
TXN_0000144,ACC_000453,ACC_000779,2026-07-06 21:42:29.755011,TRANSFER,10112.83,ATM,UK,0
TXN_0000145,ACC_000449,ACC_000902,2026-05-02 09:24:19.755011,DEPOSIT,11068.51,ONLINE,India,0
TXN_0000146,ACC_000727,ACC_000163,2026-07-03 16:38:23.755011,WITHDRAWAL,351791.91,ONLINE,UAE,1
TXN_0000147,ACC_000862,ACC_000935,2026-04-20 02:16:23.755011,TRANSFER,1836.58,BRANCH,India,0
TXN_0000148,ACC_000511,ACC_000956,2026-04-06 08:38:58.755011,WITHDRAWAL,1661.46,MOBILE,Singapore,0
TXN_0000149,ACC_000250,ACC_000468,2026-06-07 03:47:45.755011,PAYMENT,15158.7,BRANCH,USA,0
TXN_0000150,ACC_000765,ACC_000901,2026-06-14 03:39:59.755011,PAYMENT,11572.44,ONLINE,UK,0
TXN_0000151,ACC_000425,ACC_000349,2026-08-20 08:56:33.755011,WITHDRAWAL,10944.49,ONLINE,UK,0
TXN_0000152,ACC_000602,ACC_000594,2026-08-17 02:00:46.755011,DEPOSIT,12280.13,ATM,Singapore,0
TXN_0000153,ACC_000341,ACC_000566,2026-05-13 11:29:10.755011,DEPOSIT,3583.05,BRANCH,UK,0
TXN_0000154,ACC_000245,ACC_000586,2026-07-20 21:40:13.755011,DEPOSIT,10707.55,ATM,Singapore,0
TXN_0000155,ACC_000485,ACC_000723,2026-07-30 01:40:11.755011,DEPOSIT,11518.24,BRANCH,Hong Kong,0
TXN_0000156,ACC_000156,ACC_000508,2026-07-12 01:43:15.755011,TRANSFER,3438.46,ATM,UAE,0
TXN_0000157,ACC_000896,ACC_000866,2026-05-10 22:17:58.755011,DEPOSIT,1372063.06,ONLINE,UAE,1
TXN_0000158,ACC_000740,ACC_000148,2026-03-10 10:37:01.755011,DEPOSIT,14308.36,ATM,India,0
TXN_0000159,ACC_000347,ACC_000639,2026-04-27 22:11:16.755011,DEPOSIT,1939.99,ONLINE,UK,0
TXN_0000160,ACC_000547,ACC_000390,2026-08-21 07:55:01.755011,WITHDRAWAL,17816.22,BRANCH,UAE,0
TXN_0000161,ACC_000241,ACC_000647,2026-03-20 17:57:21.755011,WITHDRAWAL,2515.89,ATM,Hong Kong,0
TXN_0000162,ACC_000779,ACC_000649,2026-03-26 13:52:13.755011,TRANSFER,20837.33,BRANCH,USA,0
TXN_0000163,ACC_000030,ACC_000048,2026-08-29 21:21:12.755011,WITHDRAWAL,32542.91,ONLINE,UK,0
TXN_0000164,ACC_000150,ACC_000251,2026-05-30 02:14:17.755011,DEPOSIT,3026.56,ATM,USA,0
TXN_0000165,ACC_000892,ACC_000392,2026-07-03 19:31:47.755011,PAYMENT,25746.43,BRANCH,UAE,0
TXN_0000166,ACC_000654,ACC_000261,2026-06-05 00:12:23.755011,DEPOSIT,13297.58,MOBILE,Hong Kong,0
TXN_0000167,ACC_000477,ACC_000923,2026-08-10 16:57:14.755011,WITHDRAWAL,21730.5,ATM,India,0
TXN_0000168,ACC_000602,ACC_000307,2026-05-13 13:32:41.755011,DEPOSIT,78916.97,MOBILE,Singapore,0
TXN_0000169,ACC_000394,ACC_000874,2026-04-15 03:30:38.755011,DEPOSIT,6036.23,ONLINE,USA,0
TXN_0000170,ACC_000589,ACC_000303,2026-05-16 03:57:47.755011,WITHDRAWAL,3279.73,ONLINE,Hong Kong,0
TXN_0000171,ACC_000580,ACC_000886,2026-03-09 00:49:53.755011,TRANSFER,2786.61,BRANCH,UK,0
TXN_0000172,ACC_000622,ACC_000822,2026-04-21 03:31:17.755011,WITHDRAWAL,3044.3,ATM,Hong Kong,0
TXN_0000173,ACC_000695,ACC_000774,2026-04-25 03:05:51.755011,PAYMENT,7387.01,ONLINE,Hong Kong,0
TXN_0000174,ACC_000808,ACC_000452,2026-05-06 10:49:25.755011,TRANSFER,12202.33,MOBILE,Hong Kong,0
TXN_0000175,ACC_000303,ACC_000335,2026-08-31 02:15:54.755011,DEPOSIT,11294.02,ATM,USA,0
TXN_0000176,ACC_000898,ACC_000995,2026-06-20 04:54:52.755011,WITHDRAWAL,21864.51,MOBILE,USA,0
TXN_0000177,ACC_000967,ACC_000494,2026-08-14 14:25:31.755011,WITHDRAWAL,8230.5,MOBILE,India,0
TXN_0000178,ACC_000145,ACC_000773,2026-03-22 02:00:45.755011,PAYMENT,46362.25,BRANCH,UAE,0
TXN_0000179,ACC_000405,ACC_000015,2026-08-07 23:56:14.755011,WITHDRAWAL,5898.25,ONLINE,Singapore,0
TXN_0000180,ACC_000689,ACC_000269,2026-07-30 21:44:21.755011,DEPOSIT,211970.63,MOBILE,India,0
TXN_0000181,ACC_000026,ACC_000635,2026-06-07 00:20:01.755011,WITHDRAWAL,17167.97,ATM,Hong Kong,0
TXN_0000182,ACC_000476,ACC_000932,2026-08-14 10:32:11.755011,WITHDRAWAL,2896.94,BRANCH,India,0
TXN_0000183,ACC_000312,ACC_000505,2026-03-14 16:30:47.755011,TRANSFER,2241.56,ONLINE,USA,0
TXN_0000184,ACC_000398,ACC_000465,2026-04-02 19:19:57.755011,WITHDRAWAL,14457.48,BRANCH,UAE,0
TXN_0000185,ACC_000907,ACC_000425,2026-04-06 11:13:16.755011,TRANSFER,6197.15,BRANCH,UAE,0
TXN_0000186,ACC_000034,ACC_000707,2026-04-30 18:46:32.755011,WITHDRAWAL,19087.72,ATM,Singapore,0
TXN_0000187,ACC_000876,ACC_000372,2026-04-22 07:27:24.755011,TRANSFER,14298.15,MOBILE,UAE,0
TXN_0000188,ACC_000368,ACC_000063,2026-07-10 16:12:10.755011,DEPOSIT,7424.98,MOBILE,USA,0
TXN_0000189,ACC_000094,ACC_000679,2026-08-19 03:12:47.755011,PAYMENT,50928.59,ONLINE,India,1
TXN_0000190,ACC_000129,ACC_000806,2026-04-23 18:12:19.755011,PAYMENT,1315.78,ONLINE,UAE,0
TXN_0000191,ACC_000833,ACC_000891,2026-04-18 09:29:54.755011,PAYMENT,4741.85,MOBILE,USA,0
TXN_0000192,ACC_000003,ACC_000284,2026-07-01 04:34:04.755011,PAYMENT,22644.64,ATM,UAE,0
TXN_0000193,ACC_000113,ACC_000677,2026-04-10 08:18:27.755011,TRANSFER,10476.74,ATM,India,0
TXN_0000194,ACC_000244,ACC_000603,2026-08-07 13:26:58.755011,WITHDRAWAL,1817.31,ONLINE,USA,0
TXN_0000195,ACC_000760,ACC_000432,2026-04-01 01:49:47.755011,TRANSFER,9974.8,ONLINE,Singapore,0
TXN_0000196,ACC_000526,ACC_000608,2026-05-16 18:18:58.755011,TRANSFER,12866.48,BRANCH,UAE,0
TXN_0000197,ACC_000045,ACC_000745,2026-07-04 21:41:52.755011,WITHDRAWAL,2805.6,BRANCH,Hong Kong,0
TXN_0000198,ACC_000868,ACC_000412,2026-03-19 06:33:32.755011,DEPOSIT,194685.83,ONLINE,Singapore,1
TXN_0000199,ACC_000076,ACC_000921,2026-06-01 14:14:33.755011,TRANSFER,8689.32,MOBILE,UAE,0
TXN_0000200,ACC_000282,ACC_000640,2026-03-31 23:11:15.755011,WITHDRAWAL,2055.83,BRANCH,UAE,0
TXN_0000201,ACC_000518,ACC_000620,2026-06-03 13:33:33.755011,DEPOSIT,12448.37,ONLINE,Hong Kong,0
TXN_0000202,ACC_000667,ACC_000899,2026-07-12 14:16:32.755011,PAYMENT,15882.0,BRANCH,Singapore,0
TXN_0000203,ACC_000348,ACC_000848,2026-05-26 19:36:11.755011,DEPOSIT,29722.56,BRANCH,Singapore,0
TXN_0000204,ACC_000438,ACC_000321,2026-05-07 03:40:23.755011,WITHDRAWAL,28697.42,MOBILE,USA,0
TXN_0000205,ACC_000069,ACC_000094,2026-06-07 13:20:26.755011,TRANSFER,1551.22,ONLINE,Singapore,0
TXN_0000206,ACC_000382,ACC_000832,2026-07-28 22:07:52.755011,PAYMENT,2629.66,ONLINE,UAE,0
TXN_0000207,ACC_000126,ACC_000421,2026-06-24 12:43:35.755011,WITHDRAWAL,149504.39,BRANCH,Hong Kong,1
TXN_0000208,ACC_000615,ACC_000320,2026-05-02 07:32:32.755011,WITHDRAWAL,15011.07,ONLINE,UAE,0
TXN_0000209,ACC_000673,ACC_000494,2026-04-06 12:11:13.755011,PAYMENT,15033.81,ONLINE,UK,0
TXN_0000210,ACC_000118,ACC_000781,2026-05-17 20:03:03.755011,WITHDRAWAL,825114.78,ATM,Singapore,0
TXN_0000211,ACC_000839,ACC_000637,2026-08-03 11:35:13.755011,TRANSFER,16075.77,MOBILE,India,0
TXN_0000212,ACC_000781,ACC_000317,2026-07-21 21:54:21.755011,WITHDRAWAL,31655.87,MOBILE,India,0
TXN_0000213,ACC_000580,ACC_000674,2026-04-04 06:41:33.755011,DEPOSIT,25458.43,ONLINE,USA,0
TXN_0000214,ACC_000094,ACC_000765,2026-03-13 09:57:52.755011,PAYMENT,17706.19,BRANCH,Singapore,0
TXN_0000215,ACC_000379,ACC_000320,2026-04-07 00:40:21.755011,WITHDRAWAL,5550.69,ONLINE,India,0
TXN_0000216,ACC_000633,ACC_000051,2026-07-31 23:01:05.755011,TRANSFER,20146.04,MOBILE,Singapore,0
TXN_0000217,ACC_000622,ACC_000453,2026-06-09 18:26:23.755011,DEPOSIT,3205.46,MOBILE,USA,0
TXN_0000218,ACC_000354,ACC_000441,2026-03-29 13:31:12.755011,TRANSFER,6098.62,MOBILE,Hong Kong,0
TXN_0000219,ACC_000540,ACC_000684,2026-06-09 22:57:54.755011,WITHDRAWAL,4525.86,ONLINE,USA,0
TXN_0000220,ACC_000057,ACC_000008,2026-07-01 20:08:56.755011,PAYMENT,8939.63,MOBILE,USA,0
TXN_0000221,ACC_000262,ACC_000297,2026-08-02 20:20:24.755011,WITHDRAWAL,130299.42,ONLINE,India,0
TXN_0000222,ACC_000180,ACC_000133,2026-05-30 02:05:24.755011,DEPOSIT,862.02,ATM,UAE,0
TXN_0000223,ACC_000826,ACC_000363,2026-07-15 04:25:20.755011,TRANSFER,18462.78,BRANCH,Hong Kong,0
TXN_0000224,ACC_000471,ACC_000944,2026-03-11 02:26:02.755011,TRANSFER,1169.98,MOBILE,UAE,0
TXN_0000225,ACC_000727,ACC_000656,2026-05-24 23:50:22.755011,DEPOSIT,4599.4,MOBILE,India,0
TXN_0000226,ACC_000176,ACC_000821,2026-05-09 12:37:17.755011,DEPOSIT,29933.72,MOBILE,India,0
TXN_0000227,ACC_000250,ACC_000447,2026-03-28 00:27:00.755011,DEPOSIT,8752.86,ONLINE,Singapore,0
TXN_0000228,ACC_000348,ACC_000227,2026-07-30 06:47:40.755011,WITHDRAWAL,2223.21,ATM,India,0
TXN_0000229,ACC_000544,ACC_000523,2026-03-29 14:29:41.755011,PAYMENT,3434.53,MOBILE,UK,0
TXN_0000230,ACC_000661,ACC_000835,2026-08-13 11:40:09.755011,PAYMENT,18315.76,ATM,India,0
TXN_0000231,ACC_000178,ACC_000617,2026-04-14 18:26:43.755011,PAYMENT,3373.01,ONLINE,USA,0
TXN_0000232,ACC_000773,ACC_000578,2026-07-07 09:32:44.755011,DEPOSIT,130404.23,MOBILE,Hong Kong,1
TXN_0000233,ACC_000070,ACC_000481,2026-05-31 20:32:07.755011,DEPOSIT,8558.55,MOBILE,UK,0
TXN_0000234,ACC_000520,ACC_000076,2026-05-14 19:15:42.755011,WITHDRAWAL,3707.38,BRANCH,Singapore,0
TXN_0000235,ACC_000852,ACC_000294,2026-05-18 01:32:02.755011,TRANSFER,106163.21,ONLINE,UAE,0
TXN_0000236,ACC_000474,ACC_000595,2026-05-21 02:54:37.755011,TRANSFER,17338.81,BRANCH,UAE,0
TXN_0000237,ACC_000620,ACC_000488,2026-05-08 21:30:55.755011,PAYMENT,713.25,ONLINE,Singapore,0
TXN_0000238,ACC_000858,ACC_000352,2026-08-29 01:19:37.755011,TRANSFER,10134.95,ATM,India,0
TXN_0000239,ACC_000450,ACC_000537,2026-05-31 11:11:37.755011,PAYMENT,3662.34,MOBILE,UK,0
TXN_0000240,ACC_000419,ACC_000794,2026-05-21 16:35:03.755011,WITHDRAWAL,22537.14,ONLINE,Hong Kong,0
TXN_0000241,ACC_000338,ACC_000097,2026-03-20 06:15:49.755011,DEPOSIT,3130.58,MOBILE,UK,0
TXN_0000242,ACC_000988,ACC_000929,2026-07-12 22:54:09.755011,PAYMENT,7060.82,MOBILE,India,0
TXN_0000243,ACC_000939,ACC_000359,2026-04-03 22:11:46.755011,WITHDRAWAL,14853.41,BRANCH,USA,0
TXN_0000244,ACC_000318,ACC_000573,2026-03-23 21:54:41.755011,DEPOSIT,22900.32,MOBILE,USA,0
TXN_0000245,ACC_000970,ACC_000757,2026-08-15 10:19:15.755011,TRANSFER,1919.16,BRANCH,UAE,0
TXN_0000246,ACC_000317,ACC_000185,2026-05-16 20:55:11.755011,PAYMENT,5424.05,MOBILE,Singapore,0
TXN_0000247,ACC_000159,ACC_000080,2026-04-03 04:11:35.755011,WITHDRAWAL,4582.8,ONLINE,UAE,0
TXN_0000248,ACC_000757,ACC_000905,2026-08-16 15:01:57.755011,TRANSFER,3699.69,MOBILE,UAE,0
TXN_0000249,ACC_000158,ACC_000167,2026-05-19 14:44:02.755011,PAYMENT,67409.76,ATM,Hong Kong,0
TXN_0000250,ACC_000374,ACC_000693,2026-05-26 05:49:55.755011,PAYMENT,13173.7,BRANCH,UAE,0
TXN_0000251,ACC_000803,ACC_000460,2026-07-30 19:31:30.755011,PAYMENT,1784.58,ATM,UK,0
TXN_0000252,ACC_000856,ACC_000199,2026-08-06 18:31:20.755011,WITHDRAWAL,293394.33,BRANCH,Singapore,1
TXN_0000253,ACC_000392,ACC_000515,2026-08-05 13:24:47.755011,DEPOSIT,103423.49,ATM,USA,0
TXN_0000254,ACC_000894,ACC_000257,2026-04-03 08:04:34.755011,TRANSFER,27971.97,BRANCH,UK,0
TXN_0000255,ACC_000729,ACC_000867,2026-03-27 09:11:42.755011,TRANSFER,1308.66,MOBILE,India,0
TXN_0000256,ACC_000461,ACC_000928,2026-04-29 10:23:30.755011,PAYMENT,4532.0,BRANCH,India,0
TXN_0000257,ACC_000837,ACC_000462,2026-04-19 13:51:51.755011,WITHDRAWAL,37060.0,ONLINE,Singapore,0
TXN_0000258,ACC_000383,ACC_000242,2026-06-12 22:36:53.755011,DEPOSIT,3466.14,ONLINE,UK,0
TXN_0000259,ACC_000954,ACC_000102,2026-05-08 08:16:16.755011,WITHDRAWAL,13802.2,ATM,USA,0
TXN_0000260,ACC_000850,ACC_000484,2026-09-01 14:28:05.755011,PAYMENT,20528.32,BRANCH,Singapore,0
TXN_0000261,ACC_000082,ACC_000020,2026-08-30 08:41:38.755011,WITHDRAWAL,2664.26,ATM,USA,0
TXN_0000262,ACC_000624,ACC_000541,2026-07-26 16:15:07.755011,DEPOSIT,7544.47,ONLINE,UK,0
TXN_0000263,ACC_000049,ACC_000245,2026-03-31 02:56:48.755011,DEPOSIT,165.75,BRANCH,India,0
TXN_0000264,ACC_000512,ACC_000612,2026-08-30 05:22:56.755011,TRANSFER,2370.21,ATM,Hong Kong,0
TXN_0000265,ACC_000002,ACC_000630,2026-05-29 19:29:25.755011,WITHDRAWAL,5984.44,ATM,UAE,0
TXN_0000266,ACC_000685,ACC_000088,2026-07-14 11:17:12.755011,WITHDRAWAL,1812.86,ONLINE,UAE,0
TXN_0000267,ACC_000520,ACC_000568,2026-08-07 04:02:21.755011,TRANSFER,57462.83,BRANCH,Singapore,0
TXN_0000268,ACC_000383,ACC_000260,2026-05-21 14:05:23.755011,TRANSFER,1456.56,MOBILE,India,0
TXN_0000269,ACC_000673,ACC_000644,2026-07-27 18:50:41.755011,TRANSFER,4778.81,MOBILE,USA,0
TXN_0000270,ACC_000347,ACC_000834,2026-06-21 11:42:02.755011,PAYMENT,9479.52,BRANCH,Hong Kong,0
TXN_0000271,ACC_000831,ACC_000139,2026-04-11 20:34:09.755011,TRANSFER,45685.12,BRANCH,India,0
TXN_0000272,ACC_000811,ACC_000205,2026-03-15 23:14:39.755011,TRANSFER,1446.59,MOBILE,UK,0
TXN_0000273,ACC_000557,ACC_000485,2026-08-12 19:09:35.755011,WITHDRAWAL,32721.79,ONLINE,Hong Kong,0
TXN_0000274,ACC_000883,ACC_000800,2026-05-15 18:42:44.755011,TRANSFER,8203.2,MOBILE,UK,0
TXN_0000275,ACC_000448,ACC_000911,2026-05-17 22:11:09.755011,DEPOSIT,2495.36,BRANCH,Singapore,0
TXN_0000276,ACC_000509,ACC_000709,2026-04-12 17:43:24.755011,DEPOSIT,14108.38,MOBILE,UAE,0
TXN_0000277,ACC_000745,ACC_000435,2026-03-23 12:05:23.755011,TRANSFER,10289.42,BRANCH,UAE,0
TXN_0000278,ACC_000329,ACC_000106,2026-04-11 12:04:49.755011,TRANSFER,51979.32,MOBILE,Hong Kong,1
TXN_0000279,ACC_000618,ACC_000735,2026-06-02 01:12:37.755011,DEPOSIT,8811.06,ATM,Hong Kong,0
TXN_0000280,ACC_000044,ACC_000745,2026-06-02 06:52:02.755011,WITHDRAWAL,5103.2,BRANCH,UK,0
TXN_0000281,ACC_000971,ACC_000059,2026-08-08 03:38:46.755011,TRANSFER,9285.61,BRANCH,UK,0
TXN_0000282,ACC_000696,ACC_000164,2026-07-31 01:52:12.755011,TRANSFER,17935.85,ATM,UAE,0
TXN_0000283,ACC_000036,ACC_000130,2026-05-31 13:07:32.755011,TRANSFER,54351.1,ATM,Hong Kong,0
TXN_0000284,ACC_000973,ACC_000581,2026-05-20 19:19:22.755011,TRANSFER,1834.67,ATM,Hong Kong,0
TXN_0000285,ACC_000381,ACC_000455,2026-05-18 11:54:43.755011,TRANSFER,104782.29,ATM,UAE,0
TXN_0000286,ACC_000666,ACC_000286,2026-05-07 12:14:04.755011,PAYMENT,778.6,ONLINE,India,0
TXN_0000287,ACC_000531,ACC_000397,2026-06-12 08:48:20.755011,TRANSFER,6753.78,MOBILE,UK,0
TXN_0000288,ACC_000627,ACC_000293,2026-04-18 03:03:46.755011,DEPOSIT,16415.49,ATM,India,0
TXN_0000289,ACC_000463,ACC_000177,2026-03-21 20:11:59.755011,DEPOSIT,11352.47,ONLINE,Hong Kong,0
TXN_0000290,ACC_000727,ACC_000067,2026-05-08 12:28:45.755011,WITHDRAWAL,57640.69,MOBILE,USA,1
TXN_0000291,ACC_000654,ACC_000179,2026-07-21 10:21:01.755011,WITHDRAWAL,6312.29,ATM,India,0
TXN_0000292,ACC_000810,ACC_000506,2026-08-08 06:23:08.755011,TRANSFER,31764.9,MOBILE,UAE,1
TXN_0000293,ACC_000823,ACC_000565,2026-06-06 05:21:40.755011,PAYMENT,3994.85,ONLINE,India,0
TXN_0000294,ACC_000737,ACC_000491,2026-07-24 16:14:41.755011,DEPOSIT,22460.7,BRANCH,UAE,0
TXN_0000295,ACC_000658,ACC_000076,2026-05-08 00:32:53.755011,DEPOSIT,12436.84,BRANCH,Hong Kong,0
TXN_0000296,ACC_000900,ACC_000849,2026-04-01 09:10:29.755011,PAYMENT,3528.08,ATM,Singapore,0
TXN_0000297,ACC_000057,ACC_000852,2026-08-23 01:15:06.755011,TRANSFER,23849.53,ATM,UK,0
TXN_0000298,ACC_000958,ACC_000727,2026-05-09 02:48:01.755011,PAYMENT,11716.57,MOBILE,UAE,0
TXN_0000299,ACC_000081,ACC_000257,2026-08-18 17:25:44.755011,PAYMENT,21491.97,MOBILE,USA,0
TXN_0000300,ACC_000547,ACC_000096,2026-07-04 18:32:07.755011,PAYMENT,17249.78,ATM,USA,0
TXN_0000301,ACC_000924,ACC_000620,2026-07-25 09:29:03.755011,WITHDRAWAL,2996.52,ONLINE,India,0
TXN_0000302,ACC_000790,ACC_000591,2026-07-10 00:28:59.755011,WITHDRAWAL,4137.23,ATM,UAE,0
TXN_0000303,ACC_000032,ACC_000510,2026-07-09 13:00:25.755011,WITHDRAWAL,19865.75,MOBILE,Singapore,0
TXN_0000304,ACC_000702,ACC_000416,2026-08-11 05:36:45.755011,WITHDRAWAL,16855.7,BRANCH,India,0
TXN_0000305,ACC_000451,ACC_000426,2026-04-07 03:48:01.755011,DEPOSIT,7902.37,BRANCH,USA,0
TXN_0000306,ACC_000321,ACC_000883,2026-04-04 08:38:12.755011,WITHDRAWAL,9328.16,MOBILE,Singapore,0
TXN_0000307,ACC_000528,ACC_000576,2026-05-18 09:56:04.755011,TRANSFER,37541.34,MOBILE,USA,0
TXN_0000308,ACC_000461,ACC_000254,2026-04-28 09:36:02.755011,PAYMENT,3984.29,ONLINE,India,0
TXN_0000309,ACC_000885,ACC_000631,2026-05-21 01:21:36.755011,DEPOSIT,15623.27,ATM,USA,0
TXN_0000310,ACC_000739,ACC_000321,2026-06-27 15:18:32.755011,PAYMENT,6357.36,ATM,Singapore,0
TXN_0000311,ACC_000316,ACC_000510,2026-06-06 02:36:30.755011,TRANSFER,77887.53,ONLINE,Singapore,1
TXN_0000312,ACC_000221,ACC_000598,2026-04-23 04:58:08.755011,WITHDRAWAL,30288.77,ONLINE,India,0
TXN_0000313,ACC_000904,ACC_000864,2026-07-01 11:43:53.755011,DEPOSIT,21818.2,MOBILE,UAE,0
TXN_0000314,ACC_000442,ACC_000138,2026-03-28 08:03:53.755011,WITHDRAWAL,21508.67,MOBILE,Singapore,0
TXN_0000315,ACC_000053,ACC_000584,2026-05-24 05:56:16.755011,PAYMENT,38815.49,MOBILE,UAE,0
TXN_0000316,ACC_000517,ACC_000462,2026-05-21 11:36:29.755011,WITHDRAWAL,8309.91,ONLINE,USA,0
TXN_0000317,ACC_000348,ACC_000572,2026-05-22 22:48:59.755011,WITHDRAWAL,194659.37,ATM,USA,1
TXN_0000318,ACC_000513,ACC_000042,2026-05-24 09:41:29.755011,TRANSFER,5584.11,ONLINE,USA,0
TXN_0000319,ACC_000486,ACC_000532,2026-08-10 13:50:40.755011,DEPOSIT,11956.13,ATM,UAE,0
TXN_0000320,ACC_000336,ACC_000954,2026-04-03 14:31:07.755011,WITHDRAWAL,6931.48,ATM,Singapore,0
TXN_0000321,ACC_000608,ACC_000345,2026-07-29 00:34:12.755011,DEPOSIT,160573.9,MOBILE,Singapore,1
TXN_0000322,ACC_000340,ACC_000690,2026-05-17 23:45:50.755011,TRANSFER,16550.78,BRANCH,UAE,0
TXN_0000323,ACC_000743,ACC_000894,2026-08-28 23:39:01.755011,TRANSFER,3035.51,BRANCH,UK,0
TXN_0000324,ACC_000593,ACC_000592,2026-08-06 11:41:21.755011,PAYMENT,1954054.38,ONLINE,UAE,1
TXN_0000325,ACC_000645,ACC_000739,2026-06-17 06:11:31.755011,DEPOSIT,2423.04,ATM,Hong Kong,0
TXN_0000326,ACC_000971,ACC_000718,2026-06-26 15:27:47.755011,TRANSFER,1887.43,ATM,India,0
TXN_0000327,ACC_000156,ACC_000423,2026-05-27 18:44:59.755011,PAYMENT,32523.98,BRANCH,UAE,0
TXN_0000328,ACC_000483,ACC_000894,2026-09-02 05:01:50.755011,TRANSFER,20952.12,ATM,UAE,0
TXN_0000329,ACC_000679,ACC_000490,2026-05-09 13:55:58.755011,DEPOSIT,17136.12,MOBILE,USA,0
TXN_0000330,ACC_000351,ACC_000560,2026-06-18 23:38:39.755011,WITHDRAWAL,17223.23,MOBILE,UAE,0
TXN_0000331,ACC_000286,ACC_000572,2026-04-24 07:57:16.755011,WITHDRAWAL,7984.87,ATM,UK,0
TXN_0000332,ACC_000213,ACC_000707,2026-07-22 08:10:07.755011,DEPOSIT,2760.85,MOBILE,Singapore,0
TXN_0000333,ACC_000739,ACC_000281,2026-08-08 21:56:59.755011,WITHDRAWAL,8874.75,ONLINE,UAE,0
TXN_0000334,ACC_000918,ACC_000405,2026-05-20 04:35:43.755011,WITHDRAWAL,3595.38,ATM,UK,0
TXN_0000335,ACC_000081,ACC_000355,2026-07-24 03:13:54.755011,DEPOSIT,26111.83,MOBILE,Hong Kong,0
TXN_0000336,ACC_000848,ACC_000552,2026-04-15 16:47:50.755011,WITHDRAWAL,6792.21,MOBILE,USA,0
TXN_0000337,ACC_000601,ACC_000246,2026-07-29 07:53:39.755011,PAYMENT,3009.12,ONLINE,Hong Kong,0
TXN_0000338,ACC_000654,ACC_000239,2026-04-20 06:47:53.755011,TRANSFER,5510.09,ONLINE,Singapore,0
TXN_0000339,ACC_000103,ACC_000698,2026-06-07 04:39:14.755011,PAYMENT,13299.98,ONLINE,UAE,0
TXN_0000340,ACC_000958,ACC_000902,2026-04-07 03:09:03.755011,DEPOSIT,45743.33,BRANCH,Hong Kong,1
TXN_0000341,ACC_000329,ACC_000293,2026-05-02 05:45:04.755011,TRANSFER,3020.98,ONLINE,Hong Kong,0
TXN_0000342,ACC_000757,ACC_000741,2026-06-19 09:04:57.755011,TRANSFER,10855.47,ATM,Singapore,0
TXN_0000343,ACC_000957,ACC_000942,2026-04-10 14:19:37.755011,TRANSFER,10872.15,BRANCH,Singapore,0
TXN_0000344,ACC_000986,ACC_000894,2026-07-30 21:42:00.755011,WITHDRAWAL,4410.17,ONLINE,India,0
TXN_0000345,ACC_000110,ACC_000951,2026-07-02 12:15:52.755011,WITHDRAWAL,4604.34,MOBILE,Singapore,0
TXN_0000346,ACC_000911,ACC_000962,2026-06-20 23:03:21.755011,PAYMENT,137716.55,BRANCH,UK,1
TXN_0000347,ACC_000339,ACC_000167,2026-03-29 08:03:51.755011,DEPOSIT,1425.53,MOBILE,Hong Kong,0
TXN_0000348,ACC_000346,ACC_000810,2026-07-28 11:58:49.755011,WITHDRAWAL,1496.74,ATM,USA,0
TXN_0000349,ACC_000919,ACC_000416,2026-07-09 11:46:12.755011,DEPOSIT,3421.61,MOBILE,India,0
TXN_0000350,ACC_000190,ACC_000144,2026-03-25 23:37:08.755011,DEPOSIT,6272.08,MOBILE,USA,0
TXN_0000351,ACC_000242,ACC_000458,2026-05-20 22:40:42.755011,WITHDRAWAL,11767.41,MOBILE,UK,0
TXN_0000352,ACC_000012,ACC_000268,2026-06-26 16:53:39.755011,WITHDRAWAL,47592.36,ATM,India,0
TXN_0000353,ACC_000315,ACC_000164,2026-06-05 19:59:24.755011,DEPOSIT,22678.93,MOBILE,Hong Kong,0
TXN_0000354,ACC_000964,ACC_000303,2026-09-01 08:34:09.755011,WITHDRAWAL,6688.02,ATM,USA,0
TXN_0000355,ACC_000766,ACC_000621,2026-06-08 07:34:53.755011,WITHDRAWAL,57800.42,BRANCH,Hong Kong,1
TXN_0000356,ACC_000776,ACC_000551,2026-06-06 21:18:36.755011,PAYMENT,2433.21,ATM,Hong Kong,0
TXN_0000357,ACC_000807,ACC_000084,2026-08-24 00:11:47.755011,DEPOSIT,7925.05,MOBILE,India,0
TXN_0000358,ACC_000064,ACC_000849,2026-03-29 06:01:23.755011,PAYMENT,5730.8,ATM,USA,0
TXN_0000359,ACC_000453,ACC_000120,2026-06-16 12:03:34.755011,PAYMENT,11935.38,BRANCH,India,0
TXN_0000360,ACC_000829,ACC_000057,2026-06-01 23:11:31.755011,DEPOSIT,3002.87,ATM,UAE,0
TXN_0000361,ACC_000060,ACC_000573,2026-06-24 23:06:31.755011,DEPOSIT,15111.57,MOBILE,Hong Kong,0
TXN_0000362,ACC_000837,ACC_000004,2026-04-25 20:56:55.755011,PAYMENT,50985.0,ONLINE,India,0
TXN_0000363,ACC_000066,ACC_000555,2026-07-21 11:07:20.755011,TRANSFER,7111.64,ONLINE,Singapore,0
TXN_0000364,ACC_000185,ACC_000788,2026-05-25 20:33:00.755011,PAYMENT,13122.11,BRANCH,UK,0
TXN_0000365,ACC_000940,ACC_000929,2026-05-20 17:34:35.755011,DEPOSIT,217544.08,BRANCH,India,1
TXN_0000366,ACC_000896,ACC_000553,2026-07-13 23:16:08.755011,PAYMENT,5006.72,MOBILE,India,0
TXN_0000367,ACC_000403,ACC_000542,2026-06-19 18:53:53.755011,PAYMENT,10603.2,ATM,India,0
TXN_0000368,ACC_000475,ACC_000690,2026-05-04 09:33:52.755011,DEPOSIT,8226.46,BRANCH,USA,0
TXN_0000369,ACC_000159,ACC_000283,2026-05-13 16:18:48.755011,PAYMENT,9110.76,ONLINE,India,0
TXN_0000370,ACC_000630,ACC_000785,2026-05-27 20:53:42.755011,TRANSFER,3204.75,ATM,USA,0
TXN_0000371,ACC_000035,ACC_000458,2026-06-30 19:04:21.755011,TRANSFER,8344.95,ATM,Hong Kong,0
TXN_0000372,ACC_000240,ACC_000553,2026-05-31 16:48:25.755011,PAYMENT,14729.36,ONLINE,USA,0
TXN_0000373,ACC_000240,ACC_000836,2026-05-02 15:09:27.755011,WITHDRAWAL,46229.45,MOBILE,USA,0
TXN_0000374,ACC_000677,ACC_000534,2026-04-04 06:44:03.755011,PAYMENT,25619.91,BRANCH,UK,0
TXN_0000375,ACC_000972,ACC_000606,2026-06-23 13:35:12.755011,PAYMENT,107346.69,BRANCH,UAE,0
TXN_0000376,ACC_000965,ACC_000659,2026-05-13 08:10:53.755011,DEPOSIT,3226.6,MOBILE,Hong Kong,0
TXN_0000377,ACC_000308,ACC_000386,2026-04-05 10:29:48.755011,PAYMENT,23081.46,BRANCH,USA,0
TXN_0000378,ACC_000879,ACC_000725,2026-05-04 20:37:31.755011,PAYMENT,10097.17,BRANCH,India,0
TXN_0000379,ACC_000571,ACC_000543,2026-05-27 08:09:34.755011,PAYMENT,112169.18,BRANCH,USA,0
TXN_0000380,ACC_000663,ACC_000081,2026-05-10 14:13:45.755011,DEPOSIT,3071.87,MOBILE,India,0
TXN_0000381,ACC_000196,ACC_000053,2026-08-15 12:24:20.755011,WITHDRAWAL,2958.19,BRANCH,Hong Kong,0
TXN_0000382,ACC_000895,ACC_000075,2026-03-15 03:23:49.755011,PAYMENT,3947.07,ATM,Singapore,0
TXN_0000383,ACC_000341,ACC_000311,2026-08-30 14:10:17.755011,TRANSFER,633.54,ATM,USA,0
TXN_0000384,ACC_000773,ACC_000491,2026-03-30 05:49:31.755011,PAYMENT,69863.77,ATM,Singapore,1
TXN_0000385,ACC_000330,ACC_000795,2026-06-22 15:58:05.755011,WITHDRAWAL,3258.56,BRANCH,Singapore,0
TXN_0000386,ACC_000316,ACC_000268,2026-05-16 05:21:47.755011,WITHDRAWAL,9705.74,BRANCH,Singapore,0
TXN_0000387,ACC_000481,ACC_000780,2026-07-25 17:47:00.755011,WITHDRAWAL,12211.18,ATM,UK,0
TXN_0000388,ACC_000577,ACC_000885,2026-03-16 08:08:29.755011,PAYMENT,76988.01,ATM,India,0
TXN_0000389,ACC_000594,ACC_000738,2026-06-28 20:52:41.755011,DEPOSIT,25349.36,MOBILE,USA,0
TXN_0000390,ACC_000389,ACC_000584,2026-04-21 03:03:24.755011,PAYMENT,4055.04,BRANCH,UAE,0
TXN_0000391,ACC_000346,ACC_000264,2026-07-18 10:42:31.755011,DEPOSIT,2757.01,BRANCH,Singapore,0
TXN_0000392,ACC_000361,ACC_000174,2026-08-08 19:56:47.755011,PAYMENT,14622.3,BRANCH,USA,0
TXN_0000393,ACC_000658,ACC_000981,2026-06-20 17:37:59.755011,TRANSFER,1661.91,ONLINE,India,0
TXN_0000394,ACC_000050,ACC_000783,2026-07-15 05:12:08.755011,TRANSFER,72966.12,BRANCH,USA,0
TXN_0000395,ACC_000070,ACC_000725,2026-04-21 09:39:00.755011,PAYMENT,33367.18,ONLINE,USA,0
TXN_0000396,ACC_000062,ACC_000633,2026-05-18 22:20:00.755011,DEPOSIT,4614.64,BRANCH,India,0
TXN_0000397,ACC_000422,ACC_000013,2026-06-22 13:56:15.755011,TRANSFER,1037.16,MOBILE,UAE,0
TXN_0000398,ACC_000715,ACC_000691,2026-03-10 18:58:57.755011,DEPOSIT,515571.52,ATM,India,1
TXN_0000399,ACC_000153,ACC_000247,2026-06-17 06:54:19.755011,PAYMENT,7062.48,MOBILE,UK,0
TXN_0000400,ACC_000081,ACC_000383,2026-05-23 12:45:49.755011,DEPOSIT,35788.42,BRANCH,UAE,0
TXN_0000401,ACC_000232,ACC_000308,2026-07-20 20:26:56.755011,TRANSFER,1195.94,ONLINE,India,0
TXN_0000402,ACC_000566,ACC_000488,2026-05-19 16:49:47.755011,TRANSFER,3947.15,ONLINE,Hong Kong,0
TXN_0000403,ACC_000866,ACC_000445,2026-06-12 12:36:04.755011,WITHDRAWAL,8154.23,ONLINE,UAE,0
TXN_0000404,ACC_000217,ACC_000923,2026-04-21 01:52:54.755011,DEPOSIT,8573.03,MOBILE,India,0
TXN_0000405,ACC_000948,ACC_000288,2026-07-18 08:45:40.755011,TRANSFER,4721.69,ATM,UK,0
TXN_0000406,ACC_000602,ACC_000148,2026-04-16 16:31:08.755011,DEPOSIT,17110.03,ONLINE,UK,0
TXN_0000407,ACC_000581,ACC_000855,2026-04-23 03:46:25.755011,DEPOSIT,2250.38,MOBILE,Singapore,0
TXN_0000408,ACC_000810,ACC_000706,2026-04-03 15:18:33.755011,TRANSFER,6830.44,MOBILE,India,0
TXN_0000409,ACC_000859,ACC_000078,2026-04-21 12:57:42.755011,WITHDRAWAL,9361.44,BRANCH,UK,0
TXN_0000410,ACC_000803,ACC_000462,2026-04-29 12:53:18.755011,DEPOSIT,15022.83,ATM,UK,0
TXN_0000411,ACC_000443,ACC_000191,2026-05-19 08:42:31.755011,DEPOSIT,19033.16,ONLINE,UAE,0
TXN_0000412,ACC_000731,ACC_000076,2026-04-24 07:37:53.755011,TRANSFER,2101.55,MOBILE,USA,0
TXN_0000413,ACC_000650,ACC_000158,2026-08-06 16:17:08.755011,DEPOSIT,1285.71,MOBILE,UK,0
TXN_0000414,ACC_000966,ACC_000316,2026-03-08 11:18:13.755011,DEPOSIT,37541.87,MOBILE,UK,0
TXN_0000415,ACC_000192,ACC_000442,2026-03-24 09:55:36.755011,DEPOSIT,12073.6,BRANCH,India,0
TXN_0000416,ACC_000568,ACC_000096,2026-05-15 04:27:08.755011,WITHDRAWAL,3300.46,BRANCH,India,0
TXN_0000417,ACC_000798,ACC_000087,2026-05-21 18:22:08.755011,PAYMENT,52124.08,ATM,Hong Kong,0
TXN_0000418,ACC_000276,ACC_000309,2026-04-03 10:08:01.755011,WITHDRAWAL,9309.68,BRANCH,USA,0
TXN_0000419,ACC_000283,ACC_000432,2026-05-30 20:49:49.755011,WITHDRAWAL,33361.46,BRANCH,India,0
TXN_0000420,ACC_000739,ACC_000641,2026-04-24 08:17:06.755011,DEPOSIT,8786.94,ATM,Singapore,0
TXN_0000421,ACC_000007,ACC_000972,2026-05-05 14:54:05.755011,DEPOSIT,96076.26,MOBILE,UAE,0
TXN_0000422,ACC_000338,ACC_000451,2026-08-21 21:13:39.755011,WITHDRAWAL,66596.61,BRANCH,Hong Kong,0
TXN_0000423,ACC_000618,ACC_000971,2026-04-02 21:28:41.755011,PAYMENT,57137.85,BRANCH,UK,1
TXN_0000424,ACC_000992,ACC_000327,2026-05-23 19:01:23.755011,WITHDRAWAL,26000.87,BRANCH,UAE,0
TXN_0000425,ACC_000386,ACC_000288,2026-05-09 17:49:55.755011,DEPOSIT,17578.84,MOBILE,India,0
TXN_0000426,ACC_000607,ACC_000559,2026-04-15 06:13:40.755011,PAYMENT,41871.38,ONLINE,Hong Kong,0
TXN_0000427,ACC_000215,ACC_000449,2026-07-23 00:19:19.755011,WITHDRAWAL,2545.52,ONLINE,Singapore,0
TXN_0000428,ACC_000649,ACC_000311,2026-04-03 11:42:50.755011,PAYMENT,18458.16,MOBILE,Hong Kong,0
TXN_0000429,ACC_000809,ACC_000387,2026-05-28 15:00:41.755011,TRANSFER,28857.04,BRANCH,UAE,0
TXN_0000430,ACC_000548,ACC_000519,2026-05-24 06:58:45.755011,DEPOSIT,981.92,ONLINE,UK,0
TXN_0000431,ACC_000550,ACC_000609,2026-08-12 04:40:13.755011,TRANSFER,1958.8,ONLINE,USA,0
TXN_0000432,ACC_000171,ACC_000663,2026-05-15 09:33:11.755011,TRANSFER,701.29,BRANCH,UK,0
TXN_0000433,ACC_000101,ACC_000265,2026-05-30 01:09:37.755011,PAYMENT,38643.69,ATM,Singapore,1
TXN_0000434,ACC_000791,ACC_000696,2026-06-05 09:07:23.755011,PAYMENT,19169.02,MOBILE,India,0
TXN_0000435,ACC_000426,ACC_000943,2026-05-03 19:54:22.755011,TRANSFER,49159.65,ONLINE,Hong Kong,0
TXN_0000436,ACC_000352,ACC_000467,2026-05-07 00:36:23.755011,PAYMENT,8856.56,BRANCH,UK,0
TXN_0000437,ACC_000740,ACC_000714,2026-05-31 13:05:36.755011,DEPOSIT,57201.69,MOBILE,India,0
TXN_0000438,ACC_000728,ACC_000118,2026-08-11 18:49:56.755011,TRANSFER,1546.7,MOBILE,Hong Kong,0
TXN_0000439,ACC_000169,ACC_000953,2026-08-09 19:35:45.755011,PAYMENT,1049.37,ATM,UAE,0
TXN_0000440,ACC_000437,ACC_000982,2026-06-24 04:10:38.755011,DEPOSIT,7580.56,ATM,Singapore,0
TXN_0000441,ACC_000656,ACC_000674,2026-04-12 15:43:05.755011,DEPOSIT,12847.17,BRANCH,India,0
TXN_0000442,ACC_000203,ACC_000461,2026-08-25 22:37:27.755011,DEPOSIT,7791.33,BRANCH,India,0
TXN_0000443,ACC_000286,ACC_000771,2026-04-16 10:07:02.755011,TRANSFER,677.95,ONLINE,UAE,0
TXN_0000444,ACC_000202,ACC_000469,2026-05-09 18:17:31.755011,TRANSFER,7281.24,MOBILE,Hong Kong,0
TXN_0000445,ACC_000990,ACC_000655,2026-06-17 22:25:20.755011,WITHDRAWAL,1693.64,BRANCH,UAE,0
TXN_0000446,ACC_000357,ACC_000361,2026-03-29 15:27:08.755011,DEPOSIT,18098.91,ATM,Hong Kong,0
TXN_0000447,ACC_000941,ACC_000630,2026-05-04 05:17:08.755011,TRANSFER,12580.68,ATM,UK,0
TXN_0000448,ACC_000120,ACC_000188,2026-05-05 18:15:58.755011,WITHDRAWAL,2623.18,ATM,UAE,0
TXN_0000449,ACC_000142,ACC_000589,2026-07-01 06:38:16.755011,DEPOSIT,4373.68,BRANCH,USA,0
TXN_0000450,ACC_000711,ACC_000942,2026-06-19 19:27:40.755011,PAYMENT,2273.2,ATM,Singapore,0
TXN_0000451,ACC_000323,ACC_000863,2026-04-12 19:02:05.755011,DEPOSIT,7515.97,ONLINE,UK,0
TXN_0000452,ACC_000835,ACC_000394,2026-06-09 13:32:00.755011,DEPOSIT,179677.31,BRANCH,Hong Kong,1
TXN_0000453,ACC_000861,ACC_000455,2026-07-23 08:35:43.755011,DEPOSIT,2482.77,ATM,India,0
TXN_0000454,ACC_000780,ACC_000226,2026-08-09 00:09:57.755011,WITHDRAWAL,14836.65,ONLINE,UK,0
TXN_0000455,ACC_000173,ACC_000800,2026-05-02 12:23:36.755011,DEPOSIT,4288.49,BRANCH,UAE,0
TXN_0000456,ACC_000117,ACC_000275,2026-06-26 16:07:59.755011,WITHDRAWAL,3129.26,ONLINE,Hong Kong,0
TXN_0000457,ACC_000436,ACC_000105,2026-04-18 21:34:17.755011,PAYMENT,7126.41,MOBILE,India,0
TXN_0000458,ACC_000883,ACC_000837,2026-05-14 03:34:43.755011,TRANSFER,2339.54,BRANCH,India,0
TXN_0000459,ACC_000215,ACC_000831,2026-04-22 11:20:27.755011,WITHDRAWAL,4169.79,BRANCH,USA,0
TXN_0000460,ACC_000212,ACC_000834,2026-08-06 20:45:18.755011,PAYMENT,1924.74,ONLINE,UAE,0
TXN_0000461,ACC_000612,ACC_000552,2026-05-01 01:02:36.755011,PAYMENT,85619.66,MOBILE,Hong Kong,0
TXN_0000462,ACC_000274,ACC_000976,2026-06-26 16:14:00.755011,TRANSFER,8453.33,ATM,Singapore,0
TXN_0000463,ACC_000888,ACC_000672,2026-04-30 07:30:48.755011,PAYMENT,3499.34,ATM,USA,0
TXN_0000464,ACC_000849,ACC_000254,2026-05-09 00:10:18.755011,DEPOSIT,10475.31,BRANCH,USA,0
TXN_0000465,ACC_000643,ACC_000425,2026-04-28 15:24:17.755011,DEPOSIT,7081.25,BRANCH,India,0
TXN_0000466,ACC_000788,ACC_000096,2026-08-25 08:46:20.755011,DEPOSIT,6215.72,MOBILE,Hong Kong,0
TXN_0000467,ACC_000466,ACC_000974,2026-05-18 03:05:18.755011,DEPOSIT,16932.67,MOBILE,UAE,0
TXN_0000468,ACC_000868,ACC_000751,2026-08-04 18:49:26.755011,TRANSFER,20110.74,BRANCH,Hong Kong,0
TXN_0000469,ACC_000871,ACC_000065,2026-05-16 00:31:52.755011,DEPOSIT,4287.24,ATM,Singapore,0
TXN_0000470,ACC_000275,ACC_000331,2026-06-11 12:37:51.755011,WITHDRAWAL,4060.32,MOBILE,UAE,0
TXN_0000471,ACC_000873,ACC_000497,2026-06-25 09:30:20.755011,WITHDRAWAL,5825.14,ONLINE,India,0
TXN_0000472,ACC_000857,ACC_000471,2026-08-06 16:16:59.755011,TRANSFER,511.68,ONLINE,USA,0
TXN_0000473,ACC_000982,ACC_000439,2026-03-07 14:14:32.755011,PAYMENT,1315.24,ATM,Hong Kong,0
TXN_0000474,ACC_000956,ACC_000898,2026-08-24 06:12:01.755011,WITHDRAWAL,41783.18,ONLINE,Hong Kong,0
TXN_0000475,ACC_000381,ACC_000681,2026-03-23 11:11:59.755011,PAYMENT,58335.22,ONLINE,Singapore,0
TXN_0000476,ACC_000717,ACC_000774,2026-07-26 10:26:35.755011,PAYMENT,6009.86,BRANCH,Hong Kong,0
TXN_0000477,ACC_000002,ACC_000219,2026-03-25 22:40:49.755011,DEPOSIT,16185.46,ONLINE,USA,0
TXN_0000478,ACC_000697,ACC_000456,2026-06-16 07:52:40.755011,TRANSFER,11772.25,ONLINE,Hong Kong,0
TXN_0000479,ACC_000881,ACC_000433,2026-03-30 21:05:59.755011,PAYMENT,326001.4,BRANCH,India,0
TXN_0000480,ACC_000749,ACC_000826,2026-03-24 19:24:18.755011,TRANSFER,31054.22,ONLINE,UK,0
TXN_0000481,ACC_000141,ACC_000392,2026-05-04 13:43:23.755011,PAYMENT,6950.01,ATM,India,0
TXN_0000482,ACC_000625,ACC_000666,2026-03-09 02:35:14.755011,PAYMENT,2574.35,BRANCH,UK,0
TXN_0000483,ACC_000767,ACC_000156,2026-07-07 10:09:26.755011,DEPOSIT,1178.81,BRANCH,USA,0
TXN_0000484,ACC_000144,ACC_000771,2026-03-26 23:17:36.755011,TRANSFER,10343.94,BRANCH,UK,0
TXN_0000485,ACC_000254,ACC_000284,2026-05-07 12:47:07.755011,TRANSFER,55143.2,ATM,UAE,1
TXN_0000486,ACC_000623,ACC_000292,2026-07-25 12:01:58.755011,TRANSFER,1470.41,MOBILE,USA,0
TXN_0000487,ACC_000194,ACC_000766,2026-06-14 09:38:22.755011,DEPOSIT,3729.81,MOBILE,Hong Kong,0
TXN_0000488,ACC_000813,ACC_000978,2026-08-28 19:40:04.755011,PAYMENT,2213.08,BRANCH,Singapore,0
TXN_0000489,ACC_000654,ACC_000609,2026-06-12 11:18:56.755011,TRANSFER,61363.47,ONLINE,UK,0
TXN_0000490,ACC_000397,ACC_000882,2026-04-02 02:10:37.755011,DEPOSIT,23341.02,MOBILE,UAE,0
TXN_0000491,ACC_000483,ACC_000978,2026-08-02 13:39:09.755011,TRANSFER,8025.93,ONLINE,UAE,0
TXN_0000492,ACC_000221,ACC_000041,2026-04-27 08:57:51.755011,TRANSFER,47855.1,BRANCH,UAE,0
TXN_0000493,ACC_000514,ACC_000786,2026-07-23 20:11:03.755011,DEPOSIT,8891.42,BRANCH,Hong Kong,0
TXN_0000494,ACC_000550,ACC_000551,2026-07-09 20:12:44.755011,PAYMENT,2882.63,MOBILE,India,0
TXN_0000495,ACC_000944,ACC_000209,2026-06-14 17:56:41.755011,PAYMENT,50400.12,MOBILE,Singapore,0
TXN_0000496,ACC_000855,ACC_000666,2026-08-02 15:58:28.755011,TRANSFER,15470.53,MOBILE,Hong Kong,0
TXN_0000497,ACC_000245,ACC_000060,2026-08-18 19:55:10.755011,PAYMENT,2333.92,ONLINE,Singapore,0
TXN_0000498,ACC_000624,ACC_000057,2026-07-04 08:36:07.755011,WITHDRAWAL,6448.44,ATM,India,0
TXN_0000499,ACC_000719,ACC_000012,2026-04-03 02:32:43.755011,PAYMENT,2833.47,BRANCH,UK,0
TXN_0000500,ACC_000843,ACC_000739,2026-08-06 12:04:35.755011,WITHDRAWAL,1541.7,ATM,UK,0
TXN_0000501,ACC_000895,ACC_000276,2026-08-06 03:23:37.755011,TRANSFER,24622.43,ONLINE,UK,0
TXN_0000502,ACC_000537,ACC_000066,2026-04-29 06:36:49.755011,WITHDRAWAL,80121.54,ONLINE,Singapore,0
TXN_0000503,ACC_000057,ACC_000512,2026-05-16 09:23:28.755011,PAYMENT,1512.8,MOBILE,USA,0
TXN_0000504,ACC_000916,ACC_000588,2026-03-27 10:39:49.755011,TRANSFER,15923.69,ATM,Hong Kong,0
TXN_0000505,ACC_000880,ACC_000884,2026-03-16 00:19:25.755011,TRANSFER,3711.64,ATM,India,0
TXN_0000506,ACC_000943,ACC_000154,2026-05-20 19:54:21.755011,PAYMENT,4516.31,ONLINE,UAE,0
TXN_0000507,ACC_000759,ACC_000672,2026-07-24 02:40:13.755011,DEPOSIT,3980.36,ATM,UK,0
TXN_0000508,ACC_000738,ACC_000328,2026-09-01 07:17:05.755011,WITHDRAWAL,2873.28,ONLINE,UAE,0
TXN_0000509,ACC_000690,ACC_000924,2026-06-12 22:46:21.755011,TRANSFER,8588.9,ATM,USA,0
TXN_0000510,ACC_000977,ACC_000411,2026-03-16 09:08:05.755011,TRANSFER,2989.5,BRANCH,UK,0
TXN_0000511,ACC_000336,ACC_000089,2026-05-06 19:02:55.755011,DEPOSIT,11209.85,ONLINE,UK,0
TXN_0000512,ACC_000804,ACC_000312,2026-06-24 22:37:19.755011,PAYMENT,7629.02,BRANCH,UK,0
TXN_0000513,ACC_000792,ACC_000795,2026-06-11 06:19:10.755011,PAYMENT,6083.06,ATM,USA,0
TXN_0000514,ACC_000025,ACC_000239,2026-05-26 01:59:56.755011,WITHDRAWAL,2726.91,ONLINE,UK,0
TXN_0000515,ACC_000386,ACC_000870,2026-07-13 02:21:00.755011,WITHDRAWAL,4055.68,ONLINE,USA,0
TXN_0000516,ACC_000430,ACC_000504,2026-04-22 17:02:01.755011,TRANSFER,20059.73,ATM,Hong Kong,0
TXN_0000517,ACC_000944,ACC_000238,2026-03-15 23:40:56.755011,DEPOSIT,14781.04,MOBILE,Singapore,0
TXN_0000518,ACC_000518,ACC_000137,2026-03-23 22:45:58.755011,DEPOSIT,34378.03,ONLINE,UAE,1
TXN_0000519,ACC_000679,ACC_000988,2026-05-30 22:15:33.755011,PAYMENT,9128.88,ATM,UK,0
TXN_0000520,ACC_000949,ACC_000821,2026-05-07 15:08:24.755011,DEPOSIT,19963.57,MOBILE,UK,0
TXN_0000521,ACC_000077,ACC_000967,2026-04-21 19:47:58.755011,PAYMENT,1093.04,ATM,UAE,0
TXN_0000522,ACC_000169,ACC_000461,2026-03-27 23:29:34.755011,DEPOSIT,15553.36,MOBILE,Singapore,0
TXN_0000523,ACC_000988,ACC_000789,2026-05-16 00:49:57.755011,PAYMENT,3658.66,BRANCH,UK,0
TXN_0000524,ACC_000123,ACC_000093,2026-08-19 23:56:49.755011,PAYMENT,16070.14,MOBILE,Hong Kong,0
TXN_0000525,ACC_000221,ACC_000856,2026-03-15 07:02:33.755011,WITHDRAWAL,3242.46,ATM,India,0
TXN_0000526,ACC_000406,ACC_000526,2026-05-15 12:58:25.755011,TRANSFER,929.03,MOBILE,UK,0
TXN_0000527,ACC_000032,ACC_000975,2026-04-10 05:22:28.755011,DEPOSIT,1149.35,BRANCH,UAE,0
TXN_0000528,ACC_000097,ACC_000474,2026-04-24 23:29:23.755011,TRANSFER,8584.4,ATM,India,0
TXN_0000529,ACC_000800,ACC_000228,2026-08-15 16:54:27.755011,PAYMENT,11066.38,ATM,Singapore,0
TXN_0000530,ACC_000961,ACC_000661,2026-07-07 20:29:30.755011,TRANSFER,2737.55,MOBILE,India,0
TXN_0000531,ACC_000203,ACC_000925,2026-03-19 23:33:13.755011,DEPOSIT,17436.32,ATM,India,0
TXN_0000532,ACC_000829,ACC_000340,2026-08-15 12:10:19.755011,TRANSFER,1103.43,ONLINE,Singapore,0
TXN_0000533,ACC_000588,ACC_000444,2026-09-02 21:51:29.755011,DEPOSIT,7485.36,BRANCH,India,0
TXN_0000534,ACC_000177,ACC_000363,2026-05-29 07:29:26.755011,PAYMENT,1894.63,ATM,UK,0
TXN_0000535,ACC_000153,ACC_000036,2026-08-26 00:08:43.755011,PAYMENT,3706.33,MOBILE,Singapore,0
TXN_0000536,ACC_000491,ACC_000063,2026-06-22 09:29:14.755011,TRANSFER,8577.33,MOBILE,Singapore,0
TXN_0000537,ACC_000659,ACC_000906,2026-04-15 04:37:58.755011,PAYMENT,2885.65,ONLINE,Singapore,0
TXN_0000538,ACC_000492,ACC_000558,2026-05-16 04:40:33.755011,DEPOSIT,5107.85,MOBILE,UAE,0
TXN_0000539,ACC_000277,ACC_000185,2026-05-21 21:04:48.755011,TRANSFER,27107.11,MOBILE,UAE,0
TXN_0000540,ACC_000831,ACC_000798,2026-08-28 09:39:31.755011,WITHDRAWAL,4055.1,ONLINE,Singapore,0
TXN_0000541,ACC_000599,ACC_000239,2026-08-03 08:50:08.755011,PAYMENT,22088.9,ONLINE,USA,0
TXN_0000542,ACC_000547,ACC_000836,2026-04-28 05:11:53.755011,TRANSFER,2088.81,ATM,UAE,0
TXN_0000543,ACC_000398,ACC_000364,2026-08-09 07:12:07.755011,PAYMENT,15302.4,ATM,USA,0
TXN_0000544,ACC_000756,ACC_000715,2026-08-11 00:18:15.755011,WITHDRAWAL,45701.31,ONLINE,Hong Kong,0
TXN_0000545,ACC_000578,ACC_000146,2026-06-25 16:32:21.755011,PAYMENT,417.39,BRANCH,UAE,0
TXN_0000546,ACC_000039,ACC_000093,2026-06-10 16:41:29.755011,TRANSFER,3114.19,ATM,UAE,0
TXN_0000547,ACC_000490,ACC_000001,2026-06-17 16:31:12.755011,WITHDRAWAL,16195.47,ATM,USA,0
TXN_0000548,ACC_000941,ACC_000822,2026-04-10 22:06:54.755011,WITHDRAWAL,6350.86,ONLINE,India,0
TXN_0000549,ACC_000940,ACC_000146,2026-07-22 07:12:54.755011,TRANSFER,12649.53,MOBILE,India,0
TXN_0000550,ACC_000406,ACC_000601,2026-07-14 00:53:10.755011,TRANSFER,3925.38,MOBILE,UK,0
TXN_0000551,ACC_000750,ACC_000972,2026-04-07 01:06:48.755011,DEPOSIT,8990.36,BRANCH,Hong Kong,0
TXN_0000552,ACC_000992,ACC_000576,2026-07-22 18:48:12.755011,WITHDRAWAL,6722.31,ATM,Hong Kong,0
TXN_0000553,ACC_000388,ACC_000315,2026-04-10 12:17:24.755011,WITHDRAWAL,32903.64,ATM,USA,0
TXN_0000554,ACC_000972,ACC_000587,2026-07-21 18:41:19.755011,DEPOSIT,10996.2,ONLINE,USA,0
TXN_0000555,ACC_000829,ACC_000991,2026-09-02 07:26:29.755011,PAYMENT,12150.47,ONLINE,Singapore,0
TXN_0000556,ACC_000080,ACC_000244,2026-07-30 04:38:38.755011,WITHDRAWAL,4943.1,MOBILE,USA,0
TXN_0000557,ACC_000842,ACC_000726,2026-03-24 16:35:07.755011,WITHDRAWAL,4513.7,BRANCH,India,0
TXN_0000558,ACC_000710,ACC_000070,2026-04-24 22:02:12.755011,WITHDRAWAL,4821.93,MOBILE,India,0
TXN_0000559,ACC_000396,ACC_000449,2026-03-16 19:28:32.755011,DEPOSIT,13008.3,ATM,Singapore,0
TXN_0000560,ACC_000360,ACC_000560,2026-05-20 00:01:14.755011,DEPOSIT,4889.37,ONLINE,Singapore,0
TXN_0000561,ACC_000667,ACC_000777,2026-06-27 17:01:33.755011,PAYMENT,11472.75,ATM,Singapore,0
TXN_0000562,ACC_000035,ACC_000302,2026-08-18 16:37:51.755011,TRANSFER,97780.55,MOBILE,UK,0
TXN_0000563,ACC_000910,ACC_000385,2026-03-21 20:53:28.755011,PAYMENT,233413.48,ONLINE,UAE,1
TXN_0000564,ACC_000347,ACC_000609,2026-03-25 12:59:29.755011,DEPOSIT,5479.51,ONLINE,Singapore,0
TXN_0000565,ACC_000622,ACC_000912,2026-04-08 12:02:05.755011,DEPOSIT,34250.51,ATM,India,0
TXN_0000566,ACC_000998,ACC_000195,2026-04-16 09:01:36.755011,DEPOSIT,4965.7,MOBILE,Hong Kong,0
TXN_0000567,ACC_000099,ACC_000051,2026-04-22 14:08:50.755011,DEPOSIT,702.22,BRANCH,USA,0
TXN_0000568,ACC_000438,ACC_000090,2026-03-08 04:52:26.755011,WITHDRAWAL,2417.03,BRANCH,USA,0
TXN_0000569,ACC_000175,ACC_000654,2026-04-16 15:33:46.755011,WITHDRAWAL,858.38,ONLINE,Singapore,0
TXN_0000570,ACC_000804,ACC_000408,2026-05-06 08:07:23.755011,DEPOSIT,5314.44,BRANCH,Hong Kong,0
TXN_0000571,ACC_000558,ACC_000397,2026-07-10 02:24:22.755011,PAYMENT,8284.17,MOBILE,Singapore,0
TXN_0000572,ACC_000046,ACC_000270,2026-06-02 00:33:20.755011,DEPOSIT,60580.28,BRANCH,UK,0
TXN_0000573,ACC_000578,ACC_000064,2026-04-28 14:40:54.755011,PAYMENT,11995.81,ONLINE,India,0
TXN_0000574,ACC_000555,ACC_000424,2026-08-11 09:29:05.755011,PAYMENT,6229.67,ONLINE,Singapore,0
TXN_0000575,ACC_000989,ACC_000549,2026-05-27 18:03:32.755011,DEPOSIT,21922.89,ATM,Singapore,0
TXN_0000576,ACC_000925,ACC_000875,2026-05-23 03:00:50.755011,TRANSFER,570.57,ATM,India,0
TXN_0000577,ACC_000178,ACC_000972,2026-06-02 15:46:08.755011,PAYMENT,10750.82,ATM,USA,0
TXN_0000578,ACC_000081,ACC_000700,2026-05-28 16:09:44.755011,DEPOSIT,20435.69,ATM,Hong Kong,0
TXN_0000579,ACC_000265,ACC_000328,2026-07-01 00:12:55.755011,TRANSFER,1374.3,ONLINE,Singapore,0
TXN_0000580,ACC_000334,ACC_000878,2026-06-22 15:51:04.755011,WITHDRAWAL,31968.45,BRANCH,India,0
TXN_0000581,ACC_000602,ACC_000536,2026-07-06 10:45:09.755011,DEPOSIT,12163.51,ONLINE,Singapore,0
TXN_0000582,ACC_000603,ACC_000597,2026-06-25 11:36:40.755011,TRANSFER,4922.91,ONLINE,UAE,0
TXN_0000583,ACC_000293,ACC_000889,2026-08-07 00:55:56.755011,WITHDRAWAL,17315.17,BRANCH,UK,0
TXN_0000584,ACC_000586,ACC_000624,2026-06-09 18:04:52.755011,DEPOSIT,123603.16,ONLINE,USA,0
TXN_0000585,ACC_000634,ACC_000624,2026-04-04 09:29:39.755011,DEPOSIT,10079.3,ONLINE,Singapore,0
TXN_0000586,ACC_000708,ACC_000244,2026-05-10 19:57:59.755011,TRANSFER,10914.69,BRANCH,UK,0
TXN_0000587,ACC_000346,ACC_000838,2026-03-11 09:23:03.755011,WITHDRAWAL,4669.31,MOBILE,UK,0
TXN_0000588,ACC_000713,ACC_000702,2026-08-21 02:45:22.755011,TRANSFER,2922.48,ATM,USA,0
TXN_0000589,ACC_000454,ACC_000793,2026-07-29 21:05:44.755011,WITHDRAWAL,21947.38,MOBILE,Hong Kong,0
TXN_0000590,ACC_000092,ACC_000193,2026-07-10 19:35:44.755011,DEPOSIT,2900.68,ATM,Singapore,0
TXN_0000591,ACC_000529,ACC_000889,2026-08-01 22:35:15.755011,WITHDRAWAL,8829.73,ONLINE,UAE,0
TXN_0000592,ACC_000319,ACC_000727,2026-03-20 04:53:22.755011,DEPOSIT,4567.91,ATM,UAE,0
TXN_0000593,ACC_000178,ACC_000198,2026-03-13 02:00:01.755011,PAYMENT,14397.01,ONLINE,USA,0
TXN_0000594,ACC_000941,ACC_000370,2026-03-17 06:42:55.755011,PAYMENT,12093.15,MOBILE,UK,0
TXN_0000595,ACC_000407,ACC_000651,2026-06-13 13:09:06.755011,TRANSFER,28142.83,ONLINE,USA,0
TXN_0000596,ACC_000457,ACC_000182,2026-06-30 19:32:09.755011,DEPOSIT,4393.93,MOBILE,UK,0
TXN_0000597,ACC_000265,ACC_000767,2026-08-28 03:43:36.755011,TRANSFER,5861.44,MOBILE,India,0
TXN_0000598,ACC_000875,ACC_000586,2026-04-08 02:17:44.755011,PAYMENT,2503.6,ATM,Hong Kong,0
TXN_0000599,ACC_000276,ACC_000668,2026-04-16 14:31:42.755011,DEPOSIT,4754.51,ONLINE,Hong Kong,0
TXN_0000600,ACC_000136,ACC_000663,2026-08-31 11:03:43.755011,PAYMENT,12743.3,ONLINE,USA,0
TXN_0000601,ACC_000966,ACC_000313,2026-08-10 19:03:46.755011,WITHDRAWAL,20098.22,BRANCH,Singapore,0
TXN_0000602,ACC_000259,ACC_000224,2026-06-04 14:10:40.755011,DEPOSIT,2679.54,MOBILE,Hong Kong,0
TXN_0000603,ACC_000407,ACC_000599,2026-07-06 13:18:26.755011,TRANSFER,23006.39,ONLINE,UAE,0
TXN_0000604,ACC_000575,ACC_000663,2026-08-18 05:04:48.755011,WITHDRAWAL,725150.48,MOBILE,Hong Kong,1
TXN_0000605,ACC_000345,ACC_000284,2026-03-19 20:35:40.755011,WITHDRAWAL,13308.02,MOBILE,UK,0
TXN_0000606,ACC_000668,ACC_000306,2026-08-27 17:51:19.755011,PAYMENT,77045.77,ATM,UAE,0
TXN_0000607,ACC_000059,ACC_000825,2026-08-29 03:56:15.755011,DEPOSIT,3201.75,MOBILE,Hong Kong,0
TXN_0000608,ACC_000672,ACC_000510,2026-03-12 09:43:20.755011,WITHDRAWAL,1819.68,MOBILE,Singapore,0
TXN_0000609,ACC_000037,ACC_000598,2026-07-28 12:30:45.755011,PAYMENT,958.66,MOBILE,Hong Kong,0
TXN_0000610,ACC_000548,ACC_000654,2026-07-18 17:33:59.755011,DEPOSIT,48788.66,MOBILE,UAE,0
TXN_0000611,ACC_000861,ACC_000674,2026-04-09 11:17:14.755011,PAYMENT,17769.5,MOBILE,India,0
TXN_0000612,ACC_000265,ACC_000743,2026-07-29 08:01:28.755011,PAYMENT,7580.23,MOBILE,Hong Kong,0
TXN_0000613,ACC_000229,ACC_000763,2026-05-15 10:49:58.755011,WITHDRAWAL,11338.53,BRANCH,UK,0
TXN_0000614,ACC_000302,ACC_000475,2026-06-29 04:02:58.755011,TRANSFER,2099.41,BRANCH,India,0
TXN_0000615,ACC_000595,ACC_000967,2026-06-28 18:44:49.755011,TRANSFER,152497.33,BRANCH,USA,0
TXN_0000616,ACC_000698,ACC_000391,2026-08-22 21:55:29.755011,WITHDRAWAL,9462.25,BRANCH,India,0
TXN_0000617,ACC_000141,ACC_000206,2026-04-05 17:46:14.755011,WITHDRAWAL,9239.78,BRANCH,UAE,0
TXN_0000618,ACC_000147,ACC_000324,2026-06-04 07:31:46.755011,PAYMENT,19359.14,ONLINE,Singapore,0
TXN_0000619,ACC_000321,ACC_000650,2026-04-10 19:09:10.755011,TRANSFER,14432.11,ONLINE,Singapore,0
TXN_0000620,ACC_000793,ACC_000173,2026-08-02 06:30:36.755011,PAYMENT,10600.55,BRANCH,India,0
TXN_0000621,ACC_000649,ACC_000440,2026-05-30 16:20:02.755011,DEPOSIT,3138.28,BRANCH,Singapore,0
TXN_0000622,ACC_000547,ACC_000205,2026-03-14 18:54:17.755011,WITHDRAWAL,14267.82,ONLINE,UK,0
TXN_0000623,ACC_000196,ACC_000019,2026-06-18 13:53:20.755011,TRANSFER,77530.71,ATM,USA,0
TXN_0000624,ACC_000320,ACC_000133,2026-05-13 07:52:42.755011,TRANSFER,40721.2,BRANCH,UAE,0
TXN_0000625,ACC_000067,ACC_000844,2026-04-08 21:27:45.755011,TRANSFER,54820.74,MOBILE,UK,0
TXN_0000626,ACC_000611,ACC_000537,2026-06-16 11:48:43.755011,WITHDRAWAL,4387.62,BRANCH,Hong Kong,0
TXN_0000627,ACC_000502,ACC_000368,2026-05-13 00:20:34.755011,PAYMENT,49281.67,ATM,Singapore,1
TXN_0000628,ACC_000745,ACC_000135,2026-04-20 00:30:19.755011,PAYMENT,6967.81,ONLINE,UAE,0
TXN_0000629,ACC_000376,ACC_000729,2026-03-31 09:04:07.755011,TRANSFER,8663.46,BRANCH,Hong Kong,0
TXN_0000630,ACC_000639,ACC_000050,2026-06-19 07:07:50.755011,TRANSFER,30122.56,ONLINE,Hong Kong,0
TXN_0000631,ACC_000707,ACC_000119,2026-03-16 19:53:01.755011,DEPOSIT,1063.2,BRANCH,Singapore,0
TXN_0000632,ACC_000486,ACC_000719,2026-04-25 12:56:16.755011,PAYMENT,50790.29,ATM,Hong Kong,0
TXN_0000633,ACC_000309,ACC_000431,2026-03-09 06:27:16.755011,TRANSFER,6703.54,MOBILE,UAE,0
TXN_0000634,ACC_000429,ACC_000851,2026-04-03 02:19:14.755011,TRANSFER,4854.89,ONLINE,UK,0
TXN_0000635,ACC_000510,ACC_000204,2026-03-28 02:19:01.755011,PAYMENT,2405.41,MOBILE,UAE,0
TXN_0000636,ACC_000303,ACC_000165,2026-05-15 23:07:43.755011,TRANSFER,17297.83,BRANCH,USA,1
TXN_0000637,ACC_000339,ACC_000241,2026-06-08 19:08:54.755011,TRANSFER,21759.48,ONLINE,Hong Kong,0
TXN_0000638,ACC_000856,ACC_000588,2026-03-28 21:44:15.755011,DEPOSIT,8848.31,ATM,India,0
TXN_0000639,ACC_000741,ACC_000741,2026-03-22 00:50:32.755011,TRANSFER,1723.39,MOBILE,Hong Kong,0
TXN_0000640,ACC_000271,ACC_000476,2026-05-03 22:39:20.755011,TRANSFER,1712.84,ONLINE,USA,0
TXN_0000641,ACC_000298,ACC_000369,2026-08-19 22:51:32.755011,WITHDRAWAL,5415.71,BRANCH,Hong Kong,0
TXN_0000642,ACC_000777,ACC_000912,2026-08-19 18:11:08.755011,TRANSFER,60043.58,ONLINE,USA,0
TXN_0000643,ACC_000337,ACC_000367,2026-04-09 13:44:13.755011,DEPOSIT,5934.22,MOBILE,Hong Kong,0
TXN_0000644,ACC_000351,ACC_000188,2026-08-12 17:06:03.755011,TRANSFER,1334.39,BRANCH,Singapore,0
TXN_0000645,ACC_000707,ACC_000872,2026-04-29 05:55:34.755011,DEPOSIT,105804.0,BRANCH,Hong Kong,1
TXN_0000646,ACC_000116,ACC_000136,2026-04-08 20:20:14.755011,TRANSFER,5841.43,ATM,India,0
TXN_0000647,ACC_000495,ACC_000822,2026-06-30 04:11:17.755011,DEPOSIT,318.54,ATM,UAE,0
TXN_0000648,ACC_000627,ACC_000030,2026-05-16 02:17:03.755011,PAYMENT,7591.97,BRANCH,Singapore,0
TXN_0000649,ACC_000452,ACC_000048,2026-05-26 07:48:56.755011,TRANSFER,6141.83,MOBILE,Hong Kong,0
TXN_0000650,ACC_000890,ACC_000695,2026-07-22 06:37:04.755011,PAYMENT,18684.46,MOBILE,UAE,0
TXN_0000651,ACC_000634,ACC_000098,2026-07-21 12:01:57.755011,DEPOSIT,74514.37,ATM,Singapore,0
TXN_0000652,ACC_000657,ACC_000395,2026-07-16 18:51:28.755011,PAYMENT,31315.8,ONLINE,India,0
TXN_0000653,ACC_000518,ACC_000870,2026-04-06 22:25:36.755011,DEPOSIT,5868.38,BRANCH,USA,0
TXN_0000654,ACC_000329,ACC_000247,2026-06-10 22:20:16.755011,WITHDRAWAL,2147.73,MOBILE,India,0
TXN_0000655,ACC_000659,ACC_000388,2026-06-22 08:35:15.755011,DEPOSIT,177731.94,ATM,India,0
TXN_0000656,ACC_000587,ACC_000459,2026-08-10 01:14:25.755011,TRANSFER,8699.86,BRANCH,Singapore,0
TXN_0000657,ACC_000764,ACC_000670,2026-06-12 01:01:12.755011,TRANSFER,8239.67,ONLINE,Singapore,0
TXN_0000658,ACC_000563,ACC_000001,2026-06-23 15:30:39.755011,TRANSFER,7871.86,MOBILE,UAE,0
TXN_0000659,ACC_000688,ACC_000468,2026-07-12 13:43:50.755011,WITHDRAWAL,10277.39,MOBILE,India,0
TXN_0000660,ACC_000466,ACC_000340,2026-08-18 09:53:48.755011,DEPOSIT,6814.22,MOBILE,Hong Kong,0
TXN_0000661,ACC_000778,ACC_000675,2026-03-26 09:10:53.755011,PAYMENT,4070.84,ONLINE,UK,0
TXN_0000662,ACC_000988,ACC_000820,2026-07-08 12:10:02.755011,WITHDRAWAL,4203.91,MOBILE,Hong Kong,0
TXN_0000663,ACC_000169,ACC_000505,2026-08-28 14:50:33.755011,PAYMENT,7790.78,BRANCH,India,0
TXN_0000664,ACC_000193,ACC_000124,2026-04-14 12:09:08.755011,DEPOSIT,4221.27,ATM,Singapore,0
TXN_0000665,ACC_000734,ACC_000347,2026-04-13 11:15:13.755011,TRANSFER,3444.68,BRANCH,India,0
TXN_0000666,ACC_000689,ACC_000603,2026-08-17 01:58:03.755011,TRANSFER,9206.97,BRANCH,Singapore,0
TXN_0000667,ACC_000138,ACC_000987,2026-06-13 08:49:23.755011,DEPOSIT,5967.17,ONLINE,UAE,0
TXN_0000668,ACC_000958,ACC_000444,2026-06-22 21:18:49.755011,DEPOSIT,49256.25,ATM,Hong Kong,0
TXN_0000669,ACC_000835,ACC_000132,2026-07-27 07:26:38.755011,TRANSFER,336.58,BRANCH,Hong Kong,0
TXN_0000670,ACC_000330,ACC_000517,2026-08-25 20:45:11.755011,DEPOSIT,30025.68,BRANCH,UAE,0
TXN_0000671,ACC_000255,ACC_000281,2026-08-02 12:00:56.755011,DEPOSIT,36145.3,MOBILE,UK,0
TXN_0000672,ACC_000142,ACC_000423,2026-04-02 08:39:00.755011,WITHDRAWAL,673.13,MOBILE,Hong Kong,0
TXN_0000673,ACC_000648,ACC_000223,2026-06-22 22:58:09.755011,PAYMENT,5371.03,ATM,UAE,0
TXN_0000674,ACC_000354,ACC_000944,2026-07-18 18:55:58.755011,PAYMENT,5188.87,ATM,UAE,0
TXN_0000675,ACC_000331,ACC_000728,2026-07-09 03:09:22.755011,TRANSFER,1496.65,MOBILE,UAE,0
TXN_0000676,ACC_000966,ACC_000684,2026-06-26 06:27:32.755011,DEPOSIT,3186.31,MOBILE,Singapore,0
TXN_0000677,ACC_000110,ACC_000026,2026-06-16 23:11:25.755011,DEPOSIT,2137.32,ATM,India,0
TXN_0000678,ACC_000274,ACC_000769,2026-04-15 06:42:18.755011,PAYMENT,66351.69,MOBILE,Hong Kong,0
TXN_0000679,ACC_000064,ACC_000708,2026-08-17 10:53:42.755011,WITHDRAWAL,24904.76,ATM,UAE,0
TXN_0000680,ACC_000464,ACC_000105,2026-08-12 12:43:45.755011,PAYMENT,37267.1,BRANCH,USA,0
TXN_0000681,ACC_000818,ACC_000713,2026-08-09 04:36:22.755011,WITHDRAWAL,19264.25,ONLINE,Singapore,0
TXN_0000682,ACC_001000,ACC_000702,2026-08-07 11:57:29.755011,WITHDRAWAL,2090.46,ONLINE,India,0
TXN_0000683,ACC_000636,ACC_000890,2026-04-15 21:32:50.755011,DEPOSIT,4318.12,ATM,Hong Kong,0
TXN_0000684,ACC_000377,ACC_000774,2026-07-11 05:16:40.755011,PAYMENT,14577.72,ATM,UK,0
TXN_0000685,ACC_000077,ACC_000192,2026-07-18 00:30:47.755011,PAYMENT,1869.54,ONLINE,Singapore,0
TXN_0000686,ACC_000570,ACC_000271,2026-04-30 15:50:58.755011,PAYMENT,19064.78,ATM,UAE,0
TXN_0000687,ACC_000339,ACC_000478,2026-03-08 13:24:01.755011,PAYMENT,6073.01,ONLINE,USA,0
TXN_0000688,ACC_000053,ACC_000793,2026-07-01 08:45:22.755011,WITHDRAWAL,5167.87,BRANCH,UAE,0
TXN_0000689,ACC_000803,ACC_000725,2026-03-21 14:44:28.755011,WITHDRAWAL,19018.21,ATM,USA,0
TXN_0000690,ACC_000518,ACC_000164,2026-08-07 03:19:16.755011,DEPOSIT,13809.55,BRANCH,India,0
TXN_0000691,ACC_000219,ACC_000680,2026-08-26 00:01:09.755011,WITHDRAWAL,5254.5,MOBILE,UK,0
TXN_0000692,ACC_000634,ACC_000544,2026-07-31 14:43:19.755011,DEPOSIT,32571.59,ONLINE,India,0
TXN_0000693,ACC_000247,ACC_000927,2026-06-02 00:03:07.755011,PAYMENT,2214.37,ONLINE,Hong Kong,0
TXN_0000694,ACC_000938,ACC_000816,2026-05-20 12:25:02.755011,TRANSFER,16968.65,BRANCH,UK,0
TXN_0000695,ACC_000026,ACC_000934,2026-05-01 09:10:15.755011,WITHDRAWAL,16510.0,BRANCH,Singapore,0
TXN_0000696,ACC_000668,ACC_000198,2026-08-28 21:23:16.755011,WITHDRAWAL,5588.94,ONLINE,India,0
TXN_0000697,ACC_000551,ACC_000547,2026-08-04 15:01:03.755011,TRANSFER,11984.38,ONLINE,USA,0
TXN_0000698,ACC_000219,ACC_000886,2026-08-04 16:14:48.755011,DEPOSIT,1805.63,ONLINE,USA,0
TXN_0000699,ACC_000900,ACC_001000,2026-07-21 22:06:40.755011,DEPOSIT,24558.97,ONLINE,Hong Kong,0
TXN_0000700,ACC_000471,ACC_000735,2026-03-12 01:47:20.755011,WITHDRAWAL,6490.65,ONLINE,India,0
TXN_0000701,ACC_000814,ACC_000258,2026-04-11 00:35:44.755011,TRANSFER,4327.44,ATM,UK,0
TXN_0000702,ACC_000646,ACC_000415,2026-06-03 01:29:24.755011,DEPOSIT,28532.84,MOBILE,India,0
TXN_0000703,ACC_000548,ACC_000007,2026-03-30 10:26:13.755011,TRANSFER,3480.0,ONLINE,Hong Kong,0
TXN_0000704,ACC_000951,ACC_000515,2026-05-15 22:05:44.755011,TRANSFER,1494.95,MOBILE,Hong Kong,0
TXN_0000705,ACC_000289,ACC_000784,2026-03-24 06:14:08.755011,DEPOSIT,1251.43,BRANCH,Singapore,0
TXN_0000706,ACC_000486,ACC_000161,2026-03-13 10:43:11.755011,PAYMENT,16767.74,ATM,Hong Kong,0
TXN_0000707,ACC_000870,ACC_000559,2026-08-09 07:38:23.755011,WITHDRAWAL,1743.21,ATM,UK,0
TXN_0000708,ACC_000989,ACC_000815,2026-08-31 23:25:41.755011,WITHDRAWAL,66552.94,ONLINE,UAE,0
TXN_0000709,ACC_000127,ACC_000043,2026-04-03 21:56:31.755011,TRANSFER,666.26,BRANCH,UAE,0
TXN_0000710,ACC_000313,ACC_000216,2026-03-23 23:48:43.755011,WITHDRAWAL,62053.22,ATM,Singapore,0
TXN_0000711,ACC_000525,ACC_000146,2026-08-19 19:10:41.755011,PAYMENT,10438.13,ATM,USA,0
TXN_0000712,ACC_000199,ACC_000118,2026-04-25 12:57:15.755011,PAYMENT,7215.19,ONLINE,UAE,0
TXN_0000713,ACC_000075,ACC_000298,2026-06-22 04:42:53.755011,TRANSFER,4213.7,MOBILE,India,0
TXN_0000714,ACC_000499,ACC_000975,2026-06-28 04:51:50.755011,WITHDRAWAL,13081.62,MOBILE,USA,0
TXN_0000715,ACC_000103,ACC_000292,2026-04-22 00:05:40.755011,TRANSFER,7745.28,ATM,UK,0
TXN_0000716,ACC_000632,ACC_000676,2026-05-10 05:17:45.755011,WITHDRAWAL,30453.68,ATM,UAE,0
TXN_0000717,ACC_000324,ACC_000982,2026-08-11 07:14:45.755011,DEPOSIT,9293.52,ATM,India,0
TXN_0000718,ACC_000227,ACC_000730,2026-08-07 00:32:01.755011,DEPOSIT,9704.67,MOBILE,UK,0
TXN_0000719,ACC_000340,ACC_000899,2026-07-27 18:59:34.755011,DEPOSIT,5237.84,BRANCH,Singapore,0
TXN_0000720,ACC_000499,ACC_000565,2026-05-05 18:41:38.755011,TRANSFER,7567.86,ATM,Hong Kong,0
TXN_0000721,ACC_000288,ACC_000880,2026-08-17 22:07:54.755011,PAYMENT,11723.63,ATM,UK,0
TXN_0000722,ACC_000079,ACC_000745,2026-07-07 03:20:52.755011,TRANSFER,1040.86,ONLINE,UAE,0
TXN_0000723,ACC_000596,ACC_000593,2026-08-12 06:16:49.755011,DEPOSIT,1607.09,ATM,India,0
TXN_0000724,ACC_000916,ACC_000553,2026-06-20 23:50:34.755011,DEPOSIT,19769.92,ATM,UK,0
TXN_0000725,ACC_000791,ACC_000604,2026-08-27 13:29:32.755011,WITHDRAWAL,9947.12,ATM,Singapore,0
TXN_0000726,ACC_000407,ACC_000373,2026-03-25 01:06:16.755011,TRANSFER,6497.81,ATM,UAE,0
TXN_0000727,ACC_000527,ACC_000144,2026-08-01 11:55:41.755011,DEPOSIT,8284.33,ATM,USA,0
TXN_0000728,ACC_000676,ACC_000894,2026-06-25 07:58:11.755011,PAYMENT,12296.85,BRANCH,UK,0
TXN_0000729,ACC_000500,ACC_000238,2026-08-02 07:48:38.755011,TRANSFER,4239.87,MOBILE,UK,0
TXN_0000730,ACC_000212,ACC_000531,2026-07-15 06:55:37.755011,WITHDRAWAL,3184.45,BRANCH,Singapore,0
TXN_0000731,ACC_000048,ACC_000041,2026-08-25 15:25:20.755011,WITHDRAWAL,10249.81,ONLINE,Hong Kong,0
TXN_0000732,ACC_000855,ACC_000760,2026-07-08 11:43:42.755011,WITHDRAWAL,43694.98,ATM,Singapore,1
TXN_0000733,ACC_000602,ACC_000670,2026-05-17 09:29:54.755011,TRANSFER,13225.52,MOBILE,Singapore,0
TXN_0000734,ACC_000362,ACC_000837,2026-04-19 17:52:40.755011,WITHDRAWAL,13387.57,BRANCH,Singapore,1
TXN_0000735,ACC_000514,ACC_000904,2026-03-08 17:50:22.755011,PAYMENT,27861.1,BRANCH,USA,0
TXN_0000736,ACC_000659,ACC_000288,2026-06-15 09:01:42.755011,PAYMENT,14287.17,ATM,USA,0
TXN_0000737,ACC_000735,ACC_000837,2026-07-02 08:42:36.755011,TRANSFER,11017.45,ATM,Singapore,0
TXN_0000738,ACC_000117,ACC_000494,2026-07-25 07:43:36.755011,DEPOSIT,26350.15,BRANCH,USA,0
TXN_0000739,ACC_000854,ACC_000421,2026-07-11 03:32:19.755011,TRANSFER,59788.54,ATM,India,0
TXN_0000740,ACC_000165,ACC_000138,2026-06-30 11:37:56.755011,TRANSFER,27371.13,ATM,India,0
TXN_0000741,ACC_000185,ACC_000530,2026-09-02 14:00:22.755011,DEPOSIT,889.76,ONLINE,Hong Kong,0
TXN_0000742,ACC_000291,ACC_000970,2026-08-13 22:38:35.755011,TRANSFER,1745.0,ATM,Singapore,0
TXN_0000743,ACC_000889,ACC_000494,2026-06-07 00:02:17.755011,PAYMENT,3828.46,ATM,Singapore,0
TXN_0000744,ACC_000597,ACC_000841,2026-08-08 18:16:17.755011,PAYMENT,8360.8,MOBILE,USA,0
TXN_0000745,ACC_000945,ACC_000465,2026-05-13 00:03:21.755011,TRANSFER,15081.0,ATM,Singapore,0
TXN_0000746,ACC_000017,ACC_000208,2026-03-28 13:03:56.755011,DEPOSIT,3391.77,ATM,UAE,0
TXN_0000747,ACC_000924,ACC_000630,2026-06-07 20:48:12.755011,TRANSFER,10138.75,ONLINE,India,0
TXN_0000748,ACC_000924,ACC_000618,2026-04-01 18:28:07.755011,TRANSFER,3273.26,BRANCH,UAE,0
TXN_0000749,ACC_000045,ACC_000715,2026-08-24 08:04:08.755011,DEPOSIT,3890.06,ATM,Singapore,0
TXN_0000750,ACC_000359,ACC_000604,2026-05-20 11:46:59.755011,TRANSFER,1498.18,BRANCH,USA,0
TXN_0000751,ACC_000239,ACC_000932,2026-08-03 04:15:12.755011,TRANSFER,2676.11,MOBILE,UAE,0
TXN_0000752,ACC_000264,ACC_000194,2026-05-25 19:31:26.755011,TRANSFER,1600.35,ONLINE,UAE,0
TXN_0000753,ACC_000008,ACC_000385,2026-06-16 09:21:28.755011,PAYMENT,2512.3,MOBILE,Singapore,0
TXN_0000754,ACC_000437,ACC_000668,2026-04-06 12:24:45.755011,WITHDRAWAL,28691.9,MOBILE,UAE,0
TXN_0000755,ACC_000627,ACC_000283,2026-05-17 11:07:01.755011,DEPOSIT,2593.39,ATM,Singapore,0
TXN_0000756,ACC_000495,ACC_000184,2026-06-23 17:31:21.755011,WITHDRAWAL,190776.62,BRANCH,UK,0
TXN_0000757,ACC_000723,ACC_000408,2026-06-27 15:08:30.755011,PAYMENT,148890.38,ONLINE,Hong Kong,1
TXN_0000758,ACC_000717,ACC_000973,2026-08-06 12:38:45.755011,PAYMENT,10115.29,ONLINE,USA,0
TXN_0000759,ACC_000347,ACC_000821,2026-08-07 02:29:44.755011,TRANSFER,2892.77,ATM,Singapore,0
TXN_0000760,ACC_000844,ACC_000149,2026-03-08 11:44:54.755011,DEPOSIT,320434.53,BRANCH,India,1
TXN_0000761,ACC_000380,ACC_000082,2026-04-19 12:36:59.755011,TRANSFER,4061.2,BRANCH,Singapore,0
TXN_0000762,ACC_000294,ACC_000729,2026-06-16 15:09:14.755011,TRANSFER,9380.72,ATM,Hong Kong,0
TXN_0000763,ACC_000207,ACC_000871,2026-03-09 13:00:22.755011,WITHDRAWAL,174923.05,ATM,India,0
TXN_0000764,ACC_000529,ACC_000716,2026-06-14 14:25:03.755011,PAYMENT,7220.85,ATM,Hong Kong,0
TXN_0000765,ACC_000671,ACC_000001,2026-04-22 22:06:32.755011,PAYMENT,32180.89,ONLINE,UK,0
TXN_0000766,ACC_000686,ACC_000405,2026-05-15 00:47:11.755011,DEPOSIT,3484.88,ATM,UAE,0
TXN_0000767,ACC_000071,ACC_000942,2026-07-22 02:12:29.755011,TRANSFER,7769.91,MOBILE,Hong Kong,0
TXN_0000768,ACC_000597,ACC_000357,2026-09-01 03:20:35.755011,WITHDRAWAL,67843.63,MOBILE,USA,0
TXN_0000769,ACC_000466,ACC_000953,2026-04-14 05:38:43.755011,DEPOSIT,3818.6,ONLINE,UK,0
TXN_0000770,ACC_000110,ACC_000573,2026-06-13 18:19:57.755011,TRANSFER,71320.44,MOBILE,UK,0
TXN_0000771,ACC_000526,ACC_000980,2026-08-10 09:04:27.755011,WITHDRAWAL,18945.13,MOBILE,Hong Kong,0
TXN_0000772,ACC_000577,ACC_000496,2026-05-19 16:24:49.755011,PAYMENT,4125.9,MOBILE,Singapore,0
TXN_0000773,ACC_000601,ACC_000883,2026-08-28 13:11:45.755011,TRANSFER,17307.4,BRANCH,India,0
TXN_0000774,ACC_000649,ACC_000808,2026-05-20 18:28:43.755011,PAYMENT,26031.57,ATM,UK,0
TXN_0000775,ACC_000529,ACC_000549,2026-05-15 00:38:24.755011,TRANSFER,17088.69,MOBILE,USA,0
TXN_0000776,ACC_000690,ACC_000767,2026-05-23 22:14:37.755011,WITHDRAWAL,1231.18,ONLINE,UAE,0
TXN_0000777,ACC_000322,ACC_000363,2026-06-08 00:00:05.755011,PAYMENT,3386.1,MOBILE,USA,0
TXN_0000778,ACC_000953,ACC_000932,2026-07-18 02:36:10.755011,PAYMENT,6020.81,BRANCH,Hong Kong,0
TXN_0000779,ACC_000248,ACC_000894,2026-07-28 06:26:24.755011,WITHDRAWAL,7410.7,ATM,USA,0
TXN_0000780,ACC_000857,ACC_000634,2026-04-24 22:45:26.755011,WITHDRAWAL,17065.37,ATM,India,0
TXN_0000781,ACC_000693,ACC_000979,2026-03-22 16:52:14.755011,DEPOSIT,10029.05,ONLINE,UAE,0
TXN_0000782,ACC_000636,ACC_000323,2026-08-19 03:06:28.755011,DEPOSIT,19967.0,MOBILE,Singapore,1
TXN_0000783,ACC_000938,ACC_000524,2026-08-02 20:48:46.755011,WITHDRAWAL,12787.68,BRANCH,USA,0
TXN_0000784,ACC_000056,ACC_000539,2026-04-01 08:45:42.755011,DEPOSIT,16860.06,BRANCH,UAE,0
TXN_0000785,ACC_000404,ACC_000882,2026-05-13 21:34:33.755011,PAYMENT,15863.06,BRANCH,India,0
TXN_0000786,ACC_000324,ACC_000706,2026-06-04 19:10:35.755011,TRANSFER,29641.68,ONLINE,Hong Kong,0
TXN_0000787,ACC_000104,ACC_000334,2026-06-28 06:47:12.755011,WITHDRAWAL,22042.03,MOBILE,USA,0
TXN_0000788,ACC_000276,ACC_000483,2026-04-22 12:14:26.755011,WITHDRAWAL,14058.97,MOBILE,USA,0
TXN_0000789,ACC_000430,ACC_000718,2026-04-17 08:14:40.755011,WITHDRAWAL,7448.75,MOBILE,Singapore,0
TXN_0000790,ACC_000586,ACC_000135,2026-04-11 09:26:12.755011,PAYMENT,1104.17,ONLINE,Hong Kong,0
TXN_0000791,ACC_000569,ACC_000443,2026-04-22 06:01:26.755011,DEPOSIT,13568.98,ATM,USA,0
TXN_0000792,ACC_000154,ACC_000485,2026-07-28 20:56:50.755011,TRANSFER,10396.51,ATM,Singapore,0
TXN_0000793,ACC_000870,ACC_000646,2026-08-27 22:02:02.755011,WITHDRAWAL,11224.95,BRANCH,UK,0
TXN_0000794,ACC_000582,ACC_000049,2026-08-21 04:00:05.755011,DEPOSIT,1750.93,ONLINE,Hong Kong,0
TXN_0000795,ACC_000834,ACC_000261,2026-04-18 07:14:33.755011,DEPOSIT,2214.39,ONLINE,Singapore,0
TXN_0000796,ACC_000370,ACC_000369,2026-04-26 21:42:14.755011,WITHDRAWAL,28675.07,MOBILE,India,0
TXN_0000797,ACC_000889,ACC_000696,2026-05-14 15:17:32.755011,PAYMENT,7727.45,ATM,UK,0
TXN_0000798,ACC_000523,ACC_000500,2026-07-16 04:23:53.755011,DEPOSIT,18357.63,ONLINE,Singapore,0
TXN_0000799,ACC_000647,ACC_000980,2026-06-05 12:20:00.755011,PAYMENT,8383.18,ATM,Hong Kong,0
TXN_0000800,ACC_000432,ACC_000647,2026-05-11 23:26:08.755011,DEPOSIT,8397.65,ONLINE,India,0
TXN_0000801,ACC_000322,ACC_000325,2026-04-20 18:39:53.755011,WITHDRAWAL,24982.74,MOBILE,UAE,0
TXN_0000802,ACC_000909,ACC_000456,2026-04-29 03:11:59.755011,WITHDRAWAL,4362.26,BRANCH,Singapore,0
TXN_0000803,ACC_000024,ACC_000129,2026-08-20 08:00:28.755011,PAYMENT,9093.77,MOBILE,Hong Kong,0
TXN_0000804,ACC_000216,ACC_000171,2026-03-23 00:13:15.755011,DEPOSIT,4653.01,ONLINE,India,0
TXN_0000805,ACC_000485,ACC_000562,2026-08-25 02:05:20.755011,TRANSFER,4810.73,ONLINE,Singapore,0
TXN_0000806,ACC_000107,ACC_000269,2026-03-23 15:04:15.755011,PAYMENT,5591.45,ONLINE,Hong Kong,0
TXN_0000807,ACC_000317,ACC_000235,2026-05-22 03:54:26.755011,PAYMENT,10578.31,MOBILE,Singapore,0
TXN_0000808,ACC_000540,ACC_000859,2026-04-01 22:53:16.755011,PAYMENT,4561.93,ONLINE,India,0
TXN_0000809,ACC_000938,ACC_000334,2026-08-21 12:42:05.755011,DEPOSIT,36567.21,BRANCH,UAE,0
TXN_0000810,ACC_000456,ACC_000139,2026-06-21 23:29:54.755011,PAYMENT,2769.64,BRANCH,Hong Kong,0
TXN_0000811,ACC_000578,ACC_000446,2026-08-24 19:34:38.755011,WITHDRAWAL,6475.32,MOBILE,Singapore,0
TXN_0000812,ACC_000092,ACC_000453,2026-08-10 17:18:08.755011,WITHDRAWAL,4780.61,MOBILE,Singapore,0
TXN_0000813,ACC_000011,ACC_000001,2026-05-05 09:50:40.755011,PAYMENT,45998.93,MOBILE,UK,0
TXN_0000814,ACC_000705,ACC_000945,2026-03-09 01:51:09.755011,DEPOSIT,10258.54,BRANCH,UK,0
TXN_0000815,ACC_000818,ACC_000300,2026-05-30 01:03:58.755011,PAYMENT,27951.15,ONLINE,UAE,0
TXN_0000816,ACC_000904,ACC_000575,2026-05-26 09:55:13.755011,DEPOSIT,1362.84,BRANCH,USA,0
TXN_0000817,ACC_000662,ACC_000400,2026-07-28 14:18:37.755011,DEPOSIT,11164.12,ATM,UK,0
TXN_0000818,ACC_000246,ACC_000530,2026-07-06 21:18:31.755011,WITHDRAWAL,23565.92,MOBILE,Hong Kong,0
TXN_0000819,ACC_000276,ACC_000423,2026-08-11 12:24:49.755011,PAYMENT,8944.02,ONLINE,USA,0
TXN_0000820,ACC_000653,ACC_000467,2026-03-28 21:23:24.755011,DEPOSIT,29102.42,MOBILE,Hong Kong,0
TXN_0000821,ACC_000329,ACC_000020,2026-04-12 22:15:16.755011,PAYMENT,4355.76,ONLINE,UAE,0
TXN_0000822,ACC_000289,ACC_000276,2026-03-27 07:43:16.755011,PAYMENT,43967.98,BRANCH,Hong Kong,0
TXN_0000823,ACC_000155,ACC_000016,2026-03-24 23:26:26.755011,DEPOSIT,127858.28,ATM,UK,0
TXN_0000824,ACC_000819,ACC_000511,2026-08-07 00:50:15.755011,WITHDRAWAL,5242.71,BRANCH,Hong Kong,0
TXN_0000825,ACC_000083,ACC_000864,2026-05-10 14:09:44.755011,PAYMENT,4747.61,ONLINE,UK,0
TXN_0000826,ACC_000557,ACC_000482,2026-03-21 07:46:08.755011,PAYMENT,46353.93,ATM,UK,0
TXN_0000827,ACC_000013,ACC_000125,2026-08-15 07:01:35.755011,PAYMENT,53932.39,BRANCH,Singapore,0
TXN_0000828,ACC_000204,ACC_000472,2026-03-13 23:15:41.755011,TRANSFER,4326.73,ATM,Singapore,0
TXN_0000829,ACC_000959,ACC_000331,2026-05-07 01:37:38.755011,PAYMENT,4894.05,ONLINE,Hong Kong,0
TXN_0000830,ACC_000126,ACC_000260,2026-06-16 14:47:04.755011,DEPOSIT,5778.26,MOBILE,USA,0
TXN_0000831,ACC_000885,ACC_000683,2026-03-17 13:50:15.755011,PAYMENT,1614.3,ONLINE,USA,0
TXN_0000832,ACC_000016,ACC_000172,2026-05-09 11:26:04.755011,WITHDRAWAL,2690.86,ONLINE,Singapore,0
TXN_0000833,ACC_000993,ACC_000044,2026-03-09 04:42:30.755011,DEPOSIT,2428.5,ATM,UK,0
TXN_0000834,ACC_000162,ACC_000512,2026-04-24 18:13:19.755011,TRANSFER,3224.85,MOBILE,Hong Kong,0
TXN_0000835,ACC_000661,ACC_000158,2026-05-15 11:55:28.755011,TRANSFER,7772.74,ATM,Singapore,0
TXN_0000836,ACC_000808,ACC_000661,2026-06-23 21:11:37.755011,WITHDRAWAL,10732.78,BRANCH,Hong Kong,0
TXN_0000837,ACC_000387,ACC_000367,2026-07-19 07:13:47.755011,PAYMENT,52083.35,MOBILE,India,0
TXN_0000838,ACC_000573,ACC_000302,2026-05-31 09:59:24.755011,DEPOSIT,2445.43,ATM,UAE,0
TXN_0000839,ACC_000332,ACC_000750,2026-05-13 23:19:37.755011,DEPOSIT,26401.78,MOBILE,UAE,0
TXN_0000840,ACC_000165,ACC_000071,2026-06-23 03:20:39.755011,PAYMENT,6268.0,BRANCH,UK,0
TXN_0000841,ACC_000376,ACC_000465,2026-06-20 15:09:32.755011,TRANSFER,7636.11,BRANCH,Hong Kong,0
TXN_0000842,ACC_000635,ACC_000878,2026-03-11 02:19:59.755011,WITHDRAWAL,18211.04,ATM,UK,0
TXN_0000843,ACC_000991,ACC_000552,2026-07-13 06:56:35.755011,DEPOSIT,2106.4,ATM,UAE,0
TXN_0000844,ACC_000565,ACC_000158,2026-08-03 03:40:18.755011,WITHDRAWAL,12821.67,MOBILE,Singapore,0
TXN_0000845,ACC_000099,ACC_000536,2026-03-28 21:53:32.755011,TRANSFER,9894.58,ONLINE,USA,0
TXN_0000846,ACC_000207,ACC_000110,2026-03-13 12:50:18.755011,DEPOSIT,14631.64,ATM,India,0
TXN_0000847,ACC_000857,ACC_000398,2026-07-10 01:52:18.755011,DEPOSIT,11464.41,MOBILE,India,0
TXN_0000848,ACC_000736,ACC_000073,2026-07-03 03:02:26.755011,TRANSFER,154254.66,ATM,Hong Kong,0
TXN_0000849,ACC_000853,ACC_000082,2026-08-27 05:42:30.755011,DEPOSIT,3769.55,ONLINE,UK,0
TXN_0000850,ACC_000426,ACC_000842,2026-08-27 08:47:58.755011,WITHDRAWAL,4284.69,ONLINE,UAE,0
TXN_0000851,ACC_000752,ACC_000073,2026-03-15 08:32:58.755011,WITHDRAWAL,3836.18,ONLINE,USA,0
TXN_0000852,ACC_000237,ACC_000545,2026-03-26 07:42:02.755011,DEPOSIT,27120.68,ATM,USA,1
TXN_0000853,ACC_000584,ACC_000641,2026-04-24 18:24:43.755011,PAYMENT,3771.15,BRANCH,Hong Kong,0
TXN_0000854,ACC_000591,ACC_000367,2026-07-09 11:17:49.755011,DEPOSIT,33752.84,BRANCH,India,0
TXN_0000855,ACC_000564,ACC_000412,2026-04-11 11:48:03.755011,WITHDRAWAL,44560.59,ATM,UAE,0
TXN_0000856,ACC_000925,ACC_000323,2026-06-01 11:40:42.755011,WITHDRAWAL,77628.53,MOBILE,Singapore,1
TXN_0000857,ACC_000846,ACC_000744,2026-05-30 01:46:41.755011,WITHDRAWAL,2984.46,ATM,UAE,0
TXN_0000858,ACC_000785,ACC_000564,2026-05-19 07:00:46.755011,WITHDRAWAL,14266.92,MOBILE,Singapore,0
TXN_0000859,ACC_000001,ACC_000744,2026-05-23 13:40:06.755011,TRANSFER,4176.93,MOBILE,UAE,0
TXN_0000860,ACC_000912,ACC_000310,2026-04-02 16:38:14.755011,TRANSFER,17318.29,MOBILE,USA,0
TXN_0000861,ACC_000023,ACC_000791,2026-05-07 14:39:15.755011,WITHDRAWAL,10337.23,ATM,India,0
TXN_0000862,ACC_000160,ACC_000142,2026-05-15 12:34:05.755011,WITHDRAWAL,1314.36,MOBILE,UAE,0
TXN_0000863,ACC_000831,ACC_000308,2026-04-26 05:16:30.755011,TRANSFER,51896.48,BRANCH,UAE,0
TXN_0000864,ACC_000080,ACC_000741,2026-07-28 01:01:10.755011,WITHDRAWAL,69916.24,BRANCH,USA,0
TXN_0000865,ACC_000707,ACC_000720,2026-08-29 00:50:53.755011,TRANSFER,3884.13,MOBILE,India,0
TXN_0000866,ACC_000391,ACC_000081,2026-06-27 08:46:08.755011,TRANSFER,5088.6,MOBILE,UK,0
TXN_0000867,ACC_000427,ACC_000953,2026-05-30 19:05:50.755011,TRANSFER,11419.05,ATM,Hong Kong,0
TXN_0000868,ACC_000951,ACC_000012,2026-07-02 10:01:16.755011,DEPOSIT,12104.69,ONLINE,UK,0
TXN_0000869,ACC_000553,ACC_000579,2026-05-08 11:12:54.755011,PAYMENT,17858.83,MOBILE,UAE,0
TXN_0000870,ACC_000052,ACC_000690,2026-04-06 05:02:39.755011,DEPOSIT,90422.23,BRANCH,UAE,0
TXN_0000871,ACC_000228,ACC_000443,2026-03-24 22:54:33.755011,WITHDRAWAL,6552.9,BRANCH,USA,0
TXN_0000872,ACC_000488,ACC_000586,2026-03-23 11:46:49.755011,TRANSFER,3108.96,BRANCH,UK,0
TXN_0000873,ACC_000445,ACC_000793,2026-06-12 21:45:26.755011,PAYMENT,1548.15,ATM,Singapore,0
TXN_0000874,ACC_000405,ACC_000668,2026-06-10 04:41:23.755011,PAYMENT,3370.73,ATM,USA,0
TXN_0000875,ACC_000441,ACC_000332,2026-08-05 07:06:41.755011,TRANSFER,7787.29,ONLINE,Hong Kong,0
TXN_0000876,ACC_000357,ACC_000196,2026-05-17 09:21:46.755011,WITHDRAWAL,69805.59,MOBILE,UAE,0
TXN_0000877,ACC_000313,ACC_000174,2026-08-03 22:04:01.755011,WITHDRAWAL,4354.07,BRANCH,UAE,0
TXN_0000878,ACC_000947,ACC_000838,2026-03-16 04:14:12.755011,PAYMENT,10599.32,ATM,Hong Kong,0
TXN_0000879,ACC_000746,ACC_000874,2026-08-01 14:23:15.755011,TRANSFER,7944.96,ONLINE,Hong Kong,0
TXN_0000880,ACC_000949,ACC_000152,2026-07-06 01:10:24.755011,WITHDRAWAL,33727.61,ONLINE,UK,0
TXN_0000881,ACC_000313,ACC_000461,2026-03-29 01:41:06.755011,DEPOSIT,168100.77,ONLINE,UK,0
TXN_0000882,ACC_000217,ACC_000209,2026-06-19 22:22:45.755011,WITHDRAWAL,4285.35,BRANCH,UAE,0
TXN_0000883,ACC_000712,ACC_000716,2026-04-03 21:49:08.755011,TRANSFER,4503.78,BRANCH,UAE,0
TXN_0000884,ACC_000045,ACC_000262,2026-06-17 18:09:14.755011,PAYMENT,28367.32,ONLINE,UK,0
TXN_0000885,ACC_000633,ACC_000278,2026-07-20 17:08:30.755011,TRANSFER,18366.25,BRANCH,Hong Kong,0
TXN_0000886,ACC_000398,ACC_000677,2026-03-20 09:27:37.755011,WITHDRAWAL,74313.57,MOBILE,India,0
TXN_0000887,ACC_000905,ACC_000665,2026-08-22 21:31:04.755011,DEPOSIT,16329.26,ATM,Singapore,0
TXN_0000888,ACC_000102,ACC_000926,2026-07-23 06:28:54.755011,WITHDRAWAL,5265.07,BRANCH,UAE,0
TXN_0000889,ACC_000204,ACC_000513,2026-04-12 15:51:36.755011,DEPOSIT,16461.6,ONLINE,India,0
TXN_0000890,ACC_000313,ACC_000342,2026-06-18 06:20:47.755011,DEPOSIT,30651.73,BRANCH,Hong Kong,0
TXN_0000891,ACC_000701,ACC_000361,2026-05-13 19:12:13.755011,WITHDRAWAL,21689.39,MOBILE,USA,0
TXN_0000892,ACC_000064,ACC_000641,2026-06-12 19:05:36.755011,WITHDRAWAL,136106.07,BRANCH,India,1
TXN_0000893,ACC_000231,ACC_000156,2026-04-30 20:53:24.755011,WITHDRAWAL,29144.15,BRANCH,Hong Kong,0
TXN_0000894,ACC_000392,ACC_000534,2026-07-27 04:37:28.755011,PAYMENT,32963.45,BRANCH,USA,0
TXN_0000895,ACC_000994,ACC_000320,2026-05-29 06:33:47.755011,WITHDRAWAL,42556.62,BRANCH,UAE,0
TXN_0000896,ACC_000142,ACC_000595,2026-07-12 03:50:06.755011,PAYMENT,17649.31,ATM,UK,0
TXN_0000897,ACC_000537,ACC_000932,2026-08-28 23:04:22.755011,PAYMENT,6630.65,BRANCH,USA,0
TXN_0000898,ACC_000940,ACC_000162,2026-06-25 03:27:26.755011,WITHDRAWAL,9662.97,ONLINE,UAE,0
TXN_0000899,ACC_000122,ACC_000189,2026-07-25 03:55:40.755011,WITHDRAWAL,34468.83,ATM,Hong Kong,0
TXN_0000900,ACC_000902,ACC_000997,2026-05-08 08:17:00.755011,DEPOSIT,3040.2,BRANCH,UK,0
TXN_0000901,ACC_000916,ACC_000653,2026-08-14 00:29:05.755011,WITHDRAWAL,12612.05,ATM,USA,0
TXN_0000902,ACC_000027,ACC_000781,2026-04-12 08:04:23.755011,WITHDRAWAL,5054.29,ATM,UAE,0
TXN_0000903,ACC_000027,ACC_000368,2026-07-18 22:30:19.755011,TRANSFER,8387.47,BRANCH,USA,0
TXN_0000904,ACC_000481,ACC_000730,2026-07-02 21:15:11.755011,WITHDRAWAL,37576.8,ATM,Singapore,0
TXN_0000905,ACC_000168,ACC_000198,2026-04-03 03:56:52.755011,PAYMENT,10191.6,ONLINE,Singapore,0
TXN_0000906,ACC_000948,ACC_000277,2026-03-10 09:03:49.755011,DEPOSIT,8567.44,ATM,Hong Kong,0
TXN_0000907,ACC_000776,ACC_000210,2026-04-15 20:21:54.755011,TRANSFER,1584.74,ATM,Singapore,0
TXN_0000908,ACC_000705,ACC_000333,2026-06-10 14:23:29.755011,DEPOSIT,19840.97,ATM,Singapore,0
TXN_0000909,ACC_000623,ACC_000753,2026-03-15 14:01:00.755011,DEPOSIT,17581.12,MOBILE,Singapore,0
TXN_0000910,ACC_000586,ACC_000609,2026-07-29 15:14:35.755011,TRANSFER,108652.03,ONLINE,Singapore,0
TXN_0000911,ACC_000044,ACC_000899,2026-08-24 21:46:58.755011,PAYMENT,5600.81,BRANCH,Hong Kong,0
TXN_0000912,ACC_000529,ACC_000784,2026-05-21 16:29:49.755011,TRANSFER,10540.5,ATM,UK,0
TXN_0000913,ACC_000312,ACC_000793,2026-08-26 04:41:01.755011,WITHDRAWAL,10929.93,BRANCH,USA,0
TXN_0000914,ACC_000942,ACC_000056,2026-07-04 12:30:18.755011,PAYMENT,53795.44,BRANCH,Hong Kong,0
TXN_0000915,ACC_000513,ACC_000116,2026-07-25 18:52:13.755011,PAYMENT,7227.48,ATM,Singapore,0
TXN_0000916,ACC_000026,ACC_000184,2026-06-03 00:22:21.755011,DEPOSIT,11325.66,ATM,Singapore,0
TXN_0000917,ACC_000709,ACC_000665,2026-05-09 09:23:24.755011,PAYMENT,16805.74,ONLINE,India,0
TXN_0000918,ACC_000650,ACC_000372,2026-06-02 17:26:26.755011,TRANSFER,10136.83,BRANCH,Hong Kong,0
TXN_0000919,ACC_000627,ACC_000973,2026-06-14 19:37:50.755011,PAYMENT,4742.31,BRANCH,UAE,0
TXN_0000920,ACC_000175,ACC_000935,2026-08-03 15:26:41.755011,WITHDRAWAL,10228.24,ATM,USA,0
TXN_0000921,ACC_000788,ACC_000730,2026-04-11 04:40:18.755011,TRANSFER,29388.48,BRANCH,UK,0
TXN_0000922,ACC_000985,ACC_000457,2026-08-03 17:10:10.755011,WITHDRAWAL,2364.17,ATM,India,0
TXN_0000923,ACC_000004,ACC_000638,2026-04-15 20:26:58.755011,WITHDRAWAL,9504.91,ONLINE,Singapore,0
TXN_0000924,ACC_000557,ACC_000827,2026-06-12 06:56:00.755011,TRANSFER,3497.68,BRANCH,USA,0
TXN_0000925,ACC_000488,ACC_000465,2026-07-13 12:26:53.755011,DEPOSIT,33997.97,BRANCH,India,0
TXN_0000926,ACC_000251,ACC_000904,2026-03-08 17:43:29.755011,WITHDRAWAL,1302.68,ATM,India,0
TXN_0000927,ACC_000669,ACC_000358,2026-03-18 03:42:31.755011,TRANSFER,4143.49,ATM,India,0
TXN_0000928,ACC_000618,ACC_000306,2026-08-17 04:31:21.755011,WITHDRAWAL,12741.94,ONLINE,India,0
TXN_0000929,ACC_000166,ACC_000689,2026-04-11 01:47:23.755011,WITHDRAWAL,53030.84,ATM,Singapore,0
TXN_0000930,ACC_000954,ACC_000037,2026-05-16 09:41:34.755011,TRANSFER,7488.32,MOBILE,UK,0
TXN_0000931,ACC_000840,ACC_000070,2026-05-20 01:04:39.755011,DEPOSIT,4162.04,ONLINE,UK,0
TXN_0000932,ACC_000712,ACC_000881,2026-03-31 03:45:42.755011,WITHDRAWAL,77450.05,MOBILE,UAE,0
TXN_0000933,ACC_000713,ACC_000215,2026-04-17 05:02:33.755011,TRANSFER,1425.65,ONLINE,UAE,0
TXN_0000934,ACC_000542,ACC_000090,2026-07-07 14:20:41.755011,DEPOSIT,579.08,MOBILE,Singapore,0
TXN_0000935,ACC_000266,ACC_000539,2026-05-07 22:02:08.755011,WITHDRAWAL,13739.32,ATM,UAE,0
TXN_0000936,ACC_000747,ACC_000648,2026-06-16 09:05:48.755011,DEPOSIT,4436.12,BRANCH,USA,0
TXN_0000937,ACC_000726,ACC_000298,2026-04-21 15:39:13.755011,PAYMENT,2379.2,ONLINE,India,0
TXN_0000938,ACC_000816,ACC_000121,2026-07-06 21:57:01.755011,PAYMENT,18958.88,BRANCH,Singapore,0
TXN_0000939,ACC_000574,ACC_000826,2026-05-14 08:34:46.755011,PAYMENT,10856.95,ONLINE,Hong Kong,0
TXN_0000940,ACC_000261,ACC_000810,2026-05-01 03:34:04.755011,TRANSFER,4117.93,MOBILE,UK,0
TXN_0000941,ACC_000786,ACC_000007,2026-05-09 08:41:12.755011,TRANSFER,1743.47,MOBILE,UK,0
TXN_0000942,ACC_000631,ACC_000984,2026-06-25 22:27:31.755011,TRANSFER,23085.24,ATM,USA,0
TXN_0000943,ACC_000945,ACC_000689,2026-05-12 01:59:31.755011,DEPOSIT,17680.92,BRANCH,India,0
TXN_0000944,ACC_000160,ACC_000643,2026-06-08 23:01:26.755011,DEPOSIT,7193.9,MOBILE,Singapore,0
TXN_0000945,ACC_000951,ACC_000761,2026-05-26 20:15:11.755011,TRANSFER,74307.29,MOBILE,UAE,0
TXN_0000946,ACC_000569,ACC_000549,2026-05-07 17:26:31.755011,TRANSFER,2243.74,ATM,UAE,0
TXN_0000947,ACC_000939,ACC_000910,2026-08-09 17:11:48.755011,WITHDRAWAL,1299.03,ONLINE,USA,0
TXN_0000948,ACC_000348,ACC_000385,2026-03-13 12:22:10.755011,PAYMENT,3532.32,BRANCH,USA,0
TXN_0000949,ACC_000802,ACC_000770,2026-08-22 08:23:27.755011,WITHDRAWAL,7671.73,MOBILE,Hong Kong,0
TXN_0000950,ACC_000089,ACC_000509,2026-05-26 19:51:51.755011,PAYMENT,10850.94,MOBILE,Singapore,0
TXN_0000951,ACC_000222,ACC_000538,2026-05-05 05:26:39.755011,WITHDRAWAL,6066.38,ATM,India,0
TXN_0000952,ACC_000797,ACC_000207,2026-03-14 17:21:56.755011,TRANSFER,12363.04,BRANCH,UAE,0
TXN_0000953,ACC_000927,ACC_000513,2026-06-09 04:27:56.755011,PAYMENT,1804.71,ATM,UK,0
TXN_0000954,ACC_000895,ACC_000537,2026-07-27 16:30:53.755011,WITHDRAWAL,45821.9,MOBILE,USA,0
TXN_0000955,ACC_000842,ACC_000961,2026-03-26 12:58:39.755011,PAYMENT,7342.38,ATM,Hong Kong,0
TXN_0000956,ACC_000731,ACC_000886,2026-05-21 17:23:03.755011,TRANSFER,30969.4,ONLINE,UK,0
TXN_0000957,ACC_000869,ACC_000609,2026-07-18 20:59:17.755011,TRANSFER,12225.39,MOBILE,Singapore,0
TXN_0000958,ACC_000534,ACC_000785,2026-03-27 11:35:10.755011,WITHDRAWAL,14018.09,ONLINE,UAE,0
TXN_0000959,ACC_000914,ACC_000215,2026-07-09 12:21:10.755011,WITHDRAWAL,16054.12,ATM,USA,0
TXN_0000960,ACC_000327,ACC_000792,2026-06-18 19:40:38.755011,DEPOSIT,13866.77,ONLINE,UK,0
TXN_0000961,ACC_000118,ACC_000016,2026-04-29 14:19:57.755011,TRANSFER,17522.96,ATM,UAE,0
TXN_0000962,ACC_000278,ACC_000145,2026-05-08 07:20:22.755011,WITHDRAWAL,39933.99,ATM,USA,0
TXN_0000963,ACC_000914,ACC_000347,2026-07-04 13:06:15.755011,DEPOSIT,10258.13,ONLINE,USA,0
TXN_0000964,ACC_000692,ACC_000052,2026-08-29 20:44:23.755011,TRANSFER,18973.61,BRANCH,India,0
TXN_0000965,ACC_000184,ACC_000722,2026-05-22 13:33:24.755011,DEPOSIT,7275.86,MOBILE,UK,0
TXN_0000966,ACC_000731,ACC_000777,2026-04-14 22:31:29.755011,TRANSFER,45621.79,BRANCH,UAE,0
TXN_0000967,ACC_000822,ACC_000942,2026-08-12 07:15:09.755011,DEPOSIT,3598.7,ONLINE,Singapore,0
TXN_0000968,ACC_000728,ACC_000785,2026-07-10 14:18:02.755011,DEPOSIT,70342.29,BRANCH,USA,0
TXN_0000969,ACC_000882,ACC_000918,2026-04-04 08:53:01.755011,WITHDRAWAL,7721.86,MOBILE,Singapore,0
TXN_0000970,ACC_000682,ACC_000339,2026-09-01 13:51:15.755011,WITHDRAWAL,1455.45,BRANCH,Singapore,0
TXN_0000971,ACC_000116,ACC_000360,2026-06-07 18:18:39.755011,DEPOSIT,9449.58,BRANCH,USA,0
TXN_0000972,ACC_000619,ACC_000589,2026-05-14 03:45:28.755011,PAYMENT,3578.64,ONLINE,Singapore,0
TXN_0000973,ACC_000110,ACC_000334,2026-08-09 04:15:09.755011,TRANSFER,22220.54,MOBILE,UAE,0
TXN_0000974,ACC_000424,ACC_000245,2026-06-30 03:11:21.755011,PAYMENT,3702.82,ATM,Singapore,0
TXN_0000975,ACC_000214,ACC_000834,2026-05-12 14:56:07.755011,DEPOSIT,4743.73,BRANCH,UAE,0
TXN_0000976,ACC_000711,ACC_000242,2026-06-21 04:46:17.755011,PAYMENT,839.29,ONLINE,Hong Kong,0
TXN_0000977,ACC_000857,ACC_000499,2026-06-26 23:00:12.755011,TRANSFER,4709.01,BRANCH,UK,0
TXN_0000978,ACC_000456,ACC_000181,2026-08-14 01:59:50.755011,WITHDRAWAL,442.02,BRANCH,India,0
TXN_0000979,ACC_000834,ACC_000611,2026-07-18 13:47:39.755011,DEPOSIT,1211.14,MOBILE,Singapore,0
TXN_0000980,ACC_000093,ACC_000223,2026-03-19 09:37:12.755011,PAYMENT,20181.01,ONLINE,USA,0
TXN_0000981,ACC_000545,ACC_000299,2026-06-03 10:06:21.755011,DEPOSIT,20805.24,BRANCH,USA,0
TXN_0000982,ACC_000325,ACC_000307,2026-08-24 20:11:26.755011,WITHDRAWAL,13501.41,BRANCH,Hong Kong,0
TXN_0000983,ACC_000597,ACC_000009,2026-05-13 07:28:53.755011,DEPOSIT,50415.33,ATM,UK,1
TXN_0000984,ACC_000563,ACC_000992,2026-08-29 10:24:33.755011,TRANSFER,7652.18,ONLINE,Hong Kong,0
TXN_0000985,ACC_000113,ACC_000882,2026-05-16 05:17:36.755011,WITHDRAWAL,8068.13,ONLINE,USA,0
TXN_0000986,ACC_000404,ACC_000641,2026-06-30 01:27:18.755011,WITHDRAWAL,2018.2,BRANCH,Singapore,0
TXN_0000987,ACC_000217,ACC_000679,2026-06-21 07:31:47.755011,PAYMENT,49221.11,BRANCH,USA,0
TXN_0000988,ACC_000864,ACC_000947,2026-05-21 03:26:06.755011,WITHDRAWAL,23221.52,BRANCH,USA,0
TXN_0000989,ACC_000687,ACC_000129,2026-08-23 22:20:07.755011,PAYMENT,6215.76,ONLINE,India,0
TXN_0000990,ACC_000739,ACC_000907,2026-04-04 10:09:42.755011,DEPOSIT,8368.78,BRANCH,USA,0
TXN_0000991,ACC_000826,ACC_000426,2026-07-10 04:09:39.755011,DEPOSIT,10405.18,BRANCH,UAE,0
TXN_0000992,ACC_000435,ACC_000566,2026-06-14 09:08:16.755011,DEPOSIT,699.19,BRANCH,UK,0
TXN_0000993,ACC_000620,ACC_000008,2026-05-28 22:40:21.755011,DEPOSIT,6023.28,ATM,Hong Kong,0
TXN_0000994,ACC_000949,ACC_000560,2026-05-26 05:44:06.755011,WITHDRAWAL,3574.64,ONLINE,India,0
TXN_0000995,ACC_000378,ACC_000116,2026-07-22 08:04:58.755011,DEPOSIT,2435.86,ONLINE,USA,0
TXN_0000996,ACC_000880,ACC_000769,2026-06-17 16:19:53.755011,WITHDRAWAL,5783.01,BRANCH,UAE,0
TXN_0000997,ACC_000625,ACC_000091,2026-08-27 06:23:56.755011,PAYMENT,70068.16,BRANCH,Hong Kong,0
TXN_0000998,ACC_000080,ACC_000701,2026-07-15 07:32:23.755011,WITHDRAWAL,17483.48,ONLINE,UK,0
TXN_0000999,ACC_000481,ACC_000465,2026-03-09 13:20:47.755011,DEPOSIT,4082.99,MOBILE,Singapore,0
TXN_0001000,ACC_000302,ACC_000297,2026-08-09 11:04:55.755011,PAYMENT,16108.45,ONLINE,Hong Kong,0
TXN_0001001,ACC_000312,ACC_000745,2026-07-30 23:40:01.755011,WITHDRAWAL,43443.93,ONLINE,Hong Kong,0
TXN_0001002,ACC_000587,ACC_000053,2026-04-09 07:03:30.755011,WITHDRAWAL,24576.85,ONLINE,UK,0
TXN_0001003,ACC_000518,ACC_000079,2026-04-01 02:07:20.755011,WITHDRAWAL,8704.16,MOBILE,USA,0
TXN_0001004,ACC_000879,ACC_000264,2026-04-29 21:41:48.755011,TRANSFER,3728.18,ONLINE,UAE,0
TXN_0001005,ACC_000757,ACC_000155,2026-06-30 08:56:27.755011,DEPOSIT,18729.74,MOBILE,USA,0
TXN_0001006,ACC_000242,ACC_000497,2026-07-21 12:56:23.755011,PAYMENT,12993.21,ONLINE,UK,0
TXN_0001007,ACC_000842,ACC_000158,2026-04-04 15:10:06.755011,DEPOSIT,330546.84,BRANCH,Singapore,1
TXN_0001008,ACC_000744,ACC_000653,2026-05-31 22:30:10.755011,PAYMENT,17364.9,ATM,UAE,0
TXN_0001009,ACC_000056,ACC_000658,2026-05-13 11:15:41.755011,WITHDRAWAL,28551.46,ONLINE,India,0
TXN_0001010,ACC_000488,ACC_000309,2026-05-23 21:22:39.755011,DEPOSIT,4262.95,ATM,Singapore,0
TXN_0001011,ACC_000486,ACC_000269,2026-05-22 04:57:08.755011,PAYMENT,39374.47,BRANCH,India,0
TXN_0001012,ACC_000460,ACC_000392,2026-08-09 06:49:18.755011,WITHDRAWAL,10271.41,ONLINE,India,0
TXN_0001013,ACC_000363,ACC_000980,2026-07-09 05:42:14.755011,DEPOSIT,97764.13,MOBILE,UK,0
TXN_0001014,ACC_000101,ACC_000262,2026-08-10 06:09:26.755011,DEPOSIT,3543.87,BRANCH,Hong Kong,0
TXN_0001015,ACC_000689,ACC_000603,2026-07-28 01:14:27.755011,PAYMENT,65065.94,MOBILE,Hong Kong,0
TXN_0001016,ACC_000321,ACC_000561,2026-04-11 09:33:52.755011,TRANSFER,10275.25,ONLINE,India,0
TXN_0001017,ACC_000538,ACC_000107,2026-03-26 10:24:05.755011,DEPOSIT,3708.19,MOBILE,USA,0
TXN_0001018,ACC_000198,ACC_000035,2026-04-25 09:00:47.755011,TRANSFER,4533.9,ONLINE,India,0
TXN_0001019,ACC_000916,ACC_000856,2026-07-12 23:05:44.755011,PAYMENT,5516.97,ONLINE,Hong Kong,0
TXN_0001020,ACC_000134,ACC_000385,2026-03-24 05:40:54.755011,PAYMENT,240581.26,ONLINE,Hong Kong,1
TXN_0001021,ACC_000479,ACC_000677,2026-05-03 15:52:53.755011,TRANSFER,15174.97,BRANCH,UK,0
TXN_0001022,ACC_000926,ACC_000684,2026-07-19 21:04:41.755011,WITHDRAWAL,4070.66,MOBILE,USA,0
TXN_0001023,ACC_000796,ACC_000064,2026-04-30 07:20:43.755011,DEPOSIT,7869.69,BRANCH,UK,0
TXN_0001024,ACC_000272,ACC_000183,2026-04-26 14:34:16.755011,DEPOSIT,2048450.22,ONLINE,Singapore,1
TXN_0001025,ACC_000183,ACC_000661,2026-04-15 10:16:41.755011,DEPOSIT,911718.36,ONLINE,USA,1
TXN_0001026,ACC_000224,ACC_000629,2026-05-30 04:52:46.755011,TRANSFER,13678.61,BRANCH,Hong Kong,0
TXN_0001027,ACC_000075,ACC_000073,2026-03-14 05:33:20.755011,WITHDRAWAL,8481.17,BRANCH,India,0
TXN_0001028,ACC_000669,ACC_000656,2026-04-05 08:48:12.755011,TRANSFER,9358.47,ONLINE,Hong Kong,0
TXN_0001029,ACC_000717,ACC_000338,2026-04-05 21:38:03.755011,DEPOSIT,16919.49,ONLINE,UAE,0
TXN_0001030,ACC_000503,ACC_000490,2026-08-04 04:10:08.755011,DEPOSIT,2374.75,BRANCH,Hong Kong,0
TXN_0001031,ACC_000072,ACC_000554,2026-08-06 23:14:10.755011,PAYMENT,5950.01,ONLINE,Singapore,0
TXN_0001032,ACC_000125,ACC_000581,2026-08-13 07:08:23.755011,WITHDRAWAL,18268.85,MOBILE,Hong Kong,1
TXN_0001033,ACC_000648,ACC_000982,2026-03-18 04:19:04.755011,TRANSFER,13082.98,MOBILE,UAE,0
TXN_0001034,ACC_000083,ACC_000862,2026-05-12 11:53:58.755011,DEPOSIT,17617.27,MOBILE,Hong Kong,0
TXN_0001035,ACC_000041,ACC_000991,2026-06-23 03:08:06.755011,DEPOSIT,4537.7,ATM,UK,0
TXN_0001036,ACC_000110,ACC_000646,2026-08-28 12:54:06.755011,WITHDRAWAL,53572.12,BRANCH,India,0
TXN_0001037,ACC_000753,ACC_000195,2026-05-31 12:14:39.755011,PAYMENT,1861.39,ONLINE,USA,0
TXN_0001038,ACC_000245,ACC_000501,2026-06-30 14:25:05.755011,DEPOSIT,1397.93,ONLINE,UAE,0
TXN_0001039,ACC_000547,ACC_000989,2026-06-12 11:47:20.755011,DEPOSIT,10607.77,ONLINE,India,0
TXN_0001040,ACC_000807,ACC_000739,2026-05-12 00:58:29.755011,TRANSFER,28467.49,BRANCH,India,0
TXN_0001041,ACC_000684,ACC_000536,2026-07-12 10:15:13.755011,DEPOSIT,61127.26,ATM,Hong Kong,0
TXN_0001042,ACC_000074,ACC_000038,2026-09-03 01:02:46.755011,PAYMENT,4671.98,BRANCH,Hong Kong,0
TXN_0001043,ACC_000941,ACC_000634,2026-08-30 14:51:07.755011,TRANSFER,29567.08,ATM,Hong Kong,0
TXN_0001044,ACC_000177,ACC_000648,2026-03-10 06:02:20.755011,TRANSFER,7737.16,MOBILE,India,0
TXN_0001045,ACC_000856,ACC_000606,2026-04-09 14:33:44.755011,TRANSFER,6586.96,ONLINE,India,0
TXN_0001046,ACC_000631,ACC_000226,2026-08-09 15:31:07.755011,TRANSFER,23397.67,ATM,Singapore,0
TXN_0001047,ACC_000756,ACC_000695,2026-08-16 18:38:58.755011,DEPOSIT,17725.99,MOBILE,India,0
TXN_0001048,ACC_000330,ACC_000857,2026-06-27 07:17:34.755011,PAYMENT,16117.39,ONLINE,UAE,1
TXN_0001049,ACC_000124,ACC_000281,2026-03-19 17:43:39.755011,PAYMENT,47660.03,BRANCH,USA,0
TXN_0001050,ACC_000169,ACC_000450,2026-06-22 22:09:33.755011,PAYMENT,42451.16,ONLINE,USA,0
TXN_0001051,ACC_000648,ACC_000628,2026-08-19 00:06:26.755011,DEPOSIT,3825.04,ATM,India,0
TXN_0001052,ACC_000007,ACC_000008,2026-03-23 03:17:12.755011,PAYMENT,13029.41,ONLINE,Hong Kong,0
TXN_0001053,ACC_000291,ACC_000427,2026-08-26 16:24:58.755011,DEPOSIT,14659.39,ATM,USA,0
TXN_0001054,ACC_000536,ACC_000462,2026-04-29 01:48:34.755011,DEPOSIT,11079.02,ATM,USA,0
TXN_0001055,ACC_000611,ACC_000185,2026-03-14 18:25:11.755011,DEPOSIT,4186.56,ONLINE,Hong Kong,0
TXN_0001056,ACC_000357,ACC_000429,2026-05-04 22:47:05.755011,TRANSFER,3619.36,ATM,USA,0
TXN_0001057,ACC_000098,ACC_000634,2026-06-18 09:59:55.755011,WITHDRAWAL,7858.37,ATM,Singapore,0
TXN_0001058,ACC_000214,ACC_000284,2026-07-13 11:46:46.755011,TRANSFER,33099.55,ATM,India,0
TXN_0001059,ACC_000865,ACC_000992,2026-07-18 12:33:34.755011,DEPOSIT,15557.84,BRANCH,USA,0
TXN_0001060,ACC_000045,ACC_000056,2026-09-02 15:03:36.755011,WITHDRAWAL,5194.02,MOBILE,USA,0
TXN_0001061,ACC_000632,ACC_000825,2026-05-11 09:01:05.755011,DEPOSIT,20456.14,ONLINE,India,0
TXN_0001062,ACC_000551,ACC_000181,2026-09-03 01:15:30.755011,PAYMENT,265.54,ONLINE,Singapore,0
TXN_0001063,ACC_000917,ACC_000241,2026-03-21 05:19:17.755011,DEPOSIT,32161.29,MOBILE,Singapore,0
TXN_0001064,ACC_000920,ACC_000334,2026-07-16 21:27:13.755011,PAYMENT,1004.6,ONLINE,UK,0
TXN_0001065,ACC_000756,ACC_000423,2026-04-22 12:08:37.755011,PAYMENT,5245.21,BRANCH,USA,0
TXN_0001066,ACC_000497,ACC_000056,2026-06-29 01:49:11.755011,DEPOSIT,2114.12,ATM,USA,0
TXN_0001067,ACC_000183,ACC_000397,2026-06-03 19:30:12.755011,WITHDRAWAL,1713.65,ATM,Singapore,0
TXN_0001068,ACC_000368,ACC_000999,2026-07-08 04:31:26.755011,WITHDRAWAL,32630.16,ATM,UK,0
TXN_0001069,ACC_000583,ACC_000062,2026-07-19 21:01:37.755011,WITHDRAWAL,4622.81,ATM,India,0
TXN_0001070,ACC_000429,ACC_000176,2026-06-04 12:13:29.755011,WITHDRAWAL,12280.95,ATM,UK,0
TXN_0001071,ACC_000814,ACC_000654,2026-08-07 18:38:51.755011,PAYMENT,7659.45,ATM,India,0
TXN_0001072,ACC_000501,ACC_000883,2026-06-16 18:42:39.755011,PAYMENT,14363.55,BRANCH,Singapore,0
TXN_0001073,ACC_000439,ACC_000754,2026-07-27 05:13:17.755011,PAYMENT,8885.59,ATM,UK,0
TXN_0001074,ACC_000914,ACC_000950,2026-04-19 15:34:55.755011,PAYMENT,1737.86,ONLINE,Singapore,0
TXN_0001075,ACC_000752,ACC_000788,2026-03-15 05:46:45.755011,TRANSFER,532152.78,BRANCH,UAE,1
TXN_0001076,ACC_000818,ACC_000714,2026-08-11 16:38:40.755011,TRANSFER,4480.51,BRANCH,Singapore,0
TXN_0001077,ACC_000772,ACC_000013,2026-06-23 21:49:48.755011,DEPOSIT,1251.5,ATM,USA,0
TXN_0001078,ACC_000664,ACC_000093,2026-04-22 21:12:13.755011,TRANSFER,4847.71,BRANCH,Hong Kong,0
TXN_0001079,ACC_000471,ACC_000879,2026-07-22 00:43:43.755011,TRANSFER,49065.52,BRANCH,Singapore,0
TXN_0001080,ACC_000721,ACC_000416,2026-08-24 05:09:18.755011,PAYMENT,22477.41,MOBILE,Hong Kong,0
TXN_0001081,ACC_000002,ACC_000882,2026-07-08 10:57:39.755011,TRANSFER,5332.72,BRANCH,Hong Kong,0
TXN_0001082,ACC_000304,ACC_000437,2026-03-13 19:33:04.755011,WITHDRAWAL,5328.85,ATM,Hong Kong,0
TXN_0001083,ACC_000344,ACC_000754,2026-08-25 12:08:16.755011,TRANSFER,5508.45,MOBILE,India,0
TXN_0001084,ACC_000477,ACC_000634,2026-05-17 10:52:08.755011,TRANSFER,97938.75,MOBILE,UK,0
TXN_0001085,ACC_000722,ACC_000069,2026-06-23 23:14:40.755011,PAYMENT,12814.37,ATM,UK,0
TXN_0001086,ACC_000665,ACC_000490,2026-03-29 12:18:33.755011,PAYMENT,13575.88,ATM,UK,0
TXN_0001087,ACC_000516,ACC_000697,2026-04-28 09:04:12.755011,DEPOSIT,27898.83,MOBILE,India,0
TXN_0001088,ACC_000464,ACC_000498,2026-05-13 11:57:52.755011,TRANSFER,10791.86,BRANCH,Hong Kong,0
TXN_0001089,ACC_000546,ACC_000922,2026-08-14 17:38:14.755011,WITHDRAWAL,5938.13,BRANCH,UAE,0
TXN_0001090,ACC_000969,ACC_000710,2026-07-16 04:55:40.755011,TRANSFER,6402.09,ATM,Singapore,0
TXN_0001091,ACC_000920,ACC_000184,2026-05-22 07:48:16.755011,WITHDRAWAL,7435.93,ONLINE,India,0
TXN_0001092,ACC_000714,ACC_000152,2026-03-29 05:09:52.755011,DEPOSIT,7749.11,ATM,USA,0
TXN_0001093,ACC_000024,ACC_000301,2026-07-07 06:24:40.755011,DEPOSIT,19402.47,ATM,Singapore,0
TXN_0001094,ACC_000756,ACC_000661,2026-06-01 15:37:47.755011,TRANSFER,8624.27,MOBILE,USA,0
TXN_0001095,ACC_000822,ACC_000238,2026-08-23 17:56:43.755011,WITHDRAWAL,19519.48,BRANCH,UAE,0
TXN_0001096,ACC_000806,ACC_000335,2026-07-10 21:54:32.755011,DEPOSIT,7355.03,BRANCH,Singapore,0
TXN_0001097,ACC_000920,ACC_000809,2026-04-02 02:02:36.755011,WITHDRAWAL,8904.95,ATM,UK,0
TXN_0001098,ACC_000995,ACC_000296,2026-05-18 16:16:57.755011,TRANSFER,736.68,ATM,UK,0
TXN_0001099,ACC_000634,ACC_000947,2026-04-08 18:24:01.755011,PAYMENT,24333.11,MOBILE,USA,0
TXN_0001100,ACC_000927,ACC_000683,2026-08-17 10:39:40.755011,PAYMENT,191845.32,ATM,USA,1
TXN_0001101,ACC_000589,ACC_000130,2026-05-07 22:40:32.755011,DEPOSIT,26839.02,MOBILE,UK,0
TXN_0001102,ACC_000725,ACC_000036,2026-06-24 16:28:21.755011,WITHDRAWAL,250.76,MOBILE,USA,0
TXN_0001103,ACC_000999,ACC_000167,2026-06-20 07:03:10.755011,WITHDRAWAL,99314.78,ONLINE,India,0
TXN_0001104,ACC_000787,ACC_000149,2026-06-12 10:32:37.755011,DEPOSIT,6853.35,MOBILE,USA,0
TXN_0001105,ACC_000560,ACC_001000,2026-07-28 20:43:41.755011,WITHDRAWAL,30632.58,MOBILE,Singapore,0
TXN_0001106,ACC_000588,ACC_000683,2026-07-31 21:44:24.755011,PAYMENT,2326.48,BRANCH,UK,0
TXN_0001107,ACC_000491,ACC_000922,2026-07-27 12:47:03.755011,TRANSFER,16904.39,ATM,Hong Kong,0
TXN_0001108,ACC_000026,ACC_000412,2026-05-06 06:51:33.755011,PAYMENT,2289.07,BRANCH,UK,0
TXN_0001109,ACC_000623,ACC_000657,2026-03-18 03:34:03.755011,PAYMENT,3833.28,ATM,UK,0
TXN_0001110,ACC_000552,ACC_000870,2026-03-23 16:38:51.755011,DEPOSIT,80566.45,ONLINE,UAE,0
TXN_0001111,ACC_000326,ACC_000618,2026-06-10 16:49:35.755011,TRANSFER,6445.78,MOBILE,Singapore,0
TXN_0001112,ACC_000438,ACC_000379,2026-08-20 06:06:27.755011,DEPOSIT,10518.8,MOBILE,India,0
TXN_0001113,ACC_000316,ACC_000457,2026-05-14 16:31:31.755011,TRANSFER,23019.14,ATM,Hong Kong,0
TXN_0001114,ACC_000426,ACC_000823,2026-07-29 10:51:41.755011,DEPOSIT,14688.47,MOBILE,USA,0
TXN_0001115,ACC_000435,ACC_000747,2026-08-28 18:47:14.755011,DEPOSIT,9706.03,ATM,UAE,0
TXN_0001116,ACC_000213,ACC_000311,2026-04-04 08:29:59.755011,DEPOSIT,12555.99,MOBILE,India,0
TXN_0001117,ACC_000775,ACC_000385,2026-06-30 03:51:19.755011,TRANSFER,144943.41,ONLINE,Singapore,0
TXN_0001118,ACC_000425,ACC_000180,2026-04-29 12:53:49.755011,DEPOSIT,7561.75,ATM,USA,0
TXN_0001119,ACC_000297,ACC_000568,2026-05-20 14:16:01.755011,DEPOSIT,10314.63,ONLINE,UK,0
TXN_0001120,ACC_000506,ACC_000573,2026-05-05 11:26:09.755011,DEPOSIT,28589.23,ATM,India,0
TXN_0001121,ACC_000269,ACC_000308,2026-04-06 08:53:45.755011,DEPOSIT,30535.07,ONLINE,Hong Kong,0
TXN_0001122,ACC_000428,ACC_000184,2026-05-02 07:49:13.755011,DEPOSIT,33672.49,ATM,India,0
TXN_0001123,ACC_000505,ACC_000994,2026-04-30 07:01:02.755011,TRANSFER,17439.21,MOBILE,UAE,0
TXN_0001124,ACC_000890,ACC_000265,2026-05-31 03:19:07.755011,DEPOSIT,2055.75,ONLINE,UK,0
TXN_0001125,ACC_000018,ACC_000866,2026-06-27 04:00:55.755011,WITHDRAWAL,57533.22,ATM,UAE,0
TXN_0001126,ACC_000473,ACC_000900,2026-05-08 12:54:51.755011,PAYMENT,2047.52,MOBILE,USA,0
TXN_0001127,ACC_000430,ACC_000652,2026-05-16 14:14:09.755011,WITHDRAWAL,11651.18,ONLINE,UK,0
TXN_0001128,ACC_000959,ACC_000079,2026-07-09 12:47:55.755011,PAYMENT,3277.61,ATM,India,0
TXN_0001129,ACC_000557,ACC_000331,2026-04-08 22:00:07.755011,WITHDRAWAL,7502.82,MOBILE,UK,0
TXN_0001130,ACC_000372,ACC_000099,2026-07-19 03:01:12.755011,WITHDRAWAL,12022.26,ATM,India,0
TXN_0001131,ACC_000382,ACC_000798,2026-05-01 02:35:38.755011,DEPOSIT,11915.9,BRANCH,UK,0
TXN_0001132,ACC_000105,ACC_000224,2026-04-08 02:51:47.755011,PAYMENT,13444.22,ATM,USA,0
TXN_0001133,ACC_000629,ACC_000707,2026-06-23 22:36:51.755011,TRANSFER,56187.72,BRANCH,Singapore,0
TXN_0001134,ACC_000839,ACC_000135,2026-03-30 02:19:39.755011,TRANSFER,13964.05,BRANCH,UK,0
TXN_0001135,ACC_000143,ACC_000837,2026-05-16 20:47:03.755011,DEPOSIT,6045.15,MOBILE,USA,0
TXN_0001136,ACC_000763,ACC_000835,2026-03-13 01:07:16.755011,TRANSFER,25768.41,ATM,USA,0
TXN_0001137,ACC_000705,ACC_000233,2026-04-04 02:32:05.755011,WITHDRAWAL,33771.23,ATM,USA,0
TXN_0001138,ACC_000436,ACC_000708,2026-03-22 17:25:04.755011,TRANSFER,1857.28,ONLINE,India,0
TXN_0001139,ACC_000442,ACC_000044,2026-08-01 12:31:28.755011,PAYMENT,16595.39,ONLINE,India,0
TXN_0001140,ACC_000608,ACC_000061,2026-06-15 04:04:43.755011,DEPOSIT,18796.15,ONLINE,UK,0
TXN_0001141,ACC_000684,ACC_000011,2026-05-05 00:51:48.755011,TRANSFER,5669.88,ONLINE,UAE,0
TXN_0001142,ACC_000205,ACC_000190,2026-08-29 10:52:17.755011,WITHDRAWAL,42228.4,ONLINE,India,0
TXN_0001143,ACC_000965,ACC_000285,2026-07-30 08:37:37.755011,WITHDRAWAL,6767.81,MOBILE,USA,0
TXN_0001144,ACC_000747,ACC_000628,2026-08-06 01:53:38.755011,PAYMENT,9420.96,ONLINE,India,0
TXN_0001145,ACC_000015,ACC_000542,2026-08-02 16:04:02.755011,PAYMENT,6583.45,ATM,UK,0
TXN_0001146,ACC_000551,ACC_000005,2026-07-31 21:04:12.755011,TRANSFER,8255.99,ATM,UAE,0
TXN_0001147,ACC_000376,ACC_000715,2026-06-07 15:25:36.755011,PAYMENT,2174.32,BRANCH,Hong Kong,0
TXN_0001148,ACC_000389,ACC_000435,2026-04-11 13:54:26.755011,PAYMENT,25218.87,ATM,Singapore,1
TXN_0001149,ACC_000127,ACC_000478,2026-05-07 11:44:40.755011,TRANSFER,54907.55,ATM,Singapore,0
TXN_0001150,ACC_000296,ACC_000571,2026-07-22 07:22:34.755011,TRANSFER,2932.6,ONLINE,UK,0
TXN_0001151,ACC_000291,ACC_000468,2026-05-21 04:18:07.755011,WITHDRAWAL,2465.94,BRANCH,USA,0
TXN_0001152,ACC_000876,ACC_000439,2026-05-02 21:20:11.755011,PAYMENT,611.51,ONLINE,Singapore,0
TXN_0001153,ACC_000184,ACC_000014,2026-05-17 19:29:35.755011,DEPOSIT,3764.03,ONLINE,Singapore,0
TXN_0001154,ACC_000693,ACC_000088,2026-07-13 08:08:58.755011,TRANSFER,1656.22,ATM,Singapore,0
TXN_0001155,ACC_000105,ACC_000760,2026-06-30 03:17:18.755011,PAYMENT,58128.9,ONLINE,UK,0
TXN_0001156,ACC_000865,ACC_000414,2026-05-12 05:13:48.755011,TRANSFER,217883.51,ATM,Singapore,1
TXN_0001157,ACC_000784,ACC_000731,2026-04-30 13:04:54.755011,WITHDRAWAL,3548.28,BRANCH,UK,0
TXN_0001158,ACC_000973,ACC_000415,2026-07-02 14:02:48.755011,DEPOSIT,120924.66,MOBILE,USA,0
TXN_0001159,ACC_000126,ACC_000257,2026-03-28 10:34:46.755011,DEPOSIT,26320.9,BRANCH,USA,0
TXN_0001160,ACC_000031,ACC_000102,2026-04-02 14:24:45.755011,TRANSFER,5487.36,ONLINE,Singapore,0
TXN_0001161,ACC_000392,ACC_000620,2026-04-11 05:44:19.755011,WITHDRAWAL,403.72,ATM,UK,0
TXN_0001162,ACC_000779,ACC_000079,2026-03-26 04:02:22.755011,DEPOSIT,126643.47,BRANCH,USA,0
TXN_0001163,ACC_000503,ACC_000517,2026-06-12 03:28:11.755011,WITHDRAWAL,1529.22,MOBILE,UAE,0
TXN_0001164,ACC_000033,ACC_000441,2026-08-02 19:25:36.755011,TRANSFER,1124.98,BRANCH,Singapore,0
TXN_0001165,ACC_000454,ACC_000471,2026-05-19 12:56:51.755011,TRANSFER,27641.8,ONLINE,USA,0
TXN_0001166,ACC_000799,ACC_000311,2026-08-21 12:39:49.755011,PAYMENT,151403.37,BRANCH,Singapore,0
TXN_0001167,ACC_000399,ACC_000500,2026-07-24 10:36:14.755011,TRANSFER,42664.71,BRANCH,Hong Kong,0
TXN_0001168,ACC_000586,ACC_000482,2026-06-20 04:50:34.755011,DEPOSIT,15941.66,ATM,UAE,0
TXN_0001169,ACC_000507,ACC_000606,2026-04-27 14:34:59.755011,DEPOSIT,16542.78,MOBILE,UK,0
TXN_0001170,ACC_000605,ACC_000047,2026-03-12 22:16:00.755011,PAYMENT,22563.72,MOBILE,UK,0
TXN_0001171,ACC_000028,ACC_000784,2026-06-28 20:34:32.755011,WITHDRAWAL,20145.06,BRANCH,India,0
TXN_0001172,ACC_000422,ACC_000360,2026-05-15 20:32:19.755011,TRANSFER,11355.18,ATM,USA,0
TXN_0001173,ACC_000607,ACC_000087,2026-05-07 01:34:53.755011,TRANSFER,9182.38,MOBILE,India,0
TXN_0001174,ACC_000552,ACC_000334,2026-03-11 06:57:24.755011,TRANSFER,7516.74,BRANCH,Hong Kong,0
TXN_0001175,ACC_000528,ACC_000924,2026-06-25 18:23:39.755011,DEPOSIT,3278.83,MOBILE,India,0
TXN_0001176,ACC_000023,ACC_000325,2026-06-29 15:19:14.755011,DEPOSIT,5785.96,BRANCH,UK,0
TXN_0001177,ACC_000501,ACC_000103,2026-08-11 10:10:01.755011,PAYMENT,1062.58,MOBILE,Singapore,0
TXN_0001178,ACC_000684,ACC_000348,2026-08-02 23:48:09.755011,PAYMENT,7201.12,MOBILE,UK,0
TXN_0001179,ACC_000868,ACC_000998,2026-04-15 15:21:20.755011,TRANSFER,30814.99,ATM,UK,1
TXN_0001180,ACC_000588,ACC_000412,2026-05-04 04:42:18.755011,PAYMENT,2155.32,ONLINE,Hong Kong,0
TXN_0001181,ACC_000607,ACC_000345,2026-03-25 20:34:58.755011,WITHDRAWAL,10055.48,ONLINE,UAE,0
TXN_0001182,ACC_000438,ACC_000215,2026-06-07 18:00:12.755011,WITHDRAWAL,43062.28,ONLINE,Hong Kong,0
TXN_0001183,ACC_000824,ACC_000308,2026-06-13 10:52:58.755011,DEPOSIT,24391.25,MOBILE,USA,0
TXN_0001184,ACC_000640,ACC_000528,2026-04-25 06:04:15.755011,DEPOSIT,1230.77,ATM,India,0
TXN_0001185,ACC_000884,ACC_000192,2026-06-15 16:52:15.755011,DEPOSIT,2471.17,ATM,Hong Kong,0
TXN_0001186,ACC_000275,ACC_000960,2026-07-29 14:01:56.755011,DEPOSIT,477883.71,ONLINE,UAE,1
TXN_0001187,ACC_000152,ACC_000247,2026-06-05 06:26:11.755011,PAYMENT,2492.43,MOBILE,Singapore,0
TXN_0001188,ACC_000851,ACC_000934,2026-08-21 11:50:57.755011,TRANSFER,6188.45,ATM,Singapore,0
TXN_0001189,ACC_000662,ACC_000165,2026-05-02 04:49:01.755011,WITHDRAWAL,15678.76,ATM,Singapore,0
TXN_0001190,ACC_000197,ACC_000029,2026-04-05 13:58:01.755011,PAYMENT,2535.1,MOBILE,Singapore,0
TXN_0001191,ACC_000433,ACC_000663,2026-05-31 03:37:08.755011,TRANSFER,9195.33,ATM,USA,0
TXN_0001192,ACC_000265,ACC_000809,2026-03-13 02:54:11.755011,WITHDRAWAL,1634.63,ATM,Hong Kong,0
TXN_0001193,ACC_000498,ACC_000802,2026-07-25 18:03:54.755011,TRANSFER,3937.73,ONLINE,India,0
TXN_0001194,ACC_000888,ACC_000066,2026-05-04 07:46:32.755011,DEPOSIT,11893.39,MOBILE,Hong Kong,0
TXN_0001195,ACC_000407,ACC_000966,2026-03-24 23:57:00.755011,PAYMENT,1198.0,ATM,India,0
TXN_0001196,ACC_000956,ACC_000124,2026-06-12 14:25:09.755011,WITHDRAWAL,13746.91,BRANCH,India,0
TXN_0001197,ACC_000792,ACC_000827,2026-03-31 04:56:36.755011,WITHDRAWAL,7914.36,MOBILE,UAE,0
TXN_0001198,ACC_000767,ACC_000762,2026-08-10 22:35:10.755011,PAYMENT,15724.7,BRANCH,USA,0
TXN_0001199,ACC_000220,ACC_000994,2026-04-10 11:22:12.755011,WITHDRAWAL,10600.93,BRANCH,Singapore,0
TXN_0001200,ACC_000058,ACC_000503,2026-06-29 22:16:21.755011,WITHDRAWAL,41646.33,ONLINE,UK,0
TXN_0001201,ACC_000700,ACC_000253,2026-06-07 16:04:22.755011,WITHDRAWAL,9416.98,ATM,UK,0
TXN_0001202,ACC_000842,ACC_000316,2026-05-17 20:52:53.755011,TRANSFER,4840.21,ONLINE,Hong Kong,0
TXN_0001203,ACC_000708,ACC_000940,2026-03-18 01:53:01.755011,PAYMENT,9383.96,MOBILE,UAE,0
TXN_0001204,ACC_000982,ACC_000718,2026-07-09 12:48:38.755011,WITHDRAWAL,15552.2,ONLINE,UAE,0
TXN_0001205,ACC_000454,ACC_000398,2026-08-21 00:01:03.755011,TRANSFER,8592.39,BRANCH,UK,0
TXN_0001206,ACC_000775,ACC_000242,2026-08-14 05:11:17.755011,WITHDRAWAL,8507.56,ATM,USA,0
TXN_0001207,ACC_000325,ACC_000901,2026-07-08 01:24:32.755011,DEPOSIT,3489.84,ONLINE,UK,0
TXN_0001208,ACC_000799,ACC_000964,2026-08-14 07:28:18.755011,DEPOSIT,3657.44,BRANCH,Hong Kong,0
TXN_0001209,ACC_000341,ACC_000735,2026-08-17 19:11:53.755011,DEPOSIT,1505.49,ONLINE,USA,0
TXN_0001210,ACC_000068,ACC_000361,2026-06-13 18:46:55.755011,DEPOSIT,66137.56,MOBILE,Singapore,0
TXN_0001211,ACC_000054,ACC_000657,2026-08-02 10:09:18.755011,PAYMENT,1821.41,BRANCH,Hong Kong,0
TXN_0001212,ACC_000205,ACC_000644,2026-05-24 06:18:42.755011,WITHDRAWAL,3528.1,MOBILE,UAE,0
TXN_0001213,ACC_000256,ACC_000529,2026-04-07 02:35:53.755011,PAYMENT,3421.76,BRANCH,UK,0
TXN_0001214,ACC_000753,ACC_000137,2026-08-24 01:55:28.755011,WITHDRAWAL,23716.1,ATM,Hong Kong,0
TXN_0001215,ACC_000819,ACC_000289,2026-05-10 01:43:39.755011,PAYMENT,5687.7,ONLINE,Singapore,0
TXN_0001216,ACC_000898,ACC_000387,2026-05-22 20:54:28.755011,PAYMENT,36217.24,ONLINE,India,0
TXN_0001217,ACC_000627,ACC_000642,2026-07-11 02:49:40.755011,PAYMENT,3611.26,ONLINE,Singapore,0
TXN_0001218,ACC_000873,ACC_000173,2026-07-21 15:12:21.755011,TRANSFER,11325.28,BRANCH,UAE,0
TXN_0001219,ACC_000153,ACC_000092,2026-04-26 23:30:55.755011,WITHDRAWAL,2973.76,ATM,UAE,0
TXN_0001220,ACC_000539,ACC_000446,2026-07-24 23:56:01.755011,DEPOSIT,106316.84,BRANCH,India,0
TXN_0001221,ACC_000196,ACC_000969,2026-04-15 21:49:05.755011,WITHDRAWAL,1948.63,MOBILE,Hong Kong,0
TXN_0001222,ACC_000442,ACC_000877,2026-04-01 17:51:54.755011,PAYMENT,11752.07,ATM,UK,0
TXN_0001223,ACC_000429,ACC_000185,2026-04-13 05:35:18.755011,DEPOSIT,17335.86,ATM,India,0
TXN_0001224,ACC_000242,ACC_000633,2026-04-27 07:09:58.755011,DEPOSIT,13313.83,ATM,UK,0
TXN_0001225,ACC_000470,ACC_000088,2026-07-11 03:25:42.755011,TRANSFER,6487.64,BRANCH,USA,0
TXN_0001226,ACC_000408,ACC_000704,2026-07-20 00:48:57.755011,PAYMENT,6934.16,BRANCH,Hong Kong,0
TXN_0001227,ACC_000263,ACC_000075,2026-07-01 10:13:37.755011,TRANSFER,8540.49,ONLINE,India,0
TXN_0001228,ACC_000483,ACC_000931,2026-04-22 01:31:57.755011,WITHDRAWAL,6792.66,ONLINE,India,0
TXN_0001229,ACC_000391,ACC_000310,2026-07-05 18:54:26.755011,DEPOSIT,25761.98,MOBILE,USA,0
TXN_0001230,ACC_000184,ACC_000267,2026-06-24 02:49:57.755011,PAYMENT,645901.96,BRANCH,UK,1
TXN_0001231,ACC_000092,ACC_000325,2026-04-02 01:52:54.755011,DEPOSIT,4150.61,ATM,UK,0
TXN_0001232,ACC_000131,ACC_000512,2026-03-16 00:54:10.755011,WITHDRAWAL,1565.93,MOBILE,Singapore,0
TXN_0001233,ACC_000270,ACC_000628,2026-08-24 17:54:43.755011,WITHDRAWAL,7288.56,MOBILE,Singapore,0
TXN_0001234,ACC_000755,ACC_000504,2026-05-07 17:37:43.755011,PAYMENT,179091.33,BRANCH,India,0
TXN_0001235,ACC_000236,ACC_000188,2026-03-18 01:23:37.755011,TRANSFER,3088.96,BRANCH,UK,0
TXN_0001236,ACC_000447,ACC_000119,2026-06-06 04:05:20.755011,DEPOSIT,57927.07,ONLINE,Singapore,0
TXN_0001237,ACC_000575,ACC_000497,2026-07-23 03:24:27.755011,DEPOSIT,60672.21,BRANCH,India,0
TXN_0001238,ACC_000152,ACC_000127,2026-08-22 19:02:33.755011,WITHDRAWAL,4170.1,ONLINE,USA,0
TXN_0001239,ACC_000855,ACC_000173,2026-04-11 13:00:19.755011,WITHDRAWAL,16039.02,ATM,UAE,0
TXN_0001240,ACC_000585,ACC_000185,2026-03-08 06:19:10.755011,DEPOSIT,737149.26,ONLINE,USA,1
TXN_0001241,ACC_000097,ACC_000909,2026-07-16 21:42:52.755011,WITHDRAWAL,5141.23,ONLINE,UK,0
TXN_0001242,ACC_000125,ACC_000404,2026-07-17 15:06:06.755011,WITHDRAWAL,6346.78,ONLINE,UK,0
TXN_0001243,ACC_000472,ACC_000851,2026-03-23 04:52:27.755011,DEPOSIT,4031.86,BRANCH,Hong Kong,0
TXN_0001244,ACC_000338,ACC_000994,2026-06-30 20:17:05.755011,TRANSFER,35654.92,BRANCH,UK,1
TXN_0001245,ACC_000929,ACC_000981,2026-07-28 01:16:09.755011,PAYMENT,3717.72,ATM,India,0
TXN_0001246,ACC_000331,ACC_000818,2026-05-01 09:45:12.755011,TRANSFER,1865.48,ONLINE,UAE,0
TXN_0001247,ACC_000262,ACC_000183,2026-05-20 12:30:10.755011,PAYMENT,53925.71,BRANCH,India,1
TXN_0001248,ACC_000167,ACC_000398,2026-04-16 21:28:49.755011,DEPOSIT,3216.45,MOBILE,Hong Kong,0
TXN_0001249,ACC_000158,ACC_000124,2026-07-12 11:15:10.755011,WITHDRAWAL,10727.26,BRANCH,Singapore,0
TXN_0001250,ACC_000318,ACC_000926,2026-09-02 10:31:28.755011,PAYMENT,1252.54,MOBILE,Hong Kong,0
TXN_0001251,ACC_000525,ACC_000205,2026-05-17 19:33:54.755011,DEPOSIT,12052.85,BRANCH,Singapore,0
TXN_0001252,ACC_000615,ACC_000434,2026-06-24 19:07:42.755011,TRANSFER,22031.64,BRANCH,UK,0
TXN_0001253,ACC_000646,ACC_000437,2026-05-30 18:10:20.755011,TRANSFER,740.64,ONLINE,UAE,0
TXN_0001254,ACC_000693,ACC_000230,2026-06-05 11:16:28.755011,PAYMENT,12693.79,BRANCH,UAE,0
TXN_0001255,ACC_000086,ACC_000298,2026-06-17 08:16:04.755011,DEPOSIT,35355.27,BRANCH,India,0
TXN_0001256,ACC_000308,ACC_000153,2026-06-08 04:55:21.755011,PAYMENT,1897.76,MOBILE,USA,0
TXN_0001257,ACC_000583,ACC_000049,2026-05-03 20:08:11.755011,TRANSFER,60299.97,ONLINE,UAE,0
TXN_0001258,ACC_000423,ACC_000097,2026-05-28 23:19:57.755011,DEPOSIT,13397.49,MOBILE,UK,0
TXN_0001259,ACC_000788,ACC_000516,2026-03-23 08:09:57.755011,TRANSFER,3477.21,ONLINE,Hong Kong,0
TXN_0001260,ACC_000806,ACC_000187,2026-04-11 07:51:57.755011,DEPOSIT,7578.55,ONLINE,India,0
TXN_0001261,ACC_000305,ACC_000322,2026-07-22 05:44:03.755011,DEPOSIT,15835.23,BRANCH,UAE,0
TXN_0001262,ACC_000990,ACC_000941,2026-05-12 17:49:32.755011,PAYMENT,8876.89,ATM,USA,0
TXN_0001263,ACC_000266,ACC_000893,2026-07-02 18:10:57.755011,TRANSFER,15467.67,BRANCH,UAE,0
TXN_0001264,ACC_000120,ACC_000014,2026-05-23 03:37:02.755011,PAYMENT,2684.34,BRANCH,Singapore,0
TXN_0001265,ACC_000674,ACC_000989,2026-08-23 03:54:10.755011,DEPOSIT,9929.18,MOBILE,UAE,0
TXN_0001266,ACC_000370,ACC_000708,2026-07-05 05:19:53.755011,DEPOSIT,1485.55,MOBILE,India,0
TXN_0001267,ACC_000196,ACC_000115,2026-03-10 03:45:31.755011,TRANSFER,7090.62,ATM,India,0
TXN_0001268,ACC_000149,ACC_000666,2026-07-11 09:53:43.755011,PAYMENT,2738.9,BRANCH,Hong Kong,0
TXN_0001269,ACC_000196,ACC_000089,2026-06-20 01:04:07.755011,WITHDRAWAL,3352.17,BRANCH,USA,0
TXN_0001270,ACC_000120,ACC_000171,2026-03-11 16:45:57.755011,PAYMENT,35714.49,BRANCH,Singapore,0
TXN_0001271,ACC_000461,ACC_000600,2026-08-21 10:02:02.755011,PAYMENT,30018.59,ATM,UK,0
TXN_0001272,ACC_000402,ACC_000053,2026-08-16 09:03:41.755011,WITHDRAWAL,16830.8,ONLINE,India,0
TXN_0001273,ACC_000443,ACC_000426,2026-07-23 22:20:44.755011,DEPOSIT,2184.68,MOBILE,India,0
TXN_0001274,ACC_000526,ACC_000606,2026-06-09 20:29:12.755011,DEPOSIT,5543.1,ATM,Hong Kong,0
TXN_0001275,ACC_000433,ACC_000591,2026-03-11 03:43:48.755011,WITHDRAWAL,34742.44,ONLINE,UK,0
TXN_0001276,ACC_000911,ACC_000485,2026-05-27 11:05:37.755011,TRANSFER,9605.2,BRANCH,UAE,0
TXN_0001277,ACC_000460,ACC_000715,2026-05-13 19:07:48.755011,DEPOSIT,131031.82,ONLINE,USA,0
TXN_0001278,ACC_000481,ACC_000353,2026-04-13 18:48:54.755011,DEPOSIT,12990.6,ATM,UAE,0
TXN_0001279,ACC_000702,ACC_000348,2026-08-30 23:39:58.755011,DEPOSIT,10203.22,ATM,UK,0
TXN_0001280,ACC_000983,ACC_000427,2026-05-22 06:21:14.755011,WITHDRAWAL,5591.82,BRANCH,USA,0
TXN_0001281,ACC_000708,ACC_000768,2026-05-01 07:26:17.755011,TRANSFER,9511.43,BRANCH,USA,0
TXN_0001282,ACC_000621,ACC_000504,2026-04-06 19:34:07.755011,TRANSFER,6748.23,BRANCH,Singapore,0
TXN_0001283,ACC_000571,ACC_000049,2026-04-17 03:07:13.755011,TRANSFER,18953.24,MOBILE,UK,0
TXN_0001284,ACC_000179,ACC_000848,2026-04-07 06:14:50.755011,TRANSFER,25541.06,ONLINE,UK,0
TXN_0001285,ACC_000233,ACC_000124,2026-07-05 09:08:38.755011,PAYMENT,3155.22,BRANCH,UK,0
TXN_0001286,ACC_000048,ACC_000789,2026-08-06 20:55:30.755011,WITHDRAWAL,16940.06,ATM,Hong Kong,1
TXN_0001287,ACC_000686,ACC_000107,2026-07-02 19:17:07.755011,TRANSFER,894.76,BRANCH,Singapore,0
TXN_0001288,ACC_000109,ACC_000801,2026-08-01 05:12:33.755011,TRANSFER,99340.02,ONLINE,UAE,1
TXN_0001289,ACC_000121,ACC_000892,2026-07-07 18:45:38.755011,PAYMENT,2155.89,MOBILE,USA,0
TXN_0001290,ACC_000453,ACC_000781,2026-07-22 23:22:21.755011,DEPOSIT,611.88,ONLINE,USA,0
TXN_0001291,ACC_000839,ACC_000142,2026-05-11 10:28:34.755011,TRANSFER,12916.93,ATM,Singapore,0
TXN_0001292,ACC_000252,ACC_000855,2026-08-03 19:54:50.755011,DEPOSIT,2668718.17,MOBILE,UK,1
TXN_0001293,ACC_000273,ACC_000382,2026-03-24 00:18:38.755011,DEPOSIT,8044.27,MOBILE,Hong Kong,0
TXN_0001294,ACC_000772,ACC_000772,2026-04-05 21:39:06.755011,DEPOSIT,22163.21,ATM,USA,0
TXN_0001295,ACC_000941,ACC_000420,2026-05-26 17:43:11.755011,DEPOSIT,8939.15,MOBILE,India,0
TXN_0001296,ACC_000011,ACC_000735,2026-08-04 00:15:36.755011,TRANSFER,7196.37,ONLINE,UK,0
TXN_0001297,ACC_000169,ACC_000445,2026-08-04 10:36:34.755011,TRANSFER,24413.51,BRANCH,India,0
TXN_0001298,ACC_000155,ACC_000925,2026-07-10 00:32:21.755011,TRANSFER,5719.69,MOBILE,Singapore,0
TXN_0001299,ACC_000718,ACC_000567,2026-07-17 16:10:46.755011,WITHDRAWAL,11168.7,MOBILE,UK,0
TXN_0001300,ACC_000922,ACC_000541,2026-04-30 18:57:53.755011,PAYMENT,11920.77,BRANCH,Singapore,0
TXN_0001301,ACC_000558,ACC_000640,2026-08-26 19:30:49.755011,DEPOSIT,3634.73,MOBILE,Hong Kong,0
TXN_0001302,ACC_000903,ACC_000309,2026-04-14 18:33:25.755011,TRANSFER,26647.51,ONLINE,UAE,0
TXN_0001303,ACC_000737,ACC_000758,2026-07-26 06:17:49.755011,PAYMENT,6568.55,MOBILE,USA,0
TXN_0001304,ACC_000320,ACC_000534,2026-06-22 14:36:02.755011,WITHDRAWAL,3271.83,ATM,India,0
TXN_0001305,ACC_000553,ACC_000607,2026-08-09 03:30:40.755011,WITHDRAWAL,15426.03,ATM,UK,0
TXN_0001306,ACC_000114,ACC_000750,2026-06-13 13:50:32.755011,TRANSFER,2756.83,MOBILE,UK,0
TXN_0001307,ACC_000127,ACC_000049,2026-05-15 07:03:27.755011,TRANSFER,8381.8,BRANCH,UK,0
TXN_0001308,ACC_000465,ACC_000348,2026-03-08 11:23:18.755011,PAYMENT,8014.9,ATM,UK,0
TXN_0001309,ACC_000804,ACC_000835,2026-07-14 23:10:32.755011,PAYMENT,29824.18,BRANCH,UAE,0
TXN_0001310,ACC_000336,ACC_000529,2026-03-27 21:29:06.755011,PAYMENT,14323.23,MOBILE,Singapore,0
TXN_0001311,ACC_000436,ACC_000849,2026-07-23 15:34:37.755011,DEPOSIT,7863.35,ONLINE,India,0
TXN_0001312,ACC_000134,ACC_000488,2026-08-26 23:50:44.755011,PAYMENT,21618.82,BRANCH,India,0
TXN_0001313,ACC_000413,ACC_000603,2026-06-17 15:37:15.755011,DEPOSIT,42969.64,MOBILE,UAE,0
TXN_0001314,ACC_000451,ACC_000706,2026-05-28 16:22:57.755011,DEPOSIT,15825.41,BRANCH,USA,0
TXN_0001315,ACC_000497,ACC_000729,2026-04-01 03:31:58.755011,DEPOSIT,8204.38,ATM,Hong Kong,0
TXN_0001316,ACC_000121,ACC_000712,2026-06-18 05:04:06.755011,PAYMENT,1678.74,BRANCH,Singapore,0
TXN_0001317,ACC_000967,ACC_000573,2026-04-06 22:01:05.755011,WITHDRAWAL,2257.16,ONLINE,UAE,0
TXN_0001318,ACC_000124,ACC_000379,2026-03-28 21:17:45.755011,WITHDRAWAL,5618.0,ONLINE,UAE,0
TXN_0001319,ACC_000313,ACC_000384,2026-05-18 14:15:20.755011,WITHDRAWAL,3899.43,MOBILE,Singapore,0
TXN_0001320,ACC_000146,ACC_000803,2026-04-04 04:54:42.755011,DEPOSIT,6474.55,ONLINE,UK,0
TXN_0001321,ACC_000188,ACC_000839,2026-04-18 07:46:28.755011,DEPOSIT,8673.09,ONLINE,India,0
TXN_0001322,ACC_000892,ACC_000046,2026-03-20 13:57:56.755011,DEPOSIT,15300.35,BRANCH,UAE,0
TXN_0001323,ACC_000922,ACC_000346,2026-06-03 07:18:35.755011,DEPOSIT,7445.77,BRANCH,Hong Kong,0
TXN_0001324,ACC_000781,ACC_000142,2026-04-02 06:01:47.755011,DEPOSIT,14527.55,BRANCH,Hong Kong,0
TXN_0001325,ACC_000746,ACC_000334,2026-08-22 16:33:18.755011,TRANSFER,8754.9,BRANCH,Singapore,0
TXN_0001326,ACC_000348,ACC_000554,2026-05-23 05:46:35.755011,TRANSFER,757.06,BRANCH,Hong Kong,0
TXN_0001327,ACC_000887,ACC_000170,2026-03-24 15:40:17.755011,TRANSFER,2624.9,MOBILE,UAE,0
TXN_0001328,ACC_000573,ACC_000088,2026-07-10 11:56:59.755011,PAYMENT,6816.46,ONLINE,UAE,0
TXN_0001329,ACC_000488,ACC_000515,2026-07-31 04:56:55.755011,TRANSFER,1897.64,ONLINE,Hong Kong,0
TXN_0001330,ACC_000986,ACC_000020,2026-04-11 08:45:25.755011,WITHDRAWAL,16645.82,ATM,USA,0
TXN_0001331,ACC_000909,ACC_000594,2026-08-17 08:43:51.755011,DEPOSIT,50863.51,ONLINE,UAE,0
TXN_0001332,ACC_000604,ACC_000047,2026-05-24 11:36:21.755011,DEPOSIT,34979.39,ONLINE,UK,0
TXN_0001333,ACC_000025,ACC_000881,2026-05-27 00:50:10.755011,WITHDRAWAL,6272.11,BRANCH,UK,0
TXN_0001334,ACC_000555,ACC_000173,2026-03-26 18:01:13.755011,WITHDRAWAL,48478.29,ATM,USA,0
TXN_0001335,ACC_000158,ACC_000315,2026-03-24 20:47:29.755011,DEPOSIT,9685.65,ATM,India,0
TXN_0001336,ACC_000186,ACC_000028,2026-05-09 15:03:24.755011,TRANSFER,5407.25,MOBILE,Singapore,0
TXN_0001337,ACC_000423,ACC_000915,2026-04-04 03:00:23.755011,WITHDRAWAL,3881.27,MOBILE,Singapore,0
TXN_0001338,ACC_000124,ACC_000054,2026-08-29 03:04:23.755011,PAYMENT,5636.6,ATM,UAE,0
TXN_0001339,ACC_000521,ACC_000771,2026-06-11 04:32:34.755011,DEPOSIT,5085.7,ONLINE,UK,0
TXN_0001340,ACC_000567,ACC_000417,2026-06-05 17:19:36.755011,TRANSFER,9941.76,BRANCH,India,0
TXN_0001341,ACC_000936,ACC_000908,2026-04-21 20:24:06.755011,TRANSFER,9825.03,MOBILE,UAE,0
TXN_0001342,ACC_000782,ACC_000569,2026-07-16 13:16:27.755011,PAYMENT,53047.08,MOBILE,UAE,1
TXN_0001343,ACC_000867,ACC_000652,2026-03-23 18:08:00.755011,PAYMENT,13688.7,ATM,UK,0
TXN_0001344,ACC_000801,ACC_000252,2026-04-09 02:54:23.755011,DEPOSIT,33818.91,BRANCH,India,0
TXN_0001345,ACC_000985,ACC_000850,2026-06-05 16:31:39.755011,WITHDRAWAL,25322.91,ATM,India,0
TXN_0001346,ACC_000494,ACC_000280,2026-09-02 11:02:29.755011,WITHDRAWAL,1363.93,BRANCH,UK,0
TXN_0001347,ACC_000600,ACC_000861,2026-04-17 18:35:54.755011,WITHDRAWAL,378.15,ONLINE,USA,0
TXN_0001348,ACC_000072,ACC_000308,2026-06-24 19:14:33.755011,TRANSFER,24864.19,BRANCH,Hong Kong,0
TXN_0001349,ACC_000743,ACC_000570,2026-04-03 13:54:34.755011,WITHDRAWAL,1571.44,BRANCH,USA,0
TXN_0001350,ACC_000326,ACC_000906,2026-08-10 04:56:48.755011,WITHDRAWAL,6187.47,MOBILE,Hong Kong,0
TXN_0001351,ACC_000679,ACC_000330,2026-04-24 05:12:03.755011,WITHDRAWAL,1989.95,ATM,Singapore,0
TXN_0001352,ACC_000709,ACC_000137,2026-05-10 05:48:50.755011,TRANSFER,4883.34,BRANCH,India,1
TXN_0001353,ACC_000178,ACC_000424,2026-07-16 02:07:52.755011,DEPOSIT,15517.99,BRANCH,UAE,0
TXN_0001354,ACC_000665,ACC_000667,2026-08-24 16:54:17.755011,TRANSFER,20150.54,ONLINE,Hong Kong,0
TXN_0001355,ACC_000362,ACC_000996,2026-03-31 10:15:02.755011,DEPOSIT,4056.95,MOBILE,Singapore,0
TXN_0001356,ACC_000832,ACC_000714,2026-08-03 14:04:20.755011,TRANSFER,361.68,ONLINE,Singapore,0
TXN_0001357,ACC_000456,ACC_000010,2026-04-13 22:29:41.755011,PAYMENT,4207.01,ONLINE,UK,0
TXN_0001358,ACC_000367,ACC_000197,2026-07-23 04:11:36.755011,TRANSFER,12967.02,MOBILE,Hong Kong,0
TXN_0001359,ACC_000991,ACC_000372,2026-06-11 08:24:26.755011,TRANSFER,1373.76,MOBILE,Singapore,0
TXN_0001360,ACC_000621,ACC_000215,2026-07-22 17:48:06.755011,TRANSFER,10097.39,ATM,Hong Kong,0
TXN_0001361,ACC_000285,ACC_000583,2026-08-23 09:11:44.755011,DEPOSIT,7955.57,ATM,UAE,0
TXN_0001362,ACC_000580,ACC_000689,2026-07-28 22:13:07.755011,PAYMENT,16238.66,ONLINE,UAE,0
TXN_0001363,ACC_000131,ACC_000266,2026-03-20 02:14:38.755011,PAYMENT,9353.41,MOBILE,USA,0
TXN_0001364,ACC_000994,ACC_000710,2026-03-11 22:49:39.755011,WITHDRAWAL,2520.76,BRANCH,India,0
TXN_0001365,ACC_000690,ACC_000966,2026-07-09 22:12:41.755011,TRANSFER,34060.23,MOBILE,Singapore,0
TXN_0001366,ACC_000281,ACC_000125,2026-05-25 11:16:16.755011,DEPOSIT,6699.34,BRANCH,UK,0
TXN_0001367,ACC_000906,ACC_000739,2026-03-15 21:39:08.755011,PAYMENT,7841.89,ONLINE,UK,0
TXN_0001368,ACC_000460,ACC_000324,2026-06-18 20:18:14.755011,TRANSFER,2644.08,BRANCH,USA,0
TXN_0001369,ACC_000586,ACC_000828,2026-08-25 08:38:53.755011,TRANSFER,4760.28,ATM,Hong Kong,0
TXN_0001370,ACC_000940,ACC_000256,2026-03-21 22:00:34.755011,PAYMENT,2802.41,ATM,UK,0
TXN_0001371,ACC_000641,ACC_000100,2026-07-07 00:26:20.755011,TRANSFER,6584.44,BRANCH,Singapore,0
TXN_0001372,ACC_000817,ACC_000642,2026-06-30 12:29:08.755011,WITHDRAWAL,63199.41,MOBILE,USA,0
TXN_0001373,ACC_000982,ACC_000349,2026-04-22 17:55:35.755011,TRANSFER,1561.99,MOBILE,UAE,0
TXN_0001374,ACC_000795,ACC_000615,2026-03-21 14:52:52.755011,DEPOSIT,1168.79,ONLINE,Hong Kong,0
TXN_0001375,ACC_000088,ACC_000998,2026-03-31 16:49:31.755011,TRANSFER,47353.9,ONLINE,Singapore,0
TXN_0001376,ACC_000711,ACC_000067,2026-08-19 01:37:26.755011,PAYMENT,6303.19,ONLINE,Singapore,0
TXN_0001377,ACC_000642,ACC_000443,2026-07-04 01:20:26.755011,TRANSFER,3630.45,ONLINE,Hong Kong,0
TXN_0001378,ACC_000302,ACC_000871,2026-03-17 14:22:35.755011,DEPOSIT,28222.81,BRANCH,India,0
TXN_0001379,ACC_000239,ACC_000886,2026-05-26 06:59:39.755011,TRANSFER,3917.71,BRANCH,Singapore,0
TXN_0001380,ACC_000902,ACC_000636,2026-05-29 14:12:34.755011,TRANSFER,72490.56,MOBILE,Hong Kong,0
TXN_0001381,ACC_000027,ACC_000465,2026-08-06 11:48:23.755011,WITHDRAWAL,18279.05,ATM,India,0
TXN_0001382,ACC_000731,ACC_000070,2026-07-01 00:48:33.755011,PAYMENT,4512.05,ATM,Hong Kong,0
TXN_0001383,ACC_000432,ACC_000493,2026-05-15 11:20:07.755011,DEPOSIT,107879.47,ATM,USA,0
TXN_0001384,ACC_000062,ACC_000131,2026-03-16 00:28:37.755011,WITHDRAWAL,3917.24,BRANCH,UAE,0
TXN_0001385,ACC_000598,ACC_000907,2026-07-31 22:43:41.755011,PAYMENT,204650.8,ATM,Singapore,1
TXN_0001386,ACC_000299,ACC_000378,2026-05-13 01:07:24.755011,TRANSFER,11604.53,ATM,India,0
TXN_0001387,ACC_000856,ACC_000573,2026-08-13 12:45:55.755011,TRANSFER,38641.79,BRANCH,UK,0
TXN_0001388,ACC_000656,ACC_000931,2026-04-15 08:53:34.755011,PAYMENT,52776.09,ONLINE,UK,0
TXN_0001389,ACC_000712,ACC_000709,2026-06-07 20:07:54.755011,DEPOSIT,8420.34,MOBILE,UAE,0
TXN_0001390,ACC_000631,ACC_000307,2026-05-11 15:23:00.755011,DEPOSIT,3280.98,MOBILE,USA,0
TXN_0001391,ACC_000809,ACC_000933,2026-08-24 14:02:22.755011,TRANSFER,14072.34,BRANCH,USA,0
TXN_0001392,ACC_000229,ACC_000710,2026-07-09 11:57:44.755011,PAYMENT,3593.0,BRANCH,UAE,0
TXN_0001393,ACC_000753,ACC_000787,2026-06-08 19:31:54.755011,WITHDRAWAL,90768.24,BRANCH,USA,0
TXN_0001394,ACC_000007,ACC_000372,2026-08-14 20:55:27.755011,TRANSFER,9545.66,ONLINE,UK,0
TXN_0001395,ACC_000146,ACC_000298,2026-03-29 19:54:47.755011,DEPOSIT,5227.11,ATM,Hong Kong,0
TXN_0001396,ACC_000369,ACC_000045,2026-08-03 02:44:00.755011,TRANSFER,10113.4,ATM,USA,0
TXN_0001397,ACC_000907,ACC_000269,2026-04-18 23:27:00.755011,PAYMENT,1609.13,MOBILE,UAE,0
TXN_0001398,ACC_000023,ACC_000181,2026-04-14 12:27:37.755011,WITHDRAWAL,2525.17,ONLINE,India,0
TXN_0001399,ACC_000389,ACC_000671,2026-04-03 02:41:36.755011,TRANSFER,34217.64,MOBILE,USA,0
TXN_0001400,ACC_000379,ACC_000829,2026-04-23 02:16:19.755011,WITHDRAWAL,3683.9,ATM,UAE,0
TXN_0001401,ACC_000900,ACC_000729,2026-07-06 11:25:56.755011,TRANSFER,42045.16,ONLINE,USA,1
TXN_0001402,ACC_000814,ACC_000195,2026-04-01 20:38:22.755011,PAYMENT,15428.68,BRANCH,Hong Kong,0
TXN_0001403,ACC_000440,ACC_000652,2026-07-01 21:11:37.755011,PAYMENT,33618.94,ONLINE,UAE,0
TXN_0001404,ACC_000549,ACC_000302,2026-08-20 09:02:59.755011,PAYMENT,19201.51,MOBILE,USA,0
TXN_0001405,ACC_000287,ACC_000894,2026-08-08 22:54:45.755011,PAYMENT,26775.89,BRANCH,USA,0
TXN_0001406,ACC_000482,ACC_000810,2026-08-06 19:53:49.755011,TRANSFER,3267.71,ATM,UAE,0
TXN_0001407,ACC_000661,ACC_000770,2026-08-25 19:28:37.755011,WITHDRAWAL,1471.19,BRANCH,UAE,0
TXN_0001408,ACC_000730,ACC_000383,2026-05-08 22:53:48.755011,DEPOSIT,49099.32,BRANCH,Singapore,0
TXN_0001409,ACC_000654,ACC_000944,2026-05-24 07:38:10.755011,TRANSFER,5501.54,ATM,USA,0
TXN_0001410,ACC_000884,ACC_000241,2026-06-03 05:56:16.755011,DEPOSIT,5996.91,ATM,UK,0
TXN_0001411,ACC_000586,ACC_000161,2026-05-19 16:25:34.755011,WITHDRAWAL,39888.09,MOBILE,UAE,0
TXN_0001412,ACC_000087,ACC_000303,2026-07-31 09:54:29.755011,DEPOSIT,15795.43,MOBILE,USA,0
TXN_0001413,ACC_000525,ACC_000637,2026-06-05 19:19:43.755011,WITHDRAWAL,14003.54,BRANCH,Singapore,0
TXN_0001414,ACC_000377,ACC_000824,2026-05-25 20:57:01.755011,DEPOSIT,108880.13,MOBILE,UK,0
TXN_0001415,ACC_000453,ACC_000240,2026-04-11 07:55:45.755011,WITHDRAWAL,3743.51,ONLINE,UK,0
TXN_0001416,ACC_000863,ACC_000514,2026-05-03 15:38:41.755011,TRANSFER,24671.6,MOBILE,USA,0
TXN_0001417,ACC_000369,ACC_000040,2026-03-21 07:36:04.755011,PAYMENT,8676.87,MOBILE,USA,0
TXN_0001418,ACC_000310,ACC_000764,2026-04-25 00:17:12.755011,WITHDRAWAL,11184.8,ATM,Hong Kong,0
TXN_0001419,ACC_000876,ACC_000771,2026-04-03 05:35:24.755011,WITHDRAWAL,50724.39,ONLINE,UK,0
TXN_0001420,ACC_000802,ACC_000414,2026-05-13 18:30:57.755011,DEPOSIT,14904.27,ONLINE,Singapore,0
TXN_0001421,ACC_000975,ACC_000153,2026-08-02 06:21:26.755011,DEPOSIT,15459.13,ATM,USA,0
TXN_0001422,ACC_000486,ACC_000240,2026-04-17 05:10:50.755011,DEPOSIT,29348.85,BRANCH,UK,0
TXN_0001423,ACC_000867,ACC_000193,2026-05-07 06:07:36.755011,DEPOSIT,5229.43,BRANCH,USA,0
TXN_0001424,ACC_000572,ACC_000031,2026-08-20 02:05:59.755011,WITHDRAWAL,2960.01,ATM,UAE,0
TXN_0001425,ACC_000966,ACC_000756,2026-05-05 19:09:38.755011,TRANSFER,2312.83,BRANCH,Hong Kong,0
TXN_0001426,ACC_000231,ACC_000430,2026-05-12 10:46:43.755011,DEPOSIT,765.38,BRANCH,Hong Kong,0
TXN_0001427,ACC_000602,ACC_000024,2026-05-09 18:43:58.755011,TRANSFER,95554.17,ATM,USA,0
TXN_0001428,ACC_000819,ACC_000618,2026-05-10 14:10:16.755011,DEPOSIT,29159.35,BRANCH,USA,1
TXN_0001429,ACC_000548,ACC_000396,2026-03-19 19:59:55.755011,PAYMENT,6213.6,BRANCH,India,0
TXN_0001430,ACC_000655,ACC_000917,2026-06-03 03:23:57.755011,WITHDRAWAL,5812.84,ONLINE,USA,0
TXN_0001431,ACC_000182,ACC_000033,2026-06-22 19:49:28.755011,DEPOSIT,11718.08,ONLINE,USA,0
TXN_0001432,ACC_000987,ACC_000396,2026-08-31 10:16:09.755011,WITHDRAWAL,21566.25,ATM,USA,0
TXN_0001433,ACC_000072,ACC_000466,2026-06-17 06:57:11.755011,TRANSFER,22755.64,MOBILE,UAE,0
TXN_0001434,ACC_000881,ACC_000932,2026-05-09 21:57:37.755011,DEPOSIT,4025.11,BRANCH,USA,0
TXN_0001435,ACC_000490,ACC_000761,2026-04-01 12:55:02.755011,TRANSFER,86508.34,BRANCH,USA,1
TXN_0001436,ACC_000318,ACC_000443,2026-04-16 09:36:59.755011,DEPOSIT,11374.12,ATM,UAE,0
TXN_0001437,ACC_000602,ACC_000208,2026-05-06 17:15:32.755011,DEPOSIT,6012.35,MOBILE,USA,0
TXN_0001438,ACC_000457,ACC_000066,2026-04-04 04:05:06.755011,DEPOSIT,55760.15,ATM,UAE,0
TXN_0001439,ACC_000901,ACC_000503,2026-06-25 23:53:31.755011,DEPOSIT,14605.74,BRANCH,UAE,0
TXN_0001440,ACC_000295,ACC_000662,2026-03-25 03:39:41.755011,DEPOSIT,19571.96,MOBILE,Hong Kong,0
TXN_0001441,ACC_000305,ACC_000401,2026-08-08 07:41:45.755011,PAYMENT,17952.01,BRANCH,USA,0
TXN_0001442,ACC_000751,ACC_000443,2026-07-05 09:57:10.755011,DEPOSIT,33129.14,BRANCH,Hong Kong,0
TXN_0001443,ACC_000098,ACC_000403,2026-06-25 21:01:53.755011,TRANSFER,10069.09,ATM,USA,0
TXN_0001444,ACC_000551,ACC_000299,2026-07-07 10:10:19.755011,TRANSFER,1709.24,ATM,Singapore,0
TXN_0001445,ACC_000567,ACC_000125,2026-08-02 09:37:15.755011,WITHDRAWAL,13090.28,ONLINE,India,0
TXN_0001446,ACC_000334,ACC_000420,2026-08-05 19:52:30.755011,DEPOSIT,3708.46,ATM,UK,0
TXN_0001447,ACC_000474,ACC_000028,2026-03-16 03:06:25.755011,TRANSFER,4296.95,BRANCH,Singapore,0
TXN_0001448,ACC_000877,ACC_000200,2026-05-24 00:09:36.755011,DEPOSIT,16377.06,ONLINE,India,0
TXN_0001449,ACC_000940,ACC_000140,2026-07-23 03:44:09.755011,WITHDRAWAL,35808.47,BRANCH,Singapore,0
TXN_0001450,ACC_000562,ACC_000673,2026-03-23 11:47:48.755011,PAYMENT,8312.58,BRANCH,USA,0
TXN_0001451,ACC_000862,ACC_000166,2026-04-30 15:59:15.755011,PAYMENT,11738.15,ONLINE,UAE,0
TXN_0001452,ACC_000128,ACC_000548,2026-05-03 13:54:20.755011,DEPOSIT,62483.51,ATM,India,0
TXN_0001453,ACC_000694,ACC_000280,2026-03-09 15:20:14.755011,PAYMENT,10817.32,BRANCH,UK,0
TXN_0001454,ACC_000036,ACC_000915,2026-07-24 04:29:41.755011,PAYMENT,183876.52,BRANCH,Hong Kong,0
TXN_0001455,ACC_000831,ACC_000536,2026-07-08 17:25:47.755011,TRANSFER,15972.31,BRANCH,Hong Kong,0
TXN_0001456,ACC_000613,ACC_000005,2026-03-17 15:21:54.755011,TRANSFER,979.54,BRANCH,USA,0
TXN_0001457,ACC_000931,ACC_000245,2026-05-19 05:03:47.755011,PAYMENT,20010.45,ONLINE,India,0
TXN_0001458,ACC_000346,ACC_000841,2026-03-10 06:56:47.755011,PAYMENT,12802.43,ONLINE,USA,0
TXN_0001459,ACC_000851,ACC_000681,2026-03-26 05:17:44.755011,PAYMENT,645770.25,ATM,India,1
TXN_0001460,ACC_000836,ACC_000335,2026-03-28 08:56:06.755011,WITHDRAWAL,18175.28,ATM,UAE,0
TXN_0001461,ACC_000405,ACC_000962,2026-06-20 15:36:34.755011,DEPOSIT,6862.68,ONLINE,USA,0
TXN_0001462,ACC_000332,ACC_000178,2026-05-15 16:51:30.755011,TRANSFER,1864.68,BRANCH,Hong Kong,0
TXN_0001463,ACC_000218,ACC_000470,2026-05-22 00:50:00.755011,PAYMENT,6305.47,ONLINE,Hong Kong,0
TXN_0001464,ACC_000639,ACC_000378,2026-07-11 16:03:19.755011,TRANSFER,2920.11,ONLINE,USA,0
TXN_0001465,ACC_000614,ACC_000512,2026-08-03 12:06:42.755011,TRANSFER,4037.46,ATM,UK,0
TXN_0001466,ACC_000647,ACC_000714,2026-07-01 22:40:32.755011,DEPOSIT,161994.78,ATM,UK,1
TXN_0001467,ACC_000906,ACC_000705,2026-08-02 08:56:50.755011,WITHDRAWAL,60107.23,BRANCH,India,0
TXN_0001468,ACC_000934,ACC_000600,2026-07-03 15:03:46.755011,DEPOSIT,13011.72,BRANCH,UAE,0
TXN_0001469,ACC_000516,ACC_000602,2026-04-21 14:16:24.755011,TRANSFER,1929.35,ATM,India,0
TXN_0001470,ACC_000128,ACC_000317,2026-08-28 14:23:14.755011,PAYMENT,13815.18,BRANCH,USA,0
TXN_0001471,ACC_000141,ACC_000384,2026-03-19 02:21:13.755011,DEPOSIT,34062.69,MOBILE,USA,0
TXN_0001472,ACC_000658,ACC_000039,2026-04-16 03:35:48.755011,PAYMENT,3898.16,BRANCH,Hong Kong,0
TXN_0001473,ACC_000285,ACC_000326,2026-04-02 12:49:18.755011,TRANSFER,6899.33,BRANCH,Hong Kong,0
TXN_0001474,ACC_000025,ACC_000235,2026-07-31 04:54:46.755011,WITHDRAWAL,8247.17,MOBILE,USA,0
TXN_0001475,ACC_000929,ACC_000940,2026-03-17 23:05:42.755011,PAYMENT,3159.35,ATM,UAE,0
TXN_0001476,ACC_000330,ACC_000188,2026-06-16 17:19:39.755011,DEPOSIT,17640.22,ONLINE,India,0
TXN_0001477,ACC_000977,ACC_000198,2026-03-21 01:14:44.755011,TRANSFER,7008.38,ATM,USA,0
TXN_0001478,ACC_000607,ACC_000563,2026-04-10 04:28:48.755011,PAYMENT,13405.75,ATM,UAE,0
TXN_0001479,ACC_000479,ACC_000319,2026-07-26 05:47:10.755011,PAYMENT,2793.38,ATM,USA,0
TXN_0001480,ACC_000255,ACC_000311,2026-07-03 02:33:49.755011,WITHDRAWAL,4793.66,BRANCH,Hong Kong,0
TXN_0001481,ACC_000801,ACC_000493,2026-08-21 22:17:11.755011,TRANSFER,19280.66,MOBILE,Singapore,0
TXN_0001482,ACC_000452,ACC_000433,2026-06-06 20:46:33.755011,DEPOSIT,5180.21,ATM,Singapore,0
TXN_0001483,ACC_000438,ACC_000875,2026-05-20 12:38:06.755011,TRANSFER,64367.02,MOBILE,UAE,0
TXN_0001484,ACC_000745,ACC_000180,2026-06-22 19:34:11.755011,WITHDRAWAL,5016.24,BRANCH,Singapore,0
TXN_0001485,ACC_000385,ACC_000576,2026-05-01 11:01:11.755011,DEPOSIT,10610.74,ONLINE,UK,0
TXN_0001486,ACC_000201,ACC_000159,2026-06-06 13:59:42.755011,PAYMENT,24812.65,ONLINE,India,0
TXN_0001487,ACC_000743,ACC_000384,2026-07-27 06:51:24.755011,DEPOSIT,1477.28,BRANCH,Singapore,0
TXN_0001488,ACC_000383,ACC_000394,2026-07-29 13:58:00.755011,DEPOSIT,979.49,MOBILE,Hong Kong,0
TXN_0001489,ACC_000040,ACC_000944,2026-03-21 07:04:06.755011,TRANSFER,14458.22,BRANCH,UAE,1
TXN_0001490,ACC_000447,ACC_000981,2026-08-02 14:42:03.755011,WITHDRAWAL,36868.06,MOBILE,UAE,0
TXN_0001491,ACC_000706,ACC_000378,2026-07-08 18:18:44.755011,TRANSFER,4178.76,BRANCH,Singapore,0
TXN_0001492,ACC_000490,ACC_000036,2026-04-23 12:32:18.755011,WITHDRAWAL,174527.77,ONLINE,Hong Kong,0
TXN_0001493,ACC_000268,ACC_000620,2026-04-05 04:16:58.755011,DEPOSIT,4117.09,ATM,UK,0
TXN_0001494,ACC_000975,ACC_000679,2026-06-27 18:21:37.755011,PAYMENT,10111.83,ONLINE,India,0
TXN_0001495,ACC_000729,ACC_000939,2026-07-10 14:12:06.755011,DEPOSIT,51561.57,BRANCH,Hong Kong,0
TXN_0001496,ACC_000083,ACC_000531,2026-08-29 10:02:10.755011,PAYMENT,89977.19,BRANCH,USA,0
TXN_0001497,ACC_000709,ACC_000310,2026-04-25 13:33:27.755011,DEPOSIT,96163.42,MOBILE,Hong Kong,0
TXN_0001498,ACC_000947,ACC_000746,2026-08-24 15:24:51.755011,TRANSFER,34545.74,ONLINE,Hong Kong,0
TXN_0001499,ACC_000353,ACC_000834,2026-08-09 07:52:11.755011,PAYMENT,27691.34,MOBILE,Hong Kong,0
TXN_0001500,ACC_000408,ACC_000716,2026-07-30 18:22:39.755011,WITHDRAWAL,16498.63,ONLINE,USA,0
TXN_0001501,ACC_000100,ACC_000072,2026-03-07 18:26:56.755011,DEPOSIT,20620.34,BRANCH,Hong Kong,0
TXN_0001502,ACC_000175,ACC_000181,2026-05-30 03:27:46.755011,WITHDRAWAL,4182.13,ATM,Hong Kong,0
TXN_0001503,ACC_000187,ACC_000515,2026-06-09 22:12:45.755011,TRANSFER,3035.59,BRANCH,UAE,0
TXN_0001504,ACC_000206,ACC_000061,2026-04-12 12:13:41.755011,PAYMENT,8070.34,ATM,UK,0
TXN_0001505,ACC_000642,ACC_000935,2026-08-23 17:06:54.755011,TRANSFER,73540.58,ATM,India,1
TXN_0001506,ACC_000128,ACC_000284,2026-05-19 19:26:05.755011,TRANSFER,4703.8,MOBILE,India,0
TXN_0001507,ACC_000497,ACC_000689,2026-06-08 06:15:15.755011,TRANSFER,18688.52,ONLINE,India,0
TXN_0001508,ACC_000682,ACC_000597,2026-03-08 20:46:15.755011,TRANSFER,25498.28,ONLINE,USA,0
TXN_0001509,ACC_000385,ACC_000618,2026-03-08 20:56:07.755011,WITHDRAWAL,9009.98,BRANCH,Singapore,0
TXN_0001510,ACC_000440,ACC_000345,2026-07-02 19:40:04.755011,WITHDRAWAL,47716.67,MOBILE,UK,0
TXN_0001511,ACC_000682,ACC_000409,2026-05-16 14:27:20.755011,DEPOSIT,2058.99,ONLINE,UK,0
TXN_0001512,ACC_000103,ACC_000004,2026-08-11 00:35:01.755011,DEPOSIT,6422.79,BRANCH,Hong Kong,0
TXN_0001513,ACC_000143,ACC_000027,2026-09-03 02:04:39.755011,TRANSFER,3428.28,MOBILE,Hong Kong,0
TXN_0001514,ACC_000378,ACC_000463,2026-04-24 17:21:41.755011,DEPOSIT,862.78,BRANCH,Hong Kong,0
TXN_0001515,ACC_000981,ACC_000965,2026-07-09 08:43:44.755011,WITHDRAWAL,7337.72,ONLINE,Hong Kong,0
TXN_0001516,ACC_000993,ACC_000827,2026-03-16 08:19:21.755011,WITHDRAWAL,7001.66,BRANCH,USA,0
TXN_0001517,ACC_000757,ACC_000628,2026-05-24 03:59:49.755011,TRANSFER,49818.4,MOBILE,Singapore,0
TXN_0001518,ACC_000675,ACC_000878,2026-06-07 21:58:52.755011,TRANSFER,17274.28,BRANCH,UK,0
TXN_0001519,ACC_000147,ACC_000891,2026-07-23 16:58:56.755011,TRANSFER,2370.78,ATM,Singapore,0
TXN_0001520,ACC_000853,ACC_000690,2026-05-04 23:28:37.755011,DEPOSIT,74975.08,ATM,Singapore,0
TXN_0001521,ACC_000247,ACC_000250,2026-06-09 02:09:37.755011,PAYMENT,524005.79,ATM,Hong Kong,1
TXN_0001522,ACC_000446,ACC_000733,2026-03-27 22:36:59.755011,TRANSFER,16293.43,ATM,UK,0
TXN_0001523,ACC_000288,ACC_000226,2026-08-03 06:21:00.755011,WITHDRAWAL,6174.72,BRANCH,Hong Kong,0
TXN_0001524,ACC_000945,ACC_000548,2026-04-02 19:45:46.755011,DEPOSIT,2562.33,ONLINE,Hong Kong,0
TXN_0001525,ACC_000955,ACC_000590,2026-04-19 22:06:17.755011,TRANSFER,5184.1,MOBILE,Singapore,0
TXN_0001526,ACC_000754,ACC_000743,2026-07-29 17:34:23.755011,DEPOSIT,29926.46,BRANCH,USA,0
TXN_0001527,ACC_000298,ACC_000090,2026-03-29 22:14:47.755011,TRANSFER,77769.42,ONLINE,UK,0
TXN_0001528,ACC_000763,ACC_000965,2026-04-12 23:57:52.755011,TRANSFER,51631.76,MOBILE,USA,0
TXN_0001529,ACC_000591,ACC_000755,2026-05-20 06:55:47.755011,TRANSFER,4506.97,MOBILE,India,0
TXN_0001530,ACC_000868,ACC_000398,2026-04-13 07:53:35.755011,DEPOSIT,2114.26,MOBILE,UK,0
TXN_0001531,ACC_000130,ACC_000533,2026-08-09 03:21:20.755011,PAYMENT,9595.63,ONLINE,Singapore,0
TXN_0001532,ACC_000472,ACC_000324,2026-08-19 23:23:13.755011,PAYMENT,970.56,MOBILE,USA,0
TXN_0001533,ACC_000151,ACC_000616,2026-06-03 23:12:07.755011,WITHDRAWAL,11941.81,ATM,Hong Kong,0
TXN_0001534,ACC_000848,ACC_000720,2026-08-10 01:22:56.755011,TRANSFER,6787.76,MOBILE,UK,0
TXN_0001535,ACC_000127,ACC_000281,2026-07-19 04:12:02.755011,DEPOSIT,4632.06,ATM,Singapore,0
TXN_0001536,ACC_000061,ACC_000830,2026-05-19 14:40:54.755011,WITHDRAWAL,1195.54,ATM,Hong Kong,0
TXN_0001537,ACC_000957,ACC_000830,2026-07-27 17:31:35.755011,PAYMENT,15007.72,ONLINE,USA,0
TXN_0001538,ACC_000402,ACC_000307,2026-07-26 17:00:02.755011,PAYMENT,4275.94,ONLINE,UAE,0
TXN_0001539,ACC_000695,ACC_000485,2026-05-28 11:47:36.755011,WITHDRAWAL,1990.42,BRANCH,Singapore,0
TXN_0001540,ACC_000290,ACC_000290,2026-07-26 14:00:50.755011,PAYMENT,258.08,BRANCH,India,0
TXN_0001541,ACC_000811,ACC_000595,2026-07-31 12:54:29.755011,TRANSFER,7839.91,MOBILE,Singapore,0
TXN_0001542,ACC_000141,ACC_000453,2026-06-27 12:50:26.755011,DEPOSIT,67961.86,MOBILE,USA,0
TXN_0001543,ACC_000767,ACC_000201,2026-08-10 15:40:27.755011,TRANSFER,59486.88,MOBILE,Hong Kong,0
TXN_0001544,ACC_000695,ACC_000805,2026-03-27 06:12:12.755011,PAYMENT,4682.02,BRANCH,Singapore,0
TXN_0001545,ACC_000949,ACC_000058,2026-04-09 03:04:04.755011,TRANSFER,3933.74,MOBILE,Singapore,0
TXN_0001546,ACC_000121,ACC_000528,2026-03-17 15:37:48.755011,WITHDRAWAL,14221.77,BRANCH,USA,0
TXN_0001547,ACC_000251,ACC_000035,2026-05-24 21:50:26.755011,TRANSFER,2445.34,ATM,Singapore,0
TXN_0001548,ACC_000611,ACC_000978,2026-07-19 01:19:49.755011,PAYMENT,11639.39,BRANCH,Hong Kong,0
TXN_0001549,ACC_000797,ACC_000475,2026-07-15 16:56:52.755011,DEPOSIT,302297.06,MOBILE,Hong Kong,1
TXN_0001550,ACC_000012,ACC_000123,2026-05-17 18:56:30.755011,TRANSFER,35324.07,ONLINE,India,0
TXN_0001551,ACC_000931,ACC_000522,2026-07-15 07:53:23.755011,PAYMENT,7185.46,ONLINE,UAE,0
TXN_0001552,ACC_000492,ACC_000281,2026-06-26 15:44:38.755011,TRANSFER,6346.07,ATM,Singapore,0
TXN_0001553,ACC_000720,ACC_000445,2026-07-10 15:07:49.755011,WITHDRAWAL,2825.44,ATM,India,0
TXN_0001554,ACC_000931,ACC_000883,2026-07-24 01:29:34.755011,PAYMENT,3004.13,BRANCH,Hong Kong,0
TXN_0001555,ACC_000838,ACC_000550,2026-06-23 10:31:13.755011,DEPOSIT,6174.76,ONLINE,UAE,0
TXN_0001556,ACC_000731,ACC_000839,2026-06-20 02:55:45.755011,TRANSFER,12592.27,ATM,Hong Kong,0
TXN_0001557,ACC_000883,ACC_000614,2026-04-11 13:02:53.755011,PAYMENT,24253.14,ONLINE,UAE,0
TXN_0001558,ACC_000126,ACC_000041,2026-05-07 11:49:05.755011,PAYMENT,3090.8,ATM,Hong Kong,0
TXN_0001559,ACC_000263,ACC_000872,2026-06-24 16:30:52.755011,TRANSFER,48592.59,ONLINE,India,0
TXN_0001560,ACC_000990,ACC_000558,2026-05-17 01:24:10.755011,PAYMENT,5852.66,BRANCH,Hong Kong,0
TXN_0001561,ACC_000048,ACC_000969,2026-05-04 19:59:22.755011,WITHDRAWAL,7897.96,BRANCH,USA,0
TXN_0001562,ACC_000321,ACC_000536,2026-07-20 10:29:59.755011,WITHDRAWAL,3305.51,ATM,Hong Kong,0
TXN_0001563,ACC_000046,ACC_000243,2026-08-13 15:27:57.755011,TRANSFER,441.82,ATM,USA,0
TXN_0001564,ACC_000221,ACC_000981,2026-08-16 03:25:08.755011,PAYMENT,23408.5,ATM,UAE,0
TXN_0001565,ACC_000747,ACC_000638,2026-04-01 09:54:31.755011,DEPOSIT,19618.19,ONLINE,UAE,0
TXN_0001566,ACC_000666,ACC_000926,2026-05-20 14:19:36.755011,PAYMENT,5781.43,BRANCH,Singapore,0
TXN_0001567,ACC_000693,ACC_000436,2026-04-25 19:39:14.755011,PAYMENT,8781.38,ATM,India,0
TXN_0001568,ACC_000649,ACC_000714,2026-04-28 18:35:08.755011,PAYMENT,15049.91,MOBILE,UAE,0
TXN_0001569,ACC_000524,ACC_000620,2026-08-13 18:56:15.755011,PAYMENT,1242.58,BRANCH,USA,0
TXN_0001570,ACC_000445,ACC_000389,2026-08-07 10:25:55.755011,TRANSFER,4294.7,ATM,India,0
TXN_0001571,ACC_000113,ACC_000701,2026-06-18 15:55:21.755011,DEPOSIT,21017.65,ONLINE,UK,0
TXN_0001572,ACC_000932,ACC_000342,2026-05-16 21:57:12.755011,WITHDRAWAL,1798.76,ATM,USA,0
TXN_0001573,ACC_000387,ACC_000993,2026-03-26 11:33:27.755011,PAYMENT,11524.95,BRANCH,India,0
TXN_0001574,ACC_000180,ACC_000540,2026-03-31 10:39:36.755011,WITHDRAWAL,1590.97,BRANCH,India,0
TXN_0001575,ACC_000586,ACC_000887,2026-07-21 11:27:05.755011,WITHDRAWAL,14181.82,MOBILE,UAE,0
TXN_0001576,ACC_000175,ACC_000326,2026-03-16 18:37:02.755011,DEPOSIT,7763.82,ATM,UK,0
TXN_0001577,ACC_000992,ACC_000808,2026-07-17 01:55:28.755011,DEPOSIT,1166.59,BRANCH,UAE,0
TXN_0001578,ACC_000704,ACC_000526,2026-03-09 07:21:13.755011,PAYMENT,32783.72,ATM,USA,0
TXN_0001579,ACC_000274,ACC_000055,2026-07-28 06:24:32.755011,WITHDRAWAL,3355.95,ATM,Hong Kong,0
TXN_0001580,ACC_000469,ACC_000188,2026-07-22 16:57:26.755011,DEPOSIT,3064.68,MOBILE,Singapore,0
TXN_0001581,ACC_000976,ACC_000439,2026-04-30 00:31:13.755011,PAYMENT,10308.08,MOBILE,Hong Kong,0
TXN_0001582,ACC_000417,ACC_000790,2026-05-05 19:34:41.755011,WITHDRAWAL,32156.34,ONLINE,Hong Kong,0
TXN_0001583,ACC_000246,ACC_000968,2026-07-27 04:55:11.755011,TRANSFER,2394.7,ATM,UAE,0
TXN_0001584,ACC_000293,ACC_000568,2026-07-29 19:37:53.755011,DEPOSIT,8725.59,ONLINE,Singapore,0
TXN_0001585,ACC_000140,ACC_000492,2026-07-27 08:51:17.755011,DEPOSIT,13555.94,ONLINE,Singapore,0
TXN_0001586,ACC_000933,ACC_000852,2026-04-13 09:24:50.755011,TRANSFER,18615.07,BRANCH,Hong Kong,0
TXN_0001587,ACC_000251,ACC_000757,2026-05-13 11:11:28.755011,TRANSFER,10013.9,BRANCH,USA,0
TXN_0001588,ACC_000783,ACC_000537,2026-08-25 17:11:11.755011,PAYMENT,5216.42,ATM,India,0
TXN_0001589,ACC_000527,ACC_000362,2026-04-02 08:24:10.755011,TRANSFER,3001.57,BRANCH,Singapore,0
TXN_0001590,ACC_000994,ACC_000116,2026-05-18 22:43:13.755011,WITHDRAWAL,8985.55,ATM,UAE,0
TXN_0001591,ACC_000121,ACC_000298,2026-08-21 00:45:31.755011,WITHDRAWAL,2238.21,BRANCH,UK,0
TXN_0001592,ACC_000756,ACC_000647,2026-03-07 21:30:17.755011,DEPOSIT,243.32,ATM,UK,0
TXN_0001593,ACC_000528,ACC_000846,2026-07-10 07:33:59.755011,TRANSFER,13682.48,BRANCH,UAE,0
TXN_0001594,ACC_000365,ACC_000007,2026-03-18 15:02:47.755011,DEPOSIT,23973.92,MOBILE,UK,0
TXN_0001595,ACC_000359,ACC_000912,2026-03-08 11:06:48.755011,PAYMENT,475.55,BRANCH,UK,0
TXN_0001596,ACC_000504,ACC_000203,2026-05-30 02:47:00.755011,TRANSFER,2412.27,ATM,Singapore,0
TXN_0001597,ACC_000008,ACC_000160,2026-06-10 02:35:51.755011,WITHDRAWAL,17034.31,ATM,Singapore,0
TXN_0001598,ACC_000374,ACC_000439,2026-05-04 13:51:40.755011,PAYMENT,95702.01,MOBILE,India,0
TXN_0001599,ACC_000166,ACC_000144,2026-07-12 21:34:37.755011,WITHDRAWAL,146137.56,BRANCH,India,1
TXN_0001600,ACC_000727,ACC_000204,2026-08-23 11:58:54.755011,TRANSFER,3382.59,ATM,UK,0
TXN_0001601,ACC_000432,ACC_000762,2026-05-23 01:48:35.755011,WITHDRAWAL,6506.29,ONLINE,USA,0
TXN_0001602,ACC_000983,ACC_000682,2026-06-08 12:46:07.755011,WITHDRAWAL,42186.34,ONLINE,Singapore,0
TXN_0001603,ACC_000820,ACC_000699,2026-06-11 16:36:16.755011,PAYMENT,3732.54,MOBILE,Singapore,0
TXN_0001604,ACC_000760,ACC_000864,2026-09-02 19:11:58.755011,DEPOSIT,3105.62,ATM,India,0
TXN_0001605,ACC_000160,ACC_000353,2026-08-08 09:24:08.755011,TRANSFER,24141.1,ATM,India,1
TXN_0001606,ACC_000440,ACC_001000,2026-05-12 21:35:05.755011,TRANSFER,2581.19,BRANCH,Singapore,0
TXN_0001607,ACC_000085,ACC_000780,2026-06-09 19:41:11.755011,DEPOSIT,9388.16,ATM,UAE,0
TXN_0001608,ACC_000192,ACC_000256,2026-06-14 17:38:33.755011,WITHDRAWAL,56932.07,ONLINE,UK,0
TXN_0001609,ACC_000440,ACC_000204,2026-04-24 11:50:49.755011,DEPOSIT,179048.03,ONLINE,Hong Kong,1
TXN_0001610,ACC_000186,ACC_000194,2026-07-04 03:01:36.755011,PAYMENT,5985.98,ATM,India,0
TXN_0001611,ACC_000281,ACC_000197,2026-03-14 21:53:33.755011,PAYMENT,5709.16,BRANCH,India,0
TXN_0001612,ACC_000886,ACC_000053,2026-03-25 02:52:55.755011,DEPOSIT,1241.62,BRANCH,UAE,0
TXN_0001613,ACC_000237,ACC_000228,2026-07-08 10:31:50.755011,WITHDRAWAL,23382.23,BRANCH,Singapore,0
TXN_0001614,ACC_000660,ACC_000053,2026-05-29 09:23:45.755011,WITHDRAWAL,7380.49,ONLINE,UK,0
TXN_0001615,ACC_000729,ACC_000429,2026-05-14 14:59:06.755011,PAYMENT,6525.18,MOBILE,India,0
TXN_0001616,ACC_000054,ACC_000677,2026-03-07 13:35:23.755011,WITHDRAWAL,373894.55,ATM,UK,0
TXN_0001617,ACC_000622,ACC_000104,2026-08-30 20:55:30.755011,DEPOSIT,11597.02,ATM,UK,0
TXN_0001618,ACC_000343,ACC_000312,2026-05-17 01:30:13.755011,TRANSFER,3287.4,ONLINE,Hong Kong,0
TXN_0001619,ACC_000789,ACC_000883,2026-06-22 14:31:06.755011,PAYMENT,4857.95,MOBILE,UK,0
TXN_0001620,ACC_000761,ACC_000798,2026-05-16 15:16:05.755011,WITHDRAWAL,32148.94,ATM,Hong Kong,0
TXN_0001621,ACC_000394,ACC_000090,2026-06-28 22:15:15.755011,TRANSFER,9282.86,ATM,Hong Kong,0
TXN_0001622,ACC_000043,ACC_000601,2026-03-30 19:59:02.755011,PAYMENT,1442.4,ATM,Hong Kong,0
TXN_0001623,ACC_000077,ACC_000965,2026-03-26 14:46:33.755011,WITHDRAWAL,24417.97,MOBILE,Hong Kong,0
TXN_0001624,ACC_000207,ACC_000547,2026-08-02 05:33:12.755011,PAYMENT,3634.5,ONLINE,USA,0
TXN_0001625,ACC_000729,ACC_000259,2026-06-22 08:35:16.755011,WITHDRAWAL,76723.04,MOBILE,Singapore,0
TXN_0001626,ACC_000933,ACC_000447,2026-03-30 06:21:02.755011,TRANSFER,29615.63,BRANCH,Singapore,0
TXN_0001627,ACC_000810,ACC_000023,2026-06-13 07:17:38.755011,PAYMENT,4737.26,MOBILE,Hong Kong,0
TXN_0001628,ACC_000580,ACC_000063,2026-05-02 16:59:19.755011,PAYMENT,214157.34,BRANCH,Singapore,1
TXN_0001629,ACC_000526,ACC_000995,2026-08-23 10:46:40.755011,TRANSFER,8790.5,ATM,Singapore,0
TXN_0001630,ACC_000576,ACC_000799,2026-05-21 01:21:46.755011,DEPOSIT,22546.35,BRANCH,UAE,0
TXN_0001631,ACC_000004,ACC_000164,2026-04-12 04:54:12.755011,PAYMENT,14496.74,ONLINE,UAE,0
TXN_0001632,ACC_000738,ACC_000538,2026-07-22 21:27:54.755011,WITHDRAWAL,2934.73,MOBILE,USA,0
TXN_0001633,ACC_000566,ACC_000122,2026-04-28 14:27:40.755011,PAYMENT,3743.36,ATM,India,0
TXN_0001634,ACC_000041,ACC_000655,2026-05-03 03:10:50.755011,PAYMENT,27888.03,MOBILE,USA,0
TXN_0001635,ACC_000053,ACC_000658,2026-08-07 23:39:16.755011,PAYMENT,5422.27,ATM,UAE,0
TXN_0001636,ACC_000356,ACC_000648,2026-07-11 09:59:57.755011,WITHDRAWAL,4992.15,MOBILE,India,0
TXN_0001637,ACC_000563,ACC_000271,2026-08-26 02:46:02.755011,PAYMENT,2575.64,BRANCH,UAE,0
TXN_0001638,ACC_000641,ACC_000836,2026-03-18 13:57:32.755011,TRANSFER,13471.33,MOBILE,USA,0
TXN_0001639,ACC_000181,ACC_000263,2026-04-30 18:32:28.755011,TRANSFER,96281.35,ONLINE,Hong Kong,0
TXN_0001640,ACC_000969,ACC_000670,2026-05-20 15:15:09.755011,WITHDRAWAL,2250.62,ATM,Singapore,0
TXN_0001641,ACC_000209,ACC_000596,2026-04-28 15:45:38.755011,DEPOSIT,8342.04,ATM,Singapore,0
TXN_0001642,ACC_000445,ACC_000378,2026-07-26 11:49:51.755011,PAYMENT,44119.83,BRANCH,India,0
TXN_0001643,ACC_000190,ACC_000836,2026-06-04 16:00:19.755011,PAYMENT,7364.53,ATM,UAE,0
TXN_0001644,ACC_000185,ACC_000664,2026-07-27 02:42:55.755011,WITHDRAWAL,13944.58,ONLINE,UK,0
TXN_0001645,ACC_000838,ACC_000404,2026-04-10 23:23:38.755011,PAYMENT,2264.54,ONLINE,USA,0
TXN_0001646,ACC_000466,ACC_000931,2026-04-24 02:03:28.755011,DEPOSIT,13547.65,ONLINE,Hong Kong,0
TXN_0001647,ACC_000769,ACC_000828,2026-07-26 14:03:39.755011,TRANSFER,6473.21,ONLINE,Singapore,0
TXN_0001648,ACC_000847,ACC_000014,2026-03-28 19:53:41.755011,TRANSFER,26446.42,ATM,USA,0
TXN_0001649,ACC_000147,ACC_000962,2026-04-28 10:27:42.755011,TRANSFER,33686.86,ONLINE,India,0
TXN_0001650,ACC_000347,ACC_000874,2026-08-13 08:26:18.755011,TRANSFER,181221.69,ATM,USA,0
TXN_0001651,ACC_000914,ACC_000455,2026-06-24 18:10:08.755011,PAYMENT,16245.31,MOBILE,UK,0
TXN_0001652,ACC_000058,ACC_000557,2026-04-23 19:19:25.755011,WITHDRAWAL,11979.54,ONLINE,India,0
TXN_0001653,ACC_000558,ACC_000304,2026-03-27 10:14:46.755011,TRANSFER,10231.85,BRANCH,USA,0
TXN_0001654,ACC_000025,ACC_000233,2026-04-20 00:27:55.755011,DEPOSIT,5303.91,BRANCH,USA,0
TXN_0001655,ACC_000232,ACC_000944,2026-05-02 03:53:32.755011,DEPOSIT,12163.33,ONLINE,Singapore,0
TXN_0001656,ACC_000230,ACC_000105,2026-03-28 20:21:41.755011,WITHDRAWAL,5684.61,MOBILE,India,0
TXN_0001657,ACC_000370,ACC_000946,2026-03-30 10:38:51.755011,TRANSFER,9918.46,ONLINE,UAE,0
TXN_0001658,ACC_000544,ACC_000343,2026-05-29 16:38:43.755011,PAYMENT,39384.08,BRANCH,USA,0
TXN_0001659,ACC_000309,ACC_000640,2026-07-18 21:29:35.755011,WITHDRAWAL,2421.52,MOBILE,India,0
TXN_0001660,ACC_000678,ACC_000378,2026-06-12 09:46:10.755011,WITHDRAWAL,31820.13,ONLINE,India,0
TXN_0001661,ACC_000797,ACC_000672,2026-04-05 07:49:06.755011,PAYMENT,39361.29,MOBILE,USA,0
TXN_0001662,ACC_000816,ACC_000805,2026-07-25 12:47:47.755011,DEPOSIT,7032.64,ONLINE,India,0
TXN_0001663,ACC_000286,ACC_000149,2026-07-26 13:47:44.755011,TRANSFER,635.09,MOBILE,USA,0
TXN_0001664,ACC_000362,ACC_000327,2026-05-21 05:24:12.755011,DEPOSIT,3907.35,BRANCH,Singapore,0
TXN_0001665,ACC_000617,ACC_000813,2026-05-26 20:12:45.755011,WITHDRAWAL,38422.31,ATM,Hong Kong,0
TXN_0001666,ACC_000429,ACC_000563,2026-05-20 20:51:53.755011,DEPOSIT,7883.75,BRANCH,UAE,0
TXN_0001667,ACC_000394,ACC_000086,2026-04-21 03:30:12.755011,DEPOSIT,2442.65,ATM,Hong Kong,0
TXN_0001668,ACC_000003,ACC_000209,2026-05-16 16:46:49.755011,TRANSFER,4421.66,MOBILE,UAE,0
TXN_0001669,ACC_000944,ACC_000113,2026-04-02 09:40:45.755011,TRANSFER,22219.91,MOBILE,UK,0
TXN_0001670,ACC_000798,ACC_000839,2026-08-22 18:32:41.755011,PAYMENT,15616.45,MOBILE,Singapore,0
TXN_0001671,ACC_000565,ACC_000996,2026-08-20 03:48:55.755011,DEPOSIT,6083.17,ATM,USA,0
TXN_0001672,ACC_000765,ACC_000142,2026-03-18 07:26:42.755011,TRANSFER,5217.69,ATM,Singapore,0
TXN_0001673,ACC_000989,ACC_000435,2026-07-20 15:15:30.755011,WITHDRAWAL,5063.89,ONLINE,Hong Kong,0
TXN_0001674,ACC_000076,ACC_000489,2026-06-28 09:34:39.755011,PAYMENT,2678.76,ONLINE,USA,0
TXN_0001675,ACC_000251,ACC_000079,2026-03-22 19:13:39.755011,TRANSFER,56300.06,BRANCH,USA,0
TXN_0001676,ACC_000762,ACC_000144,2026-06-06 16:21:16.755011,WITHDRAWAL,5503.92,BRANCH,Singapore,0
TXN_0001677,ACC_000801,ACC_000661,2026-06-01 16:09:33.755011,TRANSFER,34912.15,MOBILE,India,0
TXN_0001678,ACC_000658,ACC_000033,2026-08-25 13:34:55.755011,PAYMENT,50290.89,ATM,India,0
TXN_0001679,ACC_000697,ACC_000971,2026-05-28 17:18:29.755011,DEPOSIT,26848.71,MOBILE,UAE,0
TXN_0001680,ACC_000233,ACC_000434,2026-07-23 04:54:57.755011,PAYMENT,4827.36,MOBILE,India,0
TXN_0001681,ACC_000761,ACC_000217,2026-03-31 18:15:21.755011,DEPOSIT,13153.93,ONLINE,USA,0
TXN_0001682,ACC_000764,ACC_001000,2026-08-14 04:14:35.755011,TRANSFER,7871.2,BRANCH,Singapore,0
TXN_0001683,ACC_000415,ACC_000848,2026-07-10 02:31:13.755011,DEPOSIT,2739.57,ATM,India,0
TXN_0001684,ACC_000435,ACC_000200,2026-07-11 00:41:11.755011,WITHDRAWAL,11958.9,ONLINE,India,0
TXN_0001685,ACC_000798,ACC_000867,2026-07-02 14:09:43.755011,WITHDRAWAL,1968.75,ONLINE,USA,0
TXN_0001686,ACC_000110,ACC_000067,2026-06-20 14:58:53.755011,PAYMENT,33698.72,ONLINE,UK,0
TXN_0001687,ACC_000654,ACC_000952,2026-04-15 15:12:11.755011,TRANSFER,4639.95,ATM,UK,0
TXN_0001688,ACC_000579,ACC_000046,2026-06-26 04:03:24.755011,DEPOSIT,10315.38,ONLINE,India,0
TXN_0001689,ACC_000009,ACC_000366,2026-05-06 09:17:42.755011,WITHDRAWAL,11383.79,BRANCH,UAE,0
TXN_0001690,ACC_000401,ACC_000744,2026-07-31 10:55:52.755011,WITHDRAWAL,5939.11,ATM,Hong Kong,0
TXN_0001691,ACC_000418,ACC_000919,2026-05-10 19:08:48.755011,TRANSFER,16383.54,ATM,India,0
TXN_0001692,ACC_000489,ACC_000601,2026-05-20 15:51:43.755011,TRANSFER,4583.03,MOBILE,USA,0
TXN_0001693,ACC_000081,ACC_000907,2026-06-05 09:19:25.755011,TRANSFER,23053.13,ATM,USA,0
TXN_0001694,ACC_000145,ACC_000788,2026-07-12 11:58:44.755011,PAYMENT,1611.34,MOBILE,Singapore,0
TXN_0001695,ACC_000298,ACC_000369,2026-05-12 07:02:35.755011,DEPOSIT,9430.04,ONLINE,Hong Kong,0
TXN_0001696,ACC_000245,ACC_000214,2026-05-21 17:35:55.755011,TRANSFER,83009.87,ATM,UAE,0
TXN_0001697,ACC_000100,ACC_000825,2026-06-12 01:42:59.755011,TRANSFER,2439.63,ATM,UK,0
TXN_0001698,ACC_000801,ACC_000917,2026-08-09 07:09:59.755011,TRANSFER,3592.87,BRANCH,India,0
TXN_0001699,ACC_000957,ACC_000303,2026-04-09 10:02:01.755011,PAYMENT,15013.26,ONLINE,UK,0
TXN_0001700,ACC_000092,ACC_000073,2026-05-15 01:54:31.755011,PAYMENT,10051.71,BRANCH,UK,0
TXN_0001701,ACC_000453,ACC_000666,2026-04-26 04:15:40.755011,PAYMENT,202989.81,ONLINE,UAE,1
TXN_0001702,ACC_000880,ACC_000294,2026-05-17 00:59:42.755011,DEPOSIT,14574.44,BRANCH,UAE,0
TXN_0001703,ACC_000452,ACC_000376,2026-04-01 12:12:08.755011,WITHDRAWAL,17355.52,MOBILE,India,0
TXN_0001704,ACC_000461,ACC_000270,2026-06-13 16:57:17.755011,TRANSFER,30688.39,ONLINE,Hong Kong,0
TXN_0001705,ACC_000841,ACC_000575,2026-07-21 08:08:29.755011,TRANSFER,13250.39,ATM,India,0
TXN_0001706,ACC_000584,ACC_000409,2026-04-07 04:23:04.755011,TRANSFER,6066.22,ATM,Singapore,0
TXN_0001707,ACC_000096,ACC_000358,2026-07-15 09:33:35.755011,DEPOSIT,18162.03,BRANCH,Hong Kong,0
TXN_0001708,ACC_000477,ACC_000112,2026-08-13 08:35:55.755011,TRANSFER,79210.04,ATM,Hong Kong,0
TXN_0001709,ACC_000407,ACC_000787,2026-09-02 14:12:38.755011,DEPOSIT,6910.79,ATM,Singapore,0
TXN_0001710,ACC_000351,ACC_000619,2026-05-08 01:44:48.755011,DEPOSIT,2516.35,ATM,Hong Kong,0
TXN_0001711,ACC_000286,ACC_000466,2026-03-29 15:53:31.755011,TRANSFER,30592.09,ATM,Singapore,0
TXN_0001712,ACC_000328,ACC_000582,2026-04-17 21:56:06.755011,TRANSFER,7013.15,BRANCH,India,0
TXN_0001713,ACC_000809,ACC_000441,2026-05-16 15:46:14.755011,DEPOSIT,597.53,ATM,India,0
TXN_0001714,ACC_000976,ACC_000777,2026-03-11 22:00:47.755011,DEPOSIT,22402.01,MOBILE,UK,0
TXN_0001715,ACC_000146,ACC_000071,2026-03-23 16:39:21.755011,WITHDRAWAL,4262.48,BRANCH,India,0
TXN_0001716,ACC_000463,ACC_000893,2026-07-23 18:12:57.755011,DEPOSIT,7268.9,ATM,Hong Kong,0
TXN_0001717,ACC_000851,ACC_000056,2026-04-12 04:57:33.755011,TRANSFER,12068.77,BRANCH,UK,0
TXN_0001718,ACC_000358,ACC_000965,2026-05-04 02:46:11.755011,DEPOSIT,76056.12,BRANCH,Singapore,1
TXN_0001719,ACC_000165,ACC_000989,2026-08-06 16:07:56.755011,DEPOSIT,18983.82,MOBILE,Hong Kong,0
TXN_0001720,ACC_000011,ACC_000575,2026-08-14 06:37:24.755011,PAYMENT,4805.02,ONLINE,Hong Kong,0
TXN_0001721,ACC_000149,ACC_000332,2026-07-05 04:14:53.755011,WITHDRAWAL,14998.82,ONLINE,USA,0
TXN_0001722,ACC_000512,ACC_000886,2026-04-05 02:25:46.755011,WITHDRAWAL,5934.54,ONLINE,Hong Kong,0
TXN_0001723,ACC_000740,ACC_000004,2026-06-16 13:41:29.755011,DEPOSIT,19664.55,ATM,Hong Kong,0
TXN_0001724,ACC_000100,ACC_000038,2026-06-27 18:31:28.755011,PAYMENT,16957.08,ATM,Singapore,0
TXN_0001725,ACC_000171,ACC_000616,2026-08-04 19:59:06.755011,DEPOSIT,2637.2,ATM,UK,0
TXN_0001726,ACC_000996,ACC_000696,2026-04-13 13:57:27.755011,TRANSFER,29827.28,MOBILE,UK,0
TXN_0001727,ACC_000315,ACC_000515,2026-08-28 13:48:25.755011,TRANSFER,4259.23,BRANCH,Hong Kong,0
TXN_0001728,ACC_000361,ACC_000849,2026-05-26 20:43:20.755011,DEPOSIT,238381.87,MOBILE,India,1
TXN_0001729,ACC_000439,ACC_000383,2026-06-04 13:21:54.755011,PAYMENT,12591.09,ATM,UAE,0
TXN_0001730,ACC_000866,ACC_000676,2026-05-01 19:25:07.755011,DEPOSIT,73557.33,MOBILE,Hong Kong,0
TXN_0001731,ACC_000928,ACC_000878,2026-09-03 02:32:11.755011,TRANSFER,6197.13,ONLINE,India,0
TXN_0001732,ACC_000632,ACC_000955,2026-03-10 15:38:42.755011,DEPOSIT,5328.47,ONLINE,Singapore,0
TXN_0001733,ACC_000950,ACC_000558,2026-07-06 14:19:50.755011,TRANSFER,7916.44,BRANCH,UAE,0
TXN_0001734,ACC_000684,ACC_000297,2026-03-13 19:11:05.755011,DEPOSIT,5631.8,ATM,USA,0
TXN_0001735,ACC_000391,ACC_000118,2026-06-22 13:40:41.755011,PAYMENT,21161.32,BRANCH,India,0
TXN_0001736,ACC_000936,ACC_000476,2026-08-08 14:14:27.755011,DEPOSIT,1164.94,BRANCH,India,0
TXN_0001737,ACC_000230,ACC_000520,2026-08-06 08:23:24.755011,WITHDRAWAL,2288.34,MOBILE,Hong Kong,0
TXN_0001738,ACC_000925,ACC_000815,2026-08-17 06:42:42.755011,DEPOSIT,2249.89,ATM,India,0
TXN_0001739,ACC_000034,ACC_000016,2026-05-26 23:03:58.755011,TRANSFER,25345.82,ATM,UK,0
TXN_0001740,ACC_000840,ACC_000760,2026-06-16 05:38:10.755011,WITHDRAWAL,63116.41,MOBILE,USA,0
TXN_0001741,ACC_000997,ACC_000401,2026-05-29 23:07:45.755011,PAYMENT,61673.62,BRANCH,India,1
TXN_0001742,ACC_000440,ACC_000132,2026-06-27 16:05:06.755011,DEPOSIT,6617.11,ATM,Singapore,0
TXN_0001743,ACC_000163,ACC_000448,2026-06-15 21:46:41.755011,PAYMENT,8813.7,ONLINE,Hong Kong,0
TXN_0001744,ACC_000122,ACC_000647,2026-06-13 09:06:01.755011,DEPOSIT,32671.35,MOBILE,UAE,0
TXN_0001745,ACC_000209,ACC_000096,2026-05-09 01:36:24.755011,TRANSFER,2662.91,ONLINE,Singapore,0
TXN_0001746,ACC_000608,ACC_000157,2026-08-03 23:42:09.755011,TRANSFER,10786.42,ONLINE,UAE,0
TXN_0001747,ACC_000752,ACC_000134,2026-07-29 14:38:44.755011,DEPOSIT,26114.27,MOBILE,USA,0
TXN_0001748,ACC_000228,ACC_000305,2026-08-28 19:39:09.755011,PAYMENT,14784.18,ATM,Hong Kong,0
TXN_0001749,ACC_000388,ACC_000789,2026-08-07 02:20:32.755011,WITHDRAWAL,10173.06,ONLINE,UK,0
TXN_0001750,ACC_000643,ACC_000024,2026-04-04 09:06:24.755011,TRANSFER,26936.98,ONLINE,Singapore,0
TXN_0001751,ACC_000110,ACC_000146,2026-03-31 06:50:33.755011,WITHDRAWAL,316.12,MOBILE,USA,0
TXN_0001752,ACC_000865,ACC_000371,2026-06-11 10:26:27.755011,PAYMENT,18277.94,BRANCH,India,0
TXN_0001753,ACC_000424,ACC_000076,2026-03-11 17:25:08.755011,DEPOSIT,3696.38,ONLINE,USA,0
TXN_0001754,ACC_000912,ACC_000322,2026-05-19 07:54:15.755011,DEPOSIT,900.76,ATM,USA,0
TXN_0001755,ACC_000183,ACC_000676,2026-08-29 22:21:04.755011,TRANSFER,14964.61,ONLINE,UK,0
TXN_0001756,ACC_000615,ACC_000560,2026-06-09 10:16:51.755011,TRANSFER,839282.2,ATM,UAE,1
TXN_0001757,ACC_000125,ACC_000198,2026-09-03 09:16:58.755011,TRANSFER,6870.98,ONLINE,UAE,0
TXN_0001758,ACC_000222,ACC_000888,2026-04-06 01:04:34.755011,WITHDRAWAL,25424.01,ONLINE,USA,0
TXN_0001759,ACC_000226,ACC_000086,2026-04-03 08:51:07.755011,PAYMENT,56091.18,MOBILE,UK,0
TXN_0001760,ACC_000357,ACC_000726,2026-03-25 07:42:09.755011,WITHDRAWAL,39257.48,BRANCH,Hong Kong,0
TXN_0001761,ACC_000525,ACC_000970,2026-05-31 03:17:18.755011,DEPOSIT,57986.03,ATM,UK,0
TXN_0001762,ACC_000867,ACC_000909,2026-07-18 21:00:43.755011,WITHDRAWAL,19742.97,BRANCH,India,0
TXN_0001763,ACC_000602,ACC_000320,2026-08-03 07:00:10.755011,PAYMENT,8870.8,ATM,Hong Kong,0
TXN_0001764,ACC_000457,ACC_000434,2026-08-25 21:30:20.755011,WITHDRAWAL,1185.17,MOBILE,UAE,0
TXN_0001765,ACC_000440,ACC_000205,2026-05-20 20:12:54.755011,WITHDRAWAL,6031.34,MOBILE,Hong Kong,0
TXN_0001766,ACC_000172,ACC_000911,2026-06-02 17:27:49.755011,TRANSFER,2945.71,MOBILE,UAE,0
TXN_0001767,ACC_000847,ACC_000899,2026-07-02 17:23:12.755011,WITHDRAWAL,109659.05,BRANCH,India,0
TXN_0001768,ACC_000331,ACC_000440,2026-08-11 13:29:38.755011,PAYMENT,6561.25,MOBILE,USA,0
TXN_0001769,ACC_000381,ACC_000381,2026-07-13 00:43:21.755011,PAYMENT,9394.18,MOBILE,India,0
TXN_0001770,ACC_000012,ACC_000735,2026-07-19 02:46:02.755011,WITHDRAWAL,15705.75,ATM,Singapore,0
TXN_0001771,ACC_000921,ACC_000239,2026-05-08 21:40:34.755011,TRANSFER,8538.35,BRANCH,UK,0
TXN_0001772,ACC_000223,ACC_000106,2026-06-17 20:18:46.755011,WITHDRAWAL,61948.66,ONLINE,UAE,0
TXN_0001773,ACC_000699,ACC_000775,2026-05-28 08:35:25.755011,DEPOSIT,3838.44,MOBILE,UK,0
TXN_0001774,ACC_000822,ACC_000506,2026-03-17 02:31:24.755011,DEPOSIT,10234.6,ONLINE,UK,0
TXN_0001775,ACC_000464,ACC_000176,2026-03-31 13:24:21.755011,WITHDRAWAL,3324.37,BRANCH,USA,0
TXN_0001776,ACC_000019,ACC_000660,2026-05-01 19:27:37.755011,TRANSFER,1662.33,BRANCH,UK,0
TXN_0001777,ACC_000038,ACC_000918,2026-05-24 16:19:35.755011,TRANSFER,3888.88,MOBILE,Hong Kong,0
TXN_0001778,ACC_000098,ACC_000850,2026-06-06 16:57:14.755011,DEPOSIT,7750.83,MOBILE,UK,0
TXN_0001779,ACC_000410,ACC_000082,2026-05-13 14:45:03.755011,WITHDRAWAL,4840.81,BRANCH,UAE,0
TXN_0001780,ACC_000714,ACC_000466,2026-05-04 09:56:28.755011,DEPOSIT,3530.15,ONLINE,UK,0
TXN_0001781,ACC_000030,ACC_000230,2026-03-27 09:54:43.755011,TRANSFER,1498.8,ONLINE,USA,0
TXN_0001782,ACC_000883,ACC_000705,2026-05-09 03:43:27.755011,DEPOSIT,7333.98,ATM,USA,0
TXN_0001783,ACC_000924,ACC_000832,2026-07-26 01:40:46.755011,WITHDRAWAL,1331.87,ONLINE,Hong Kong,0
TXN_0001784,ACC_000905,ACC_000804,2026-04-26 21:19:28.755011,TRANSFER,20172.33,ONLINE,India,0
TXN_0001785,ACC_000271,ACC_000338,2026-03-22 00:48:50.755011,DEPOSIT,8945.7,MOBILE,Hong Kong,0
TXN_0001786,ACC_000598,ACC_000472,2026-04-03 05:06:57.755011,TRANSFER,1409.43,ATM,UK,0
TXN_0001787,ACC_000599,ACC_000910,2026-07-31 16:29:19.755011,DEPOSIT,5591.2,BRANCH,Hong Kong,0
TXN_0001788,ACC_000247,ACC_000592,2026-06-17 21:50:05.755011,DEPOSIT,3285.95,BRANCH,UK,0
TXN_0001789,ACC_000495,ACC_000232,2026-07-27 09:10:04.755011,TRANSFER,11884.73,MOBILE,UK,0
TXN_0001790,ACC_000572,ACC_000856,2026-05-15 00:14:11.755011,PAYMENT,40479.08,ATM,Hong Kong,0
TXN_0001791,ACC_000062,ACC_000218,2026-06-11 12:07:19.755011,TRANSFER,853.88,ATM,Singapore,0
TXN_0001792,ACC_000500,ACC_000108,2026-04-12 22:51:03.755011,WITHDRAWAL,9302.43,ATM,UAE,0
TXN_0001793,ACC_000880,ACC_000321,2026-06-15 06:10:01.755011,WITHDRAWAL,6686.47,BRANCH,Hong Kong,0
TXN_0001794,ACC_000109,ACC_000937,2026-06-13 10:17:08.755011,PAYMENT,18135.16,ATM,UK,0
TXN_0001795,ACC_000889,ACC_000636,2026-06-03 07:34:39.755011,PAYMENT,10465.46,BRANCH,USA,0
TXN_0001796,ACC_000169,ACC_000703,2026-05-28 14:51:11.755011,WITHDRAWAL,3286.69,ONLINE,USA,0
TXN_0001797,ACC_000763,ACC_000113,2026-03-28 06:33:23.755011,PAYMENT,5525.53,ONLINE,Singapore,0
TXN_0001798,ACC_000488,ACC_000678,2026-03-13 00:18:49.755011,DEPOSIT,3117.44,MOBILE,UK,0
TXN_0001799,ACC_000087,ACC_000363,2026-06-22 07:41:45.755011,DEPOSIT,29472.37,ATM,USA,0
TXN_0001800,ACC_000521,ACC_000342,2026-05-30 02:59:29.755011,TRANSFER,8312.98,BRANCH,UK,0
TXN_0001801,ACC_000665,ACC_000392,2026-03-17 00:04:30.755011,DEPOSIT,79334.54,ATM,UK,0
TXN_0001802,ACC_000609,ACC_000283,2026-04-10 18:19:05.755011,DEPOSIT,7534.19,BRANCH,India,0
TXN_0001803,ACC_000255,ACC_000982,2026-07-10 23:16:39.755011,TRANSFER,3463.07,ATM,India,0
TXN_0001804,ACC_000590,ACC_000273,2026-03-14 09:24:36.755011,PAYMENT,1317.57,ONLINE,UAE,0
TXN_0001805,ACC_000904,ACC_000636,2026-04-20 10:29:44.755011,DEPOSIT,930.97,BRANCH,Singapore,0
TXN_0001806,ACC_000844,ACC_000901,2026-07-27 23:25:39.755011,WITHDRAWAL,1210.8,BRANCH,USA,0
TXN_0001807,ACC_000356,ACC_000653,2026-04-15 23:49:21.755011,WITHDRAWAL,11165.14,MOBILE,Hong Kong,0
TXN_0001808,ACC_000516,ACC_000930,2026-04-12 09:37:19.755011,DEPOSIT,14920.18,MOBILE,Hong Kong,0
TXN_0001809,ACC_000698,ACC_000072,2026-05-07 15:37:22.755011,PAYMENT,1215.09,ATM,UK,0
TXN_0001810,ACC_000986,ACC_000014,2026-04-04 00:05:05.755011,DEPOSIT,23719.34,BRANCH,UK,0
TXN_0001811,ACC_000903,ACC_000079,2026-04-27 16:38:21.755011,PAYMENT,4538.39,ONLINE,UAE,0
TXN_0001812,ACC_000598,ACC_000002,2026-06-07 11:18:02.755011,DEPOSIT,9663.89,ATM,Singapore,0
TXN_0001813,ACC_000018,ACC_000581,2026-08-13 11:33:57.755011,WITHDRAWAL,56087.3,ATM,UAE,0
TXN_0001814,ACC_000151,ACC_000794,2026-08-01 01:36:43.755011,TRANSFER,23770.66,ONLINE,UK,0
TXN_0001815,ACC_000464,ACC_000503,2026-05-11 15:27:43.755011,WITHDRAWAL,5870.9,MOBILE,Hong Kong,0
TXN_0001816,ACC_000470,ACC_000014,2026-05-17 04:48:12.755011,WITHDRAWAL,2781.01,MOBILE,Hong Kong,0
TXN_0001817,ACC_000794,ACC_000680,2026-06-16 00:21:35.755011,DEPOSIT,612.67,ONLINE,UK,0
TXN_0001818,ACC_000656,ACC_000022,2026-07-26 20:49:21.755011,PAYMENT,3418.7,BRANCH,USA,0
TXN_0001819,ACC_000366,ACC_000510,2026-04-03 23:09:01.755011,TRANSFER,6289.54,ATM,UAE,0
TXN_0001820,ACC_000369,ACC_000212,2026-05-30 02:23:43.755011,TRANSFER,2478.44,ATM,Singapore,0
TXN_0001821,ACC_000899,ACC_000642,2026-04-29 15:40:12.755011,DEPOSIT,6922.22,ATM,UK,0
TXN_0001822,ACC_000910,ACC_000340,2026-05-14 04:49:40.755011,DEPOSIT,8885.91,BRANCH,UK,0
TXN_0001823,ACC_000594,ACC_000533,2026-03-15 10:37:55.755011,WITHDRAWAL,6186.8,ONLINE,Singapore,0
TXN_0001824,ACC_000992,ACC_000812,2026-06-25 11:55:49.755011,WITHDRAWAL,3714.49,MOBILE,India,0
TXN_0001825,ACC_000151,ACC_000478,2026-06-12 08:15:38.755011,PAYMENT,187586.83,MOBILE,UAE,1
TXN_0001826,ACC_000311,ACC_000499,2026-04-08 00:53:41.755011,WITHDRAWAL,13771.12,ONLINE,UK,0
TXN_0001827,ACC_000223,ACC_000290,2026-03-15 09:56:50.755011,TRANSFER,2189.7,ONLINE,Singapore,0
TXN_0001828,ACC_000361,ACC_000677,2026-05-30 00:32:31.755011,TRANSFER,44051.68,ONLINE,UK,0
TXN_0001829,ACC_000291,ACC_000805,2026-08-25 02:14:02.755011,PAYMENT,7198.98,ONLINE,Hong Kong,0
TXN_0001830,ACC_000202,ACC_000443,2026-07-27 19:22:02.755011,TRANSFER,8288.46,MOBILE,USA,0
TXN_0001831,ACC_000255,ACC_000832,2026-05-15 07:47:53.755011,DEPOSIT,18955.65,BRANCH,Singapore,0
TXN_0001832,ACC_000943,ACC_000310,2026-03-26 12:27:06.755011,WITHDRAWAL,197198.34,ATM,UAE,1
TXN_0001833,ACC_000331,ACC_000824,2026-08-24 13:13:59.755011,PAYMENT,25432.01,ATM,UK,0
TXN_0001834,ACC_000205,ACC_000309,2026-06-23 02:14:30.755011,WITHDRAWAL,11436.31,ONLINE,UK,0
TXN_0001835,ACC_000473,ACC_000559,2026-07-07 11:16:12.755011,PAYMENT,3885.76,BRANCH,Singapore,0
TXN_0001836,ACC_000453,ACC_000711,2026-06-17 17:05:34.755011,WITHDRAWAL,12504.0,MOBILE,Singapore,0
TXN_0001837,ACC_000431,ACC_000985,2026-06-06 01:23:05.755011,DEPOSIT,2053.97,BRANCH,India,0
TXN_0001838,ACC_000981,ACC_000786,2026-03-12 14:13:41.755011,DEPOSIT,9230.53,ONLINE,USA,0
TXN_0001839,ACC_000806,ACC_000249,2026-05-05 04:19:54.755011,WITHDRAWAL,7786.32,ATM,UAE,0
TXN_0001840,ACC_000899,ACC_000301,2026-06-25 06:51:39.755011,TRANSFER,6312.33,BRANCH,USA,0
TXN_0001841,ACC_000474,ACC_000827,2026-03-08 14:50:04.755011,DEPOSIT,6944.85,ONLINE,India,0
TXN_0001842,ACC_000666,ACC_000110,2026-08-15 14:40:47.755011,WITHDRAWAL,847.07,ONLINE,UK,0
TXN_0001843,ACC_000340,ACC_000886,2026-07-19 13:29:18.755011,TRANSFER,4194.5,ONLINE,Hong Kong,0
TXN_0001844,ACC_000758,ACC_000735,2026-06-14 15:41:24.755011,TRANSFER,9058.09,ATM,UAE,0
TXN_0001845,ACC_000991,ACC_000508,2026-07-29 05:43:07.755011,PAYMENT,9816.58,ATM,Hong Kong,0
TXN_0001846,ACC_000309,ACC_000644,2026-04-06 12:23:53.755011,WITHDRAWAL,2360.88,ONLINE,Singapore,0
TXN_0001847,ACC_000118,ACC_000069,2026-04-15 10:25:17.755011,TRANSFER,37006.52,ATM,UAE,0
TXN_0001848,ACC_000100,ACC_000254,2026-06-16 09:38:27.755011,PAYMENT,2865.76,ONLINE,Singapore,0
TXN_0001849,ACC_000455,ACC_000401,2026-06-13 16:18:43.755011,TRANSFER,25935.0,ONLINE,UK,0
TXN_0001850,ACC_000840,ACC_000241,2026-04-12 04:47:56.755011,WITHDRAWAL,13529.57,BRANCH,Hong Kong,0
TXN_0001851,ACC_000150,ACC_000652,2026-05-30 10:00:23.755011,TRANSFER,3731.36,ATM,USA,0
TXN_0001852,ACC_000247,ACC_000175,2026-07-13 03:06:10.755011,PAYMENT,68211.82,BRANCH,Singapore,0
TXN_0001853,ACC_000103,ACC_000983,2026-07-15 02:01:59.755011,DEPOSIT,1934.56,MOBILE,Hong Kong,0
TXN_0001854,ACC_000715,ACC_000820,2026-05-21 09:08:50.755011,TRANSFER,24415.78,BRANCH,Singapore,0
TXN_0001855,ACC_000029,ACC_000291,2026-04-05 05:35:53.755011,DEPOSIT,26921.99,ONLINE,UAE,0
TXN_0001856,ACC_000311,ACC_000035,2026-06-28 04:35:44.755011,DEPOSIT,3623.72,ONLINE,UK,0
TXN_0001857,ACC_000470,ACC_000284,2026-06-06 07:41:50.755011,TRANSFER,785735.76,ATM,UK,1
TXN_0001858,ACC_000516,ACC_000216,2026-08-21 15:44:46.755011,WITHDRAWAL,6002.58,BRANCH,UAE,0
TXN_0001859,ACC_000156,ACC_000361,2026-07-12 19:53:50.755011,WITHDRAWAL,11457.87,BRANCH,Hong Kong,0
TXN_0001860,ACC_000286,ACC_000804,2026-04-03 15:43:21.755011,WITHDRAWAL,11074.34,BRANCH,India,0
TXN_0001861,ACC_000496,ACC_000386,2026-07-10 17:38:04.755011,DEPOSIT,6896.92,ATM,UAE,0
TXN_0001862,ACC_000795,ACC_000675,2026-06-13 21:47:28.755011,WITHDRAWAL,21439.06,ATM,Hong Kong,0
TXN_0001863,ACC_000357,ACC_000599,2026-06-28 05:27:56.755011,DEPOSIT,20998.08,ONLINE,India,0
TXN_0001864,ACC_000163,ACC_000238,2026-07-27 18:32:56.755011,TRANSFER,994.02,ONLINE,Singapore,0
TXN_0001865,ACC_000332,ACC_000779,2026-06-07 23:20:15.755011,PAYMENT,38762.49,ATM,India,0
TXN_0001866,ACC_000746,ACC_000914,2026-04-10 05:58:53.755011,DEPOSIT,1102.14,BRANCH,India,0
TXN_0001867,ACC_000118,ACC_000039,2026-04-25 02:25:53.755011,TRANSFER,27974.69,BRANCH,UK,0
TXN_0001868,ACC_000031,ACC_000946,2026-08-17 16:56:31.755011,PAYMENT,31321.07,MOBILE,India,0
TXN_0001869,ACC_000137,ACC_000653,2026-05-19 18:58:14.755011,PAYMENT,2188.21,ATM,UK,0
TXN_0001870,ACC_000293,ACC_000231,2026-07-17 06:45:28.755011,PAYMENT,4949.41,ATM,Singapore,0
TXN_0001871,ACC_000809,ACC_000197,2026-08-11 11:46:40.755011,TRANSFER,2149.85,ONLINE,Hong Kong,0
TXN_0001872,ACC_000830,ACC_000144,2026-03-26 03:26:42.755011,TRANSFER,50420.42,MOBILE,Singapore,1
TXN_0001873,ACC_000074,ACC_000349,2026-08-22 07:54:46.755011,PAYMENT,5599.09,BRANCH,USA,0
TXN_0001874,ACC_000848,ACC_000486,2026-06-26 05:12:33.755011,WITHDRAWAL,20652.52,MOBILE,UAE,0
TXN_0001875,ACC_000142,ACC_000821,2026-08-20 04:19:30.755011,TRANSFER,39041.11,BRANCH,Singapore,0
TXN_0001876,ACC_000073,ACC_000583,2026-08-24 04:07:11.755011,TRANSFER,43252.94,ATM,UAE,0
TXN_0001877,ACC_000511,ACC_000237,2026-03-30 08:40:27.755011,TRANSFER,4127.38,MOBILE,India,0
TXN_0001878,ACC_000945,ACC_000849,2026-05-02 18:06:27.755011,WITHDRAWAL,6303.96,BRANCH,Hong Kong,0
TXN_0001879,ACC_000893,ACC_000162,2026-08-23 20:58:08.755011,WITHDRAWAL,1074.78,ONLINE,UAE,0
TXN_0001880,ACC_000531,ACC_000955,2026-08-20 03:16:12.755011,WITHDRAWAL,3080.83,BRANCH,UAE,0
TXN_0001881,ACC_000914,ACC_000114,2026-07-20 21:45:40.755011,DEPOSIT,25792.06,MOBILE,Hong Kong,0
TXN_0001882,ACC_000432,ACC_000268,2026-05-12 02:29:50.755011,PAYMENT,56314.05,MOBILE,India,0
TXN_0001883,ACC_000837,ACC_000752,2026-06-21 16:42:14.755011,WITHDRAWAL,1842.32,ONLINE,USA,0
TXN_0001884,ACC_000971,ACC_000578,2026-08-10 21:44:58.755011,TRANSFER,3980.02,MOBILE,India,0
TXN_0001885,ACC_000758,ACC_000628,2026-07-01 14:39:43.755011,TRANSFER,7850.35,BRANCH,USA,0
TXN_0001886,ACC_000107,ACC_000037,2026-03-15 13:37:09.755011,DEPOSIT,11341.15,ATM,Hong Kong,0
TXN_0001887,ACC_000311,ACC_000801,2026-06-08 04:50:06.755011,PAYMENT,3067.06,ONLINE,India,0
TXN_0001888,ACC_000831,ACC_000201,2026-08-06 06:38:57.755011,DEPOSIT,13478.8,ONLINE,UAE,0
TXN_0001889,ACC_000785,ACC_000387,2026-05-21 15:13:28.755011,PAYMENT,4588.89,BRANCH,Hong Kong,0
TXN_0001890,ACC_000119,ACC_000449,2026-04-03 05:08:56.755011,TRANSFER,7963.77,MOBILE,UK,0
TXN_0001891,ACC_000941,ACC_000060,2026-05-31 05:26:43.755011,PAYMENT,15608.03,ATM,India,0
TXN_0001892,ACC_000423,ACC_000766,2026-04-20 13:34:32.755011,TRANSFER,8165.77,ONLINE,Hong Kong,0
TXN_0001893,ACC_000079,ACC_000059,2026-03-18 12:11:21.755011,PAYMENT,4799.84,BRANCH,USA,0
TXN_0001894,ACC_000359,ACC_000617,2026-05-07 11:01:29.755011,PAYMENT,7104.39,MOBILE,USA,0
TXN_0001895,ACC_000674,ACC_000126,2026-06-08 10:00:08.755011,TRANSFER,7287.85,ONLINE,UK,0
TXN_0001896,ACC_000507,ACC_000723,2026-04-16 10:28:25.755011,WITHDRAWAL,5197.78,ATM,Singapore,0
TXN_0001897,ACC_000799,ACC_000565,2026-05-17 17:07:36.755011,WITHDRAWAL,5939.88,ATM,UAE,0
TXN_0001898,ACC_000715,ACC_000555,2026-05-08 09:04:57.755011,TRANSFER,55181.15,ONLINE,UK,0
TXN_0001899,ACC_000974,ACC_000637,2026-07-22 10:58:05.755011,DEPOSIT,15884.57,MOBILE,India,0
TXN_0001900,ACC_000862,ACC_001000,2026-04-03 02:10:16.755011,PAYMENT,5684.07,MOBILE,Hong Kong,0
TXN_0001901,ACC_000382,ACC_000743,2026-03-31 07:08:22.755011,PAYMENT,18701.24,ONLINE,USA,0
TXN_0001902,ACC_000783,ACC_000465,2026-07-11 15:53:00.755011,TRANSFER,5428.49,ONLINE,Singapore,0
TXN_0001903,ACC_000285,ACC_000603,2026-04-28 22:46:29.755011,DEPOSIT,33115.26,MOBILE,India,0
TXN_0001904,ACC_000625,ACC_000394,2026-08-20 09:41:48.755011,DEPOSIT,12626.72,ONLINE,Singapore,0
TXN_0001905,ACC_000230,ACC_000211,2026-03-16 02:05:01.755011,DEPOSIT,7124.09,ATM,Hong Kong,0
TXN_0001906,ACC_000677,ACC_000313,2026-03-17 14:38:23.755011,TRANSFER,13866.9,MOBILE,India,0
TXN_0001907,ACC_000915,ACC_000345,2026-07-31 23:12:53.755011,WITHDRAWAL,1230.22,ATM,India,0
TXN_0001908,ACC_000637,ACC_000445,2026-08-15 11:37:41.755011,DEPOSIT,2096.19,ONLINE,India,0
TXN_0001909,ACC_000955,ACC_000695,2026-07-25 12:34:47.755011,WITHDRAWAL,1933.89,BRANCH,Singapore,0
TXN_0001910,ACC_000788,ACC_000532,2026-06-25 19:34:35.755011,WITHDRAWAL,9619.35,ATM,Singapore,0
TXN_0001911,ACC_000244,ACC_000136,2026-09-03 00:19:31.755011,TRANSFER,64797.22,MOBILE,Hong Kong,0
TXN_0001912,ACC_000790,ACC_000556,2026-03-24 01:43:22.755011,WITHDRAWAL,2355813.44,MOBILE,UAE,1
TXN_0001913,ACC_000281,ACC_000371,2026-07-04 23:45:01.755011,WITHDRAWAL,17425.0,MOBILE,Hong Kong,0
TXN_0001914,ACC_000013,ACC_000128,2026-07-03 12:34:25.755011,WITHDRAWAL,14779.75,MOBILE,UK,0
TXN_0001915,ACC_000474,ACC_000018,2026-06-01 15:23:26.755011,DEPOSIT,933.3,ONLINE,Singapore,0
TXN_0001916,ACC_000492,ACC_000654,2026-05-16 02:51:56.755011,PAYMENT,4225.07,BRANCH,India,0
TXN_0001917,ACC_000284,ACC_000919,2026-03-22 21:48:27.755011,WITHDRAWAL,3148.43,ONLINE,Singapore,0
TXN_0001918,ACC_000806,ACC_000283,2026-08-03 04:48:10.755011,WITHDRAWAL,3846.75,BRANCH,USA,0
TXN_0001919,ACC_000151,ACC_000893,2026-04-10 08:17:57.755011,TRANSFER,6622.49,ATM,India,0
TXN_0001920,ACC_000701,ACC_000519,2026-04-12 05:47:06.755011,DEPOSIT,4598.53,MOBILE,India,0
TXN_0001921,ACC_000063,ACC_000975,2026-04-20 17:25:39.755011,WITHDRAWAL,753.58,MOBILE,India,0
TXN_0001922,ACC_000870,ACC_000362,2026-08-20 23:17:12.755011,TRANSFER,19880.45,ATM,UK,0
TXN_0001923,ACC_000455,ACC_000116,2026-06-13 21:35:39.755011,TRANSFER,2236.59,ATM,USA,0
TXN_0001924,ACC_000850,ACC_000843,2026-05-18 13:45:08.755011,DEPOSIT,10797.78,ONLINE,Hong Kong,0
TXN_0001925,ACC_000147,ACC_000026,2026-05-01 10:21:40.755011,WITHDRAWAL,97626.01,MOBILE,UK,0
TXN_0001926,ACC_000482,ACC_000966,2026-08-28 17:14:35.755011,WITHDRAWAL,39735.15,ONLINE,USA,1
TXN_0001927,ACC_000953,ACC_000154,2026-05-02 22:39:24.755011,TRANSFER,389.03,ONLINE,UAE,0
TXN_0001928,ACC_000524,ACC_000733,2026-05-07 06:16:15.755011,WITHDRAWAL,5749.08,ATM,Singapore,0
TXN_0001929,ACC_000673,ACC_000744,2026-03-13 19:01:01.755011,PAYMENT,30368.21,BRANCH,Hong Kong,0
TXN_0001930,ACC_000982,ACC_000958,2026-03-22 11:23:22.755011,PAYMENT,84966.89,BRANCH,UAE,0
TXN_0001931,ACC_000900,ACC_000541,2026-08-19 01:10:17.755011,TRANSFER,1852.96,BRANCH,Hong Kong,0
TXN_0001932,ACC_000325,ACC_000276,2026-06-01 02:22:56.755011,PAYMENT,14706.41,MOBILE,USA,0
TXN_0001933,ACC_000787,ACC_000371,2026-08-09 14:43:47.755011,PAYMENT,4636.09,BRANCH,UK,0
TXN_0001934,ACC_000710,ACC_000247,2026-03-29 20:58:26.755011,DEPOSIT,7135.67,BRANCH,UK,0
TXN_0001935,ACC_000518,ACC_000079,2026-06-24 07:00:42.755011,WITHDRAWAL,193534.68,BRANCH,UAE,0
TXN_0001936,ACC_000429,ACC_000236,2026-08-07 03:32:06.755011,PAYMENT,1334.67,ATM,Singapore,0
TXN_0001937,ACC_000142,ACC_000621,2026-07-14 18:25:24.755011,WITHDRAWAL,10987.21,MOBILE,UK,0
TXN_0001938,ACC_000419,ACC_000432,2026-03-23 06:56:15.755011,PAYMENT,14203.33,BRANCH,Hong Kong,0
TXN_0001939,ACC_000922,ACC_000185,2026-04-14 22:19:29.755011,DEPOSIT,29820.27,ONLINE,USA,0
TXN_0001940,ACC_000784,ACC_000568,2026-04-27 14:30:50.755011,DEPOSIT,9114.12,ONLINE,USA,0
TXN_0001941,ACC_000442,ACC_000025,2026-08-16 09:09:17.755011,PAYMENT,11727.13,ONLINE,USA,0
TXN_0001942,ACC_000941,ACC_000398,2026-06-18 05:51:14.755011,DEPOSIT,5064.56,MOBILE,USA,0
TXN_0001943,ACC_000248,ACC_000730,2026-06-23 14:37:27.755011,WITHDRAWAL,11191.98,ONLINE,UK,0
TXN_0001944,ACC_000345,ACC_000606,2026-08-28 21:43:29.755011,TRANSFER,5367.78,ONLINE,India,0
TXN_0001945,ACC_000973,ACC_000460,2026-05-15 09:18:52.755011,DEPOSIT,17083.81,BRANCH,Hong Kong,0
TXN_0001946,ACC_000776,ACC_000489,2026-05-02 15:17:11.755011,PAYMENT,5200.28,ATM,Hong Kong,0
TXN_0001947,ACC_000840,ACC_000960,2026-09-01 09:33:17.755011,TRANSFER,12740.24,ATM,India,0
TXN_0001948,ACC_000691,ACC_000665,2026-05-18 06:49:46.755011,DEPOSIT,7823.48,BRANCH,UK,0
TXN_0001949,ACC_000740,ACC_000603,2026-06-14 05:39:11.755011,WITHDRAWAL,31296.46,ONLINE,USA,0
TXN_0001950,ACC_000050,ACC_000578,2026-05-12 16:48:49.755011,DEPOSIT,7618.44,MOBILE,UK,0
TXN_0001951,ACC_000183,ACC_000977,2026-08-01 12:22:01.755011,PAYMENT,965.22,ONLINE,Hong Kong,0
TXN_0001952,ACC_000216,ACC_000441,2026-07-27 09:43:43.755011,WITHDRAWAL,36838.76,MOBILE,India,0
TXN_0001953,ACC_000122,ACC_000295,2026-04-08 14:48:33.755011,WITHDRAWAL,2732.91,BRANCH,Singapore,0
TXN_0001954,ACC_000296,ACC_000962,2026-04-09 08:11:03.755011,WITHDRAWAL,3697.75,ONLINE,USA,0
TXN_0001955,ACC_000099,ACC_000212,2026-04-03 20:12:51.755011,PAYMENT,3964.78,ONLINE,UAE,0
TXN_0001956,ACC_000553,ACC_000551,2026-08-27 09:47:46.755011,PAYMENT,42164.15,ONLINE,Singapore,0
TXN_0001957,ACC_000379,ACC_000209,2026-03-12 11:13:23.755011,WITHDRAWAL,624.65,BRANCH,Hong Kong,0
TXN_0001958,ACC_000851,ACC_000465,2026-03-31 23:07:39.755011,WITHDRAWAL,349863.46,ONLINE,Hong Kong,0
TXN_0001959,ACC_000123,ACC_000456,2026-08-18 11:53:06.755011,DEPOSIT,28775.17,BRANCH,UK,0
TXN_0001960,ACC_000286,ACC_000750,2026-04-03 00:42:37.755011,TRANSFER,10592.34,MOBILE,India,0
TXN_0001961,ACC_000745,ACC_000077,2026-04-19 15:44:45.755011,WITHDRAWAL,7586.51,ATM,UAE,0
TXN_0001962,ACC_000646,ACC_000754,2026-06-03 12:23:16.755011,TRANSFER,11414.79,MOBILE,India,0
TXN_0001963,ACC_000814,ACC_000534,2026-07-22 09:06:48.755011,WITHDRAWAL,15143.81,ATM,UAE,0
TXN_0001964,ACC_000642,ACC_000037,2026-08-24 20:52:52.755011,TRANSFER,17575.46,ATM,USA,0
TXN_0001965,ACC_000966,ACC_000226,2026-08-23 19:26:30.755011,PAYMENT,15783.58,MOBILE,Singapore,0
TXN_0001966,ACC_000192,ACC_000752,2026-08-12 11:59:45.755011,DEPOSIT,9022.68,MOBILE,USA,0
TXN_0001967,ACC_000091,ACC_000974,2026-08-24 12:54:50.755011,PAYMENT,6394.5,ONLINE,Singapore,0
TXN_0001968,ACC_000626,ACC_000214,2026-06-23 18:20:08.755011,PAYMENT,6757.93,ONLINE,Singapore,0
TXN_0001969,ACC_000390,ACC_000647,2026-07-04 13:38:30.755011,PAYMENT,6413.18,MOBILE,Singapore,0
TXN_0001970,ACC_000899,ACC_000308,2026-04-11 10:15:10.755011,PAYMENT,31587.73,MOBILE,Hong Kong,0
TXN_0001971,ACC_000646,ACC_000402,2026-08-09 04:11:54.755011,WITHDRAWAL,16519.03,BRANCH,UK,0
TXN_0001972,ACC_000987,ACC_000903,2026-03-29 06:45:44.755011,WITHDRAWAL,237.82,BRANCH,Singapore,0
TXN_0001973,ACC_000436,ACC_000119,2026-07-14 02:11:05.755011,PAYMENT,17802.26,BRANCH,UK,0
TXN_0001974,ACC_000714,ACC_000408,2026-05-13 22:55:32.755011,PAYMENT,10236.18,BRANCH,Singapore,0
TXN_0001975,ACC_000241,ACC_000030,2026-07-18 21:46:42.755011,WITHDRAWAL,7923.19,MOBILE,UAE,0
TXN_0001976,ACC_000802,ACC_000419,2026-08-19 16:59:07.755011,TRANSFER,5083.61,MOBILE,UK,0
TXN_0001977,ACC_000401,ACC_000829,2026-05-26 07:33:31.755011,DEPOSIT,31223.78,BRANCH,Singapore,0
TXN_0001978,ACC_000275,ACC_000498,2026-03-18 01:42:07.755011,PAYMENT,25261.37,MOBILE,Hong Kong,0
TXN_0001979,ACC_000459,ACC_000420,2026-05-06 08:51:21.755011,PAYMENT,3205.25,ATM,UAE,0
TXN_0001980,ACC_000113,ACC_000971,2026-07-06 21:08:18.755011,WITHDRAWAL,13206.48,ATM,UAE,0
TXN_0001981,ACC_000022,ACC_000822,2026-07-25 16:55:19.755011,DEPOSIT,2525.04,ONLINE,Hong Kong,0
TXN_0001982,ACC_000786,ACC_000785,2026-05-14 22:47:46.755011,TRANSFER,1547.6,ONLINE,UAE,0
TXN_0001983,ACC_000204,ACC_000161,2026-06-19 10:34:32.755011,DEPOSIT,3819.75,ATM,UK,0
TXN_0001984,ACC_000383,ACC_000340,2026-08-31 07:02:47.755011,DEPOSIT,22808.13,ATM,UAE,0
TXN_0001985,ACC_000037,ACC_000866,2026-03-10 02:39:48.755011,TRANSFER,25431.66,ONLINE,UAE,0
TXN_0001986,ACC_000044,ACC_000161,2026-06-09 14:53:23.755011,WITHDRAWAL,14998.46,MOBILE,India,0
TXN_0001987,ACC_000705,ACC_000254,2026-08-04 10:47:28.755011,TRANSFER,19343.56,MOBILE,Hong Kong,0
TXN_0001988,ACC_000387,ACC_000672,2026-08-06 17:02:48.755011,DEPOSIT,15054.22,ATM,Hong Kong,0
TXN_0001989,ACC_000087,ACC_000079,2026-08-21 20:13:38.755011,TRANSFER,3752.67,BRANCH,India,0
TXN_0001990,ACC_000555,ACC_000620,2026-08-15 16:20:41.755011,PAYMENT,13606.56,ONLINE,Hong Kong,0
TXN_0001991,ACC_000199,ACC_000852,2026-05-22 09:51:42.755011,WITHDRAWAL,21173.2,MOBILE,Singapore,0
TXN_0001992,ACC_000310,ACC_000281,2026-03-12 00:17:34.755011,DEPOSIT,20033.27,ATM,India,0
TXN_0001993,ACC_000591,ACC_000483,2026-07-12 20:30:36.755011,DEPOSIT,33748.66,MOBILE,Singapore,0
TXN_0001994,ACC_000575,ACC_000286,2026-05-25 08:43:50.755011,DEPOSIT,18957.68,MOBILE,Hong Kong,0
TXN_0001995,ACC_000392,ACC_000018,2026-04-23 23:04:34.755011,DEPOSIT,12354.03,BRANCH,UK,0
TXN_0001996,ACC_000111,ACC_000464,2026-07-24 05:16:13.755011,PAYMENT,29265.96,ONLINE,Singapore,0
TXN_0001997,ACC_000379,ACC_000489,2026-06-02 06:39:38.755011,TRANSFER,7849.26,MOBILE,UK,0
TXN_0001998,ACC_001000,ACC_000086,2026-07-07 18:42:12.755011,TRANSFER,2812.28,ATM,USA,0
TXN_0001999,ACC_000608,ACC_000256,2026-06-10 13:46:44.755011,TRANSFER,6662.96,ATM,Singapore,0
TXN_0002000,ACC_000536,ACC_000741,2026-06-07 09:49:49.755011,PAYMENT,3314.68,ONLINE,Singapore,0
TXN_0002001,ACC_000759,ACC_000346,2026-05-06 22:34:39.755011,PAYMENT,3603.95,ONLINE,UK,0
TXN_0002002,ACC_000417,ACC_000893,2026-07-01 17:22:36.755011,TRANSFER,6812.93,MOBILE,Hong Kong,0
TXN_0002003,ACC_000814,ACC_000501,2026-06-24 16:06:37.755011,DEPOSIT,3130.96,MOBILE,Hong Kong,0
TXN_0002004,ACC_000726,ACC_000495,2026-06-05 01:14:30.755011,TRANSFER,5599.58,ONLINE,Singapore,0
TXN_0002005,ACC_000131,ACC_000776,2026-05-19 09:54:58.755011,TRANSFER,835.19,ATM,UAE,0
TXN_0002006,ACC_000203,ACC_000449,2026-04-08 17:37:34.755011,TRANSFER,10466.68,ONLINE,Singapore,0
TXN_0002007,ACC_000823,ACC_000538,2026-07-07 01:13:55.755011,DEPOSIT,8114.81,ATM,Hong Kong,0
TXN_0002008,ACC_000409,ACC_000010,2026-05-27 15:48:00.755011,WITHDRAWAL,3039.64,ONLINE,Singapore,0
TXN_0002009,ACC_000693,ACC_000278,2026-07-25 06:16:11.755011,WITHDRAWAL,336556.8,MOBILE,UAE,1
TXN_0002010,ACC_000298,ACC_000536,2026-04-03 22:36:43.755011,PAYMENT,24961.36,MOBILE,UAE,0
TXN_0002011,ACC_000474,ACC_000216,2026-06-07 03:17:04.755011,WITHDRAWAL,1177.24,ATM,USA,0
TXN_0002012,ACC_000486,ACC_000011,2026-08-15 12:24:49.755011,WITHDRAWAL,3244.54,BRANCH,USA,0
TXN_0002013,ACC_000006,ACC_000320,2026-03-20 11:33:30.755011,PAYMENT,3219.65,ATM,Hong Kong,0
TXN_0002014,ACC_000339,ACC_000097,2026-06-04 12:17:35.755011,TRANSFER,2623.11,BRANCH,UAE,0
TXN_0002015,ACC_000652,ACC_000573,2026-05-14 12:19:14.755011,PAYMENT,21924.71,MOBILE,Hong Kong,0
TXN_0002016,ACC_000282,ACC_000292,2026-04-13 20:51:46.755011,DEPOSIT,6421.51,MOBILE,UK,0
TXN_0002017,ACC_000957,ACC_000261,2026-05-24 18:27:32.755011,PAYMENT,5899.26,ONLINE,UAE,0
TXN_0002018,ACC_000222,ACC_000287,2026-07-27 08:12:20.755011,PAYMENT,731.7,MOBILE,UAE,0
TXN_0002019,ACC_000535,ACC_000602,2026-08-09 04:50:35.755011,DEPOSIT,17370.03,MOBILE,UAE,0
TXN_0002020,ACC_000620,ACC_000284,2026-06-30 10:48:15.755011,DEPOSIT,1831.5,ATM,USA,0
TXN_0002021,ACC_000222,ACC_000094,2026-04-21 11:30:11.755011,PAYMENT,8707.32,ATM,USA,0
TXN_0002022,ACC_000332,ACC_000080,2026-03-07 12:14:33.755011,TRANSFER,11303.33,ATM,UAE,0
TXN_0002023,ACC_000681,ACC_000484,2026-05-29 01:37:35.755011,WITHDRAWAL,41472.69,MOBILE,UAE,0
TXN_0002024,ACC_000574,ACC_000403,2026-04-23 05:10:30.755011,DEPOSIT,1684.82,BRANCH,Hong Kong,0
TXN_0002025,ACC_000859,ACC_000535,2026-05-07 00:00:27.755011,WITHDRAWAL,216.28,ONLINE,UAE,0
TXN_0002026,ACC_000969,ACC_000649,2026-04-08 17:15:01.755011,WITHDRAWAL,10103.32,ATM,Singapore,0
TXN_0002027,ACC_000712,ACC_000808,2026-06-10 15:05:36.755011,WITHDRAWAL,70306.07,ONLINE,UAE,0
TXN_0002028,ACC_000357,ACC_000183,2026-07-12 02:03:42.755011,TRANSFER,35836.98,MOBILE,Singapore,0
TXN_0002029,ACC_000746,ACC_000435,2026-05-13 15:31:47.755011,PAYMENT,10421.14,ATM,Singapore,0
TXN_0002030,ACC_000011,ACC_000201,2026-07-30 15:17:36.755011,DEPOSIT,4491.92,MOBILE,UAE,0
TXN_0002031,ACC_000318,ACC_000337,2026-06-29 06:55:41.755011,TRANSFER,21344.45,MOBILE,UK,0
TXN_0002032,ACC_000622,ACC_000280,2026-03-09 23:39:03.755011,TRANSFER,2519.32,MOBILE,Hong Kong,0
TXN_0002033,ACC_000713,ACC_000722,2026-03-15 23:45:43.755011,WITHDRAWAL,14351.78,MOBILE,Hong Kong,0
TXN_0002034,ACC_000844,ACC_000032,2026-06-26 13:38:54.755011,DEPOSIT,14862.02,BRANCH,Singapore,0
TXN_0002035,ACC_000896,ACC_000664,2026-07-31 02:02:50.755011,TRANSFER,28918.94,ONLINE,UK,0
TXN_0002036,ACC_000731,ACC_000157,2026-08-28 02:40:11.755011,PAYMENT,222257.53,ATM,India,0
TXN_0002037,ACC_000123,ACC_000058,2026-08-18 16:49:13.755011,DEPOSIT,12976.55,ONLINE,UK,0
TXN_0002038,ACC_000285,ACC_000874,2026-06-21 02:42:18.755011,PAYMENT,4399.49,ONLINE,UK,0
TXN_0002039,ACC_000922,ACC_000325,2026-08-19 04:07:50.755011,PAYMENT,7858.18,MOBILE,UAE,0
TXN_0002040,ACC_000413,ACC_000427,2026-07-14 11:51:53.755011,TRANSFER,969.82,ONLINE,USA,0
TXN_0002041,ACC_000152,ACC_000747,2026-06-12 20:22:16.755011,WITHDRAWAL,3520.45,ONLINE,USA,0
TXN_0002042,ACC_000624,ACC_000204,2026-04-29 23:08:02.755011,DEPOSIT,4958.51,ATM,Hong Kong,0
TXN_0002043,ACC_000964,ACC_000004,2026-08-17 03:48:05.755011,WITHDRAWAL,4320.36,MOBILE,UAE,0
TXN_0002044,ACC_000478,ACC_000582,2026-05-12 18:22:34.755011,TRANSFER,9728.61,BRANCH,India,0
TXN_0002045,ACC_000187,ACC_000748,2026-03-25 01:08:25.755011,TRANSFER,3020.25,ATM,UK,0
TXN_0002046,ACC_000786,ACC_000174,2026-03-11 08:47:57.755011,TRANSFER,31108.51,ATM,Hong Kong,0
TXN_0002047,ACC_000899,ACC_000742,2026-03-23 05:51:39.755011,PAYMENT,8105.1,MOBILE,Hong Kong,0
TXN_0002048,ACC_000886,ACC_000196,2026-08-29 12:17:23.755011,PAYMENT,8013.15,MOBILE,India,0
TXN_0002049,ACC_000183,ACC_000286,2026-05-02 04:57:57.755011,PAYMENT,5467.22,MOBILE,Singapore,0
TXN_0002050,ACC_000280,ACC_000905,2026-04-13 00:22:43.755011,PAYMENT,9761.77,ATM,UK,0
TXN_0002051,ACC_000271,ACC_000095,2026-05-31 19:46:08.755011,DEPOSIT,21809.87,MOBILE,UAE,0
TXN_0002052,ACC_000658,ACC_000536,2026-08-04 10:35:59.755011,DEPOSIT,2862.48,ATM,India,0
TXN_0002053,ACC_000395,ACC_000160,2026-06-29 02:25:44.755011,PAYMENT,3678.5,BRANCH,UK,0
TXN_0002054,ACC_000816,ACC_000296,2026-07-17 21:31:31.755011,PAYMENT,5628.11,MOBILE,Hong Kong,0
TXN_0002055,ACC_000814,ACC_000276,2026-06-22 13:47:12.755011,TRANSFER,28118.28,ATM,UK,1
TXN_0002056,ACC_000033,ACC_000945,2026-04-27 02:43:20.755011,TRANSFER,3031.74,ATM,Singapore,0
TXN_0002057,ACC_000331,ACC_000382,2026-06-29 09:52:30.755011,DEPOSIT,4575.79,ONLINE,UK,0
TXN_0002058,ACC_000368,ACC_000891,2026-07-07 16:38:41.755011,TRANSFER,23138.82,ATM,Singapore,0
TXN_0002059,ACC_000664,ACC_000925,2026-05-11 20:05:48.755011,TRANSFER,11104.14,ATM,UK,0
TXN_0002060,ACC_000560,ACC_000191,2026-06-06 02:43:48.755011,TRANSFER,10222.11,BRANCH,UAE,0
TXN_0002061,ACC_000712,ACC_000446,2026-06-27 07:17:04.755011,DEPOSIT,22495.66,BRANCH,USA,0
TXN_0002062,ACC_000616,ACC_000346,2026-05-18 22:23:56.755011,DEPOSIT,6871.61,BRANCH,UK,0
TXN_0002063,ACC_000240,ACC_000782,2026-08-24 20:13:30.755011,TRANSFER,12946.2,BRANCH,Singapore,0
TXN_0002064,ACC_000411,ACC_000608,2026-06-27 14:22:52.755011,TRANSFER,7159.06,ATM,UAE,0
TXN_0002065,ACC_000908,ACC_000612,2026-05-04 19:54:33.755011,PAYMENT,11141.53,ATM,USA,0
TXN_0002066,ACC_000983,ACC_000056,2026-08-07 14:05:31.755011,TRANSFER,4026.65,MOBILE,USA,0
TXN_0002067,ACC_000406,ACC_000170,2026-06-04 12:51:07.755011,DEPOSIT,434.16,ONLINE,Hong Kong,0
TXN_0002068,ACC_000177,ACC_000309,2026-08-25 21:57:34.755011,WITHDRAWAL,6897.16,ONLINE,USA,0
TXN_0002069,ACC_000448,ACC_000093,2026-04-15 22:38:28.755011,PAYMENT,44680.74,ATM,Hong Kong,0
TXN_0002070,ACC_000384,ACC_000006,2026-08-05 01:41:23.755011,DEPOSIT,24623.55,ATM,UK,0
TXN_0002071,ACC_000704,ACC_000404,2026-06-22 05:28:53.755011,PAYMENT,25808.96,BRANCH,Hong Kong,0
TXN_0002072,ACC_000724,ACC_000249,2026-06-05 11:05:02.755011,TRANSFER,35716.1,BRANCH,USA,0
TXN_0002073,ACC_000410,ACC_000792,2026-04-02 09:22:11.755011,WITHDRAWAL,9012.69,MOBILE,Hong Kong,0
TXN_0002074,ACC_000612,ACC_000404,2026-05-28 21:50:11.755011,TRANSFER,10267.91,MOBILE,Singapore,0
TXN_0002075,ACC_000028,ACC_000228,2026-06-29 08:02:57.755011,PAYMENT,3861.53,ATM,UK,0
TXN_0002076,ACC_000843,ACC_000002,2026-06-12 20:02:46.755011,DEPOSIT,5545.34,ONLINE,Hong Kong,0
TXN_0002077,ACC_000193,ACC_000046,2026-06-12 13:01:35.755011,PAYMENT,16965.3,MOBILE,Singapore,0
TXN_0002078,ACC_000670,ACC_000185,2026-05-21 00:58:19.755011,DEPOSIT,34360.44,ATM,UK,0
TXN_0002079,ACC_000841,ACC_000493,2026-07-16 14:05:31.755011,TRANSFER,6854.53,MOBILE,Singapore,0
TXN_0002080,ACC_000699,ACC_000530,2026-05-23 18:54:50.755011,TRANSFER,4720.99,BRANCH,India,0
TXN_0002081,ACC_000104,ACC_000672,2026-07-27 17:35:05.755011,DEPOSIT,8108.22,ONLINE,USA,0
TXN_0002082,ACC_000520,ACC_000394,2026-06-27 01:18:19.755011,DEPOSIT,16671.37,ONLINE,Singapore,0
TXN_0002083,ACC_000412,ACC_000433,2026-07-15 14:25:37.755011,TRANSFER,1432.78,MOBILE,Singapore,0
TXN_0002084,ACC_000119,ACC_000619,2026-07-08 14:17:32.755011,DEPOSIT,515.21,MOBILE,Singapore,0
TXN_0002085,ACC_000548,ACC_000996,2026-08-18 09:12:07.755011,WITHDRAWAL,4185.39,ONLINE,USA,0
TXN_0002086,ACC_000892,ACC_000691,2026-06-18 17:02:52.755011,TRANSFER,30701.67,ATM,India,1
TXN_0002087,ACC_000605,ACC_000265,2026-07-22 20:34:58.755011,PAYMENT,4403.84,BRANCH,Singapore,0
TXN_0002088,ACC_000041,ACC_000125,2026-05-01 03:58:27.755011,DEPOSIT,6786.32,BRANCH,UK,0
TXN_0002089,ACC_000703,ACC_000379,2026-07-01 20:09:51.755011,WITHDRAWAL,4703.69,BRANCH,UK,0
TXN_0002090,ACC_000839,ACC_000025,2026-08-03 08:47:47.755011,WITHDRAWAL,46302.95,ATM,UK,0
TXN_0002091,ACC_000458,ACC_000333,2026-03-10 20:44:11.755011,WITHDRAWAL,11993.18,ONLINE,UAE,0
TXN_0002092,ACC_000038,ACC_000545,2026-07-27 14:00:48.755011,DEPOSIT,11621.0,ATM,USA,0
TXN_0002093,ACC_000130,ACC_000745,2026-03-25 19:49:56.755011,PAYMENT,17096.83,BRANCH,Singapore,0
TXN_0002094,ACC_000996,ACC_000470,2026-05-13 12:42:32.755011,PAYMENT,2066.06,BRANCH,India,0
TXN_0002095,ACC_000040,ACC_000151,2026-05-18 20:26:39.755011,TRANSFER,28195.96,BRANCH,UAE,0
TXN_0002096,ACC_000653,ACC_000768,2026-03-22 18:09:47.755011,WITHDRAWAL,74481.4,BRANCH,Singapore,1
TXN_0002097,ACC_000264,ACC_000739,2026-07-30 11:16:43.755011,TRANSFER,18116.47,BRANCH,India,0
TXN_0002098,ACC_000268,ACC_000311,2026-06-26 07:39:22.755011,PAYMENT,2238.97,ONLINE,UK,0
TXN_0002099,ACC_000779,ACC_000958,2026-04-18 06:02:24.755011,DEPOSIT,1255.75,MOBILE,Hong Kong,0
TXN_0002100,ACC_000284,ACC_000514,2026-04-12 12:34:47.755011,TRANSFER,21622.02,BRANCH,USA,0
TXN_0002101,ACC_000006,ACC_000417,2026-04-29 09:52:13.755011,PAYMENT,12729.68,ONLINE,Singapore,0
TXN_0002102,ACC_000274,ACC_000474,2026-04-29 19:36:25.755011,WITHDRAWAL,2745.0,ONLINE,USA,0
TXN_0002103,ACC_000333,ACC_000227,2026-07-23 03:18:40.755011,TRANSFER,2853.79,MOBILE,Hong Kong,0
TXN_0002104,ACC_000472,ACC_000603,2026-08-15 01:04:29.755011,DEPOSIT,31273.36,MOBILE,UAE,0
TXN_0002105,ACC_000013,ACC_000352,2026-06-23 17:57:46.755011,WITHDRAWAL,1944.39,MOBILE,UK,0
TXN_0002106,ACC_000474,ACC_000875,2026-04-05 22:25:54.755011,DEPOSIT,58174.8,ATM,UAE,0
TXN_0002107,ACC_000400,ACC_000262,2026-07-16 03:26:02.755011,DEPOSIT,2749.72,ONLINE,Hong Kong,0
TXN_0002108,ACC_000647,ACC_000499,2026-03-22 17:26:04.755011,WITHDRAWAL,17432.13,ONLINE,USA,0
TXN_0002109,ACC_000379,ACC_000312,2026-06-18 07:10:07.755011,WITHDRAWAL,5462.48,MOBILE,Singapore,0
TXN_0002110,ACC_000160,ACC_000640,2026-03-13 04:52:23.755011,PAYMENT,16711.04,MOBILE,UAE,0
TXN_0002111,ACC_000024,ACC_000770,2026-08-02 23:58:18.755011,WITHDRAWAL,4217.78,BRANCH,USA,0
TXN_0002112,ACC_000135,ACC_000388,2026-06-19 20:27:21.755011,TRANSFER,6665.16,ONLINE,Singapore,0
TXN_0002113,ACC_000585,ACC_000297,2026-03-28 22:40:41.755011,PAYMENT,8510.9,ATM,Hong Kong,0
TXN_0002114,ACC_000770,ACC_000223,2026-06-22 06:36:21.755011,DEPOSIT,27087.15,MOBILE,UK,1
TXN_0002115,ACC_000109,ACC_000681,2026-07-07 20:23:22.755011,WITHDRAWAL,19712.13,BRANCH,USA,0
TXN_0002116,ACC_000775,ACC_000476,2026-06-11 13:10:55.755011,WITHDRAWAL,4377.11,BRANCH,USA,0
TXN_0002117,ACC_000410,ACC_000296,2026-04-10 22:53:32.755011,TRANSFER,6159.06,MOBILE,Singapore,0
TXN_0002118,ACC_000930,ACC_000101,2026-07-18 03:44:32.755011,DEPOSIT,2457.21,BRANCH,Singapore,0
TXN_0002119,ACC_000030,ACC_000634,2026-07-09 01:00:35.755011,PAYMENT,374.35,ATM,UAE,0
TXN_0002120,ACC_000614,ACC_000585,2026-03-23 02:16:35.755011,DEPOSIT,6443.11,ONLINE,UK,0
TXN_0002121,ACC_000583,ACC_000641,2026-04-08 18:50:48.755011,DEPOSIT,146552.43,ONLINE,UK,0
TXN_0002122,ACC_000905,ACC_000809,2026-07-02 05:33:06.755011,DEPOSIT,20775.41,ATM,USA,0
TXN_0002123,ACC_000896,ACC_000246,2026-07-25 20:47:47.755011,PAYMENT,7917.95,BRANCH,Hong Kong,0
TXN_0002124,ACC_000136,ACC_000301,2026-05-09 03:05:45.755011,TRANSFER,5910.77,ONLINE,USA,0
TXN_0002125,ACC_000251,ACC_000701,2026-06-04 15:05:10.755011,DEPOSIT,8324.51,ATM,USA,0
TXN_0002126,ACC_000823,ACC_000619,2026-06-12 14:15:46.755011,WITHDRAWAL,228428.96,ATM,USA,1
TXN_0002127,ACC_000008,ACC_000767,2026-03-21 00:34:50.755011,TRANSFER,1964.56,BRANCH,UAE,0
TXN_0002128,ACC_000802,ACC_000428,2026-08-21 21:05:27.755011,WITHDRAWAL,332652.56,ONLINE,Hong Kong,1
TXN_0002129,ACC_000547,ACC_000732,2026-07-11 02:44:49.755011,TRANSFER,19119.38,BRANCH,Singapore,0
TXN_0002130,ACC_000300,ACC_000832,2026-03-19 01:42:59.755011,DEPOSIT,19183.83,ONLINE,UK,0
TXN_0002131,ACC_000645,ACC_000666,2026-06-14 19:07:59.755011,DEPOSIT,13713.98,BRANCH,India,0
TXN_0002132,ACC_000269,ACC_000777,2026-08-18 22:43:34.755011,TRANSFER,8296.09,ATM,UK,0
TXN_0002133,ACC_000146,ACC_000935,2026-05-12 10:50:10.755011,PAYMENT,18168.3,BRANCH,USA,0
TXN_0002134,ACC_000658,ACC_000711,2026-05-10 13:07:24.755011,TRANSFER,16484.52,BRANCH,Hong Kong,0
TXN_0002135,ACC_000776,ACC_000267,2026-04-23 23:36:33.755011,WITHDRAWAL,5298.35,MOBILE,Hong Kong,0
TXN_0002136,ACC_000462,ACC_000717,2026-08-07 08:31:14.755011,WITHDRAWAL,4071.14,MOBILE,UAE,0
TXN_0002137,ACC_000152,ACC_000535,2026-04-03 15:38:14.755011,WITHDRAWAL,9156.58,ONLINE,USA,0
TXN_0002138,ACC_000372,ACC_000731,2026-06-24 21:22:34.755011,WITHDRAWAL,51990.91,MOBILE,Hong Kong,0
TXN_0002139,ACC_000313,ACC_000487,2026-07-08 13:15:18.755011,DEPOSIT,1831.83,MOBILE,USA,0
TXN_0002140,ACC_000132,ACC_000151,2026-07-20 10:24:41.755011,WITHDRAWAL,1392.66,BRANCH,UK,0
TXN_0002141,ACC_000872,ACC_000217,2026-03-12 21:36:12.755011,WITHDRAWAL,9874.52,ATM,UAE,0
TXN_0002142,ACC_000739,ACC_000521,2026-05-17 04:12:33.755011,DEPOSIT,8613.32,BRANCH,UAE,0
TXN_0002143,ACC_000660,ACC_000160,2026-05-13 07:14:36.755011,WITHDRAWAL,9976.72,MOBILE,Singapore,0
TXN_0002144,ACC_000664,ACC_000174,2026-06-09 16:30:05.755011,DEPOSIT,10858.94,ATM,Singapore,0
TXN_0002145,ACC_000685,ACC_000970,2026-03-10 05:25:15.755011,TRANSFER,6199.09,MOBILE,USA,0
TXN_0002146,ACC_000154,ACC_000285,2026-04-20 00:27:09.755011,TRANSFER,48428.13,ATM,UK,0
TXN_0002147,ACC_000935,ACC_000654,2026-06-26 00:43:32.755011,TRANSFER,1186.68,ATM,Hong Kong,0
TXN_0002148,ACC_000034,ACC_000409,2026-07-14 10:41:38.755011,TRANSFER,2998.31,MOBILE,UAE,0
TXN_0002149,ACC_000985,ACC_000548,2026-06-22 21:35:05.755011,TRANSFER,7158.78,ONLINE,Singapore,0
TXN_0002150,ACC_000251,ACC_000263,2026-04-24 14:43:30.755011,PAYMENT,1127.97,ATM,USA,0
TXN_0002151,ACC_000182,ACC_000042,2026-06-04 00:30:50.755011,WITHDRAWAL,6561.5,MOBILE,India,0
TXN_0002152,ACC_000851,ACC_000940,2026-07-27 20:41:29.755011,TRANSFER,59501.94,ATM,UAE,0
TXN_0002153,ACC_000234,ACC_000250,2026-04-16 19:11:37.755011,DEPOSIT,8308.74,BRANCH,India,0
TXN_0002154,ACC_000053,ACC_000327,2026-08-06 04:44:19.755011,TRANSFER,10687.62,ATM,Singapore,0
TXN_0002155,ACC_000488,ACC_000203,2026-03-23 15:42:00.755011,TRANSFER,1786.12,ATM,UAE,0
TXN_0002156,ACC_000010,ACC_000596,2026-06-26 00:21:32.755011,DEPOSIT,3867.51,ONLINE,Hong Kong,0
TXN_0002157,ACC_000659,ACC_000200,2026-08-05 10:01:10.755011,DEPOSIT,5165.54,ONLINE,UK,0
TXN_0002158,ACC_000278,ACC_000505,2026-07-02 05:36:20.755011,PAYMENT,5534.42,MOBILE,UAE,0
TXN_0002159,ACC_000975,ACC_000661,2026-05-01 13:29:22.755011,WITHDRAWAL,37721.01,MOBILE,UAE,0
TXN_0002160,ACC_000695,ACC_000575,2026-04-29 22:01:44.755011,WITHDRAWAL,15823.15,BRANCH,India,0
TXN_0002161,ACC_000327,ACC_000915,2026-04-11 20:06:49.755011,DEPOSIT,26290.5,BRANCH,USA,1
TXN_0002162,ACC_000443,ACC_000690,2026-08-02 02:59:21.755011,WITHDRAWAL,10892.24,ONLINE,Singapore,0
TXN_0002163,ACC_000552,ACC_000843,2026-07-18 20:33:10.755011,PAYMENT,14733.31,ATM,India,0
TXN_0002164,ACC_000315,ACC_000514,2026-04-17 20:45:10.755011,WITHDRAWAL,31830.46,MOBILE,UAE,0
TXN_0002165,ACC_000308,ACC_000950,2026-07-18 10:14:28.755011,PAYMENT,53995.11,ATM,UK,0
TXN_0002166,ACC_000406,ACC_000805,2026-08-03 06:45:46.755011,PAYMENT,2396.79,ATM,UAE,0
TXN_0002167,ACC_000980,ACC_000529,2026-05-09 16:52:36.755011,DEPOSIT,3062.45,BRANCH,Hong Kong,0
TXN_0002168,ACC_000484,ACC_000957,2026-04-27 12:05:14.755011,WITHDRAWAL,1791.68,MOBILE,USA,0
TXN_0002169,ACC_000363,ACC_000850,2026-07-26 13:48:16.755011,WITHDRAWAL,6119.14,BRANCH,UK,0
TXN_0002170,ACC_000781,ACC_000428,2026-05-22 21:07:54.755011,TRANSFER,14180.6,BRANCH,India,0
TXN_0002171,ACC_000144,ACC_000999,2026-05-15 03:02:36.755011,DEPOSIT,389164.27,MOBILE,India,1
TXN_0002172,ACC_000214,ACC_000678,2026-04-15 17:28:24.755011,WITHDRAWAL,7397.21,MOBILE,UK,0
TXN_0002173,ACC_000810,ACC_000392,2026-05-29 11:22:44.755011,WITHDRAWAL,5520.28,ATM,USA,0
TXN_0002174,ACC_000877,ACC_000281,2026-05-31 22:07:17.755011,TRANSFER,9721.64,ONLINE,USA,0
TXN_0002175,ACC_000492,ACC_000965,2026-07-25 19:48:48.755011,DEPOSIT,2974.49,ONLINE,Hong Kong,0
TXN_0002176,ACC_000724,ACC_000499,2026-08-30 22:48:51.755011,PAYMENT,99453.6,MOBILE,UAE,0
TXN_0002177,ACC_000104,ACC_000058,2026-03-18 23:31:43.755011,WITHDRAWAL,1177.1,MOBILE,UAE,0
TXN_0002178,ACC_000292,ACC_000114,2026-09-02 19:24:30.755011,DEPOSIT,10114.13,ATM,Hong Kong,0
TXN_0002179,ACC_000751,ACC_000424,2026-08-04 23:59:09.755011,PAYMENT,91888.16,ATM,UAE,0
TXN_0002180,ACC_000576,ACC_000091,2026-04-15 07:07:59.755011,DEPOSIT,8169.47,ATM,UK,0
TXN_0002181,ACC_000677,ACC_000267,2026-08-02 13:56:16.755011,WITHDRAWAL,6450.76,ONLINE,USA,0
TXN_0002182,ACC_000892,ACC_000805,2026-03-20 16:00:48.755011,WITHDRAWAL,5276.75,MOBILE,Singapore,0
TXN_0002183,ACC_000189,ACC_000329,2026-04-18 04:11:33.755011,DEPOSIT,6525.87,ATM,Singapore,0
TXN_0002184,ACC_000694,ACC_000995,2026-04-15 02:25:49.755011,WITHDRAWAL,42083.8,MOBILE,UAE,0
TXN_0002185,ACC_000144,ACC_000123,2026-03-11 22:55:28.755011,DEPOSIT,570.07,BRANCH,Singapore,0
TXN_0002186,ACC_000050,ACC_000852,2026-08-09 10:29:37.755011,TRANSFER,51027.52,MOBILE,India,0
TXN_0002187,ACC_000983,ACC_000517,2026-03-13 16:36:52.755011,WITHDRAWAL,1467.41,BRANCH,UK,0
TXN_0002188,ACC_000069,ACC_000753,2026-07-08 15:29:19.755011,TRANSFER,5884.15,ONLINE,UAE,0
TXN_0002189,ACC_000163,ACC_000818,2026-06-18 17:17:05.755011,TRANSFER,4841.15,BRANCH,UAE,0
TXN_0002190,ACC_000770,ACC_000075,2026-04-13 12:41:32.755011,DEPOSIT,16420.14,MOBILE,Singapore,0
TXN_0002191,ACC_000757,ACC_000156,2026-08-25 10:42:31.755011,WITHDRAWAL,1190.65,ONLINE,USA,0
TXN_0002192,ACC_000465,ACC_000541,2026-05-12 10:43:13.755011,DEPOSIT,14109.55,ONLINE,Singapore,0
TXN_0002193,ACC_000639,ACC_000849,2026-03-08 16:42:13.755011,DEPOSIT,91965.75,ONLINE,India,0
TXN_0002194,ACC_000155,ACC_000266,2026-05-29 09:45:13.755011,PAYMENT,1578.44,MOBILE,UAE,0
TXN_0002195,ACC_000206,ACC_000789,2026-07-14 16:05:22.755011,WITHDRAWAL,10174.58,ATM,USA,0
TXN_0002196,ACC_000316,ACC_000186,2026-04-16 11:47:37.755011,TRANSFER,3661.48,ONLINE,UAE,0
TXN_0002197,ACC_000041,ACC_000799,2026-08-18 11:40:18.755011,PAYMENT,13508.37,MOBILE,India,0
TXN_0002198,ACC_000951,ACC_000236,2026-05-07 16:39:56.755011,PAYMENT,8291.43,ATM,UK,0
TXN_0002199,ACC_000239,ACC_000959,2026-04-29 02:24:25.755011,PAYMENT,3752.64,MOBILE,India,0
TXN_0002200,ACC_000968,ACC_000451,2026-08-29 00:10:29.755011,TRANSFER,14551.46,BRANCH,India,0
TXN_0002201,ACC_000875,ACC_000758,2026-07-29 22:06:53.755011,PAYMENT,70630.53,BRANCH,India,0
TXN_0002202,ACC_000204,ACC_000211,2026-05-23 23:23:50.755011,DEPOSIT,6444.07,ONLINE,India,0
TXN_0002203,ACC_000742,ACC_000529,2026-06-13 20:30:03.755011,TRANSFER,359400.48,ATM,USA,1
TXN_0002204,ACC_000759,ACC_000620,2026-06-10 10:30:09.755011,WITHDRAWAL,1716.55,MOBILE,Singapore,0
TXN_0002205,ACC_000819,ACC_000520,2026-03-25 02:12:31.755011,WITHDRAWAL,2571.58,BRANCH,UK,0
TXN_0002206,ACC_000017,ACC_000008,2026-06-04 04:39:03.755011,DEPOSIT,14283.89,BRANCH,Singapore,0
TXN_0002207,ACC_000969,ACC_000318,2026-03-26 21:26:01.755011,TRANSFER,496353.7,BRANCH,Hong Kong,1
TXN_0002208,ACC_000087,ACC_000667,2026-07-21 14:59:09.755011,DEPOSIT,12415.94,BRANCH,India,0
TXN_0002209,ACC_000919,ACC_000332,2026-04-29 19:21:43.755011,TRANSFER,88737.65,ATM,USA,1
TXN_0002210,ACC_000132,ACC_000532,2026-03-09 06:18:43.755011,PAYMENT,8096.2,ATM,Hong Kong,0
TXN_0002211,ACC_000063,ACC_000611,2026-03-15 00:48:09.755011,PAYMENT,1807.16,MOBILE,UK,0
TXN_0002212,ACC_000162,ACC_000430,2026-08-14 07:43:06.755011,PAYMENT,16737.69,ATM,UAE,0
TXN_0002213,ACC_000685,ACC_000186,2026-07-29 12:54:27.755011,WITHDRAWAL,400427.64,ONLINE,USA,1
TXN_0002214,ACC_000314,ACC_000414,2026-04-16 02:09:34.755011,WITHDRAWAL,4710.23,MOBILE,UAE,0
TXN_0002215,ACC_000027,ACC_000340,2026-08-06 13:23:23.755011,TRANSFER,4609.84,BRANCH,India,0
TXN_0002216,ACC_000936,ACC_000418,2026-04-04 11:46:08.755011,TRANSFER,11148.43,BRANCH,UAE,0
TXN_0002217,ACC_000162,ACC_000103,2026-04-09 10:08:20.755011,TRANSFER,4797.91,MOBILE,USA,0
TXN_0002218,ACC_000116,ACC_000992,2026-03-20 08:11:33.755011,DEPOSIT,7484.88,BRANCH,Singapore,0
TXN_0002219,ACC_000451,ACC_000138,2026-06-19 16:25:20.755011,TRANSFER,100676.35,MOBILE,Singapore,0
TXN_0002220,ACC_000264,ACC_000132,2026-08-29 18:49:54.755011,WITHDRAWAL,6024.38,MOBILE,UAE,0
TXN_0002221,ACC_000490,ACC_000505,2026-03-26 04:20:26.755011,PAYMENT,5271.09,ATM,USA,0
TXN_0002222,ACC_000965,ACC_000147,2026-08-10 20:44:58.755011,PAYMENT,3725.48,ONLINE,Hong Kong,0
TXN_0002223,ACC_000290,ACC_000909,2026-05-24 21:06:58.755011,TRANSFER,19791.95,ATM,USA,0
TXN_0002224,ACC_000676,ACC_000309,2026-07-27 05:16:47.755011,WITHDRAWAL,6519.36,BRANCH,Hong Kong,0
TXN_0002225,ACC_000592,ACC_000905,2026-06-15 20:02:28.755011,WITHDRAWAL,3717.3,ATM,UK,0
TXN_0002226,ACC_000149,ACC_000594,2026-07-13 20:30:57.755011,TRANSFER,39559.65,BRANCH,Hong Kong,0
TXN_0002227,ACC_000187,ACC_000015,2026-04-14 21:21:18.755011,PAYMENT,44512.42,ONLINE,USA,0
TXN_0002228,ACC_000012,ACC_000586,2026-05-09 02:12:07.755011,DEPOSIT,3942.19,BRANCH,UK,0
TXN_0002229,ACC_000837,ACC_000995,2026-08-23 07:22:34.755011,DEPOSIT,862.77,BRANCH,USA,0
TXN_0002230,ACC_000559,ACC_000451,2026-04-27 11:51:02.755011,TRANSFER,27146.85,MOBILE,Hong Kong,0
TXN_0002231,ACC_000346,ACC_000346,2026-09-02 20:42:40.755011,PAYMENT,3563.31,MOBILE,UK,0
TXN_0002232,ACC_000791,ACC_000563,2026-06-10 02:19:54.755011,DEPOSIT,20926.06,ONLINE,Hong Kong,0
TXN_0002233,ACC_000532,ACC_000270,2026-08-02 16:11:06.755011,TRANSFER,761.95,MOBILE,Singapore,0
TXN_0002234,ACC_000130,ACC_000097,2026-06-20 23:08:28.755011,PAYMENT,23649.96,BRANCH,India,0
TXN_0002235,ACC_000303,ACC_000130,2026-07-23 20:29:35.755011,WITHDRAWAL,1894.28,MOBILE,Singapore,0
TXN_0002236,ACC_000990,ACC_000888,2026-03-23 13:44:51.755011,PAYMENT,19475.59,BRANCH,UAE,0
TXN_0002237,ACC_000697,ACC_000228,2026-08-17 13:50:08.755011,TRANSFER,8243.07,ATM,Hong Kong,0
TXN_0002238,ACC_000616,ACC_000799,2026-06-17 12:26:52.755011,PAYMENT,2579.3,ONLINE,UAE,0
TXN_0002239,ACC_000711,ACC_000970,2026-04-21 04:56:37.755011,PAYMENT,4971.9,MOBILE,USA,0
TXN_0002240,ACC_000651,ACC_000650,2026-04-08 15:00:34.755011,PAYMENT,18464.07,ATM,UAE,0
TXN_0002241,ACC_000435,ACC_000879,2026-07-03 20:20:22.755011,PAYMENT,9201.05,MOBILE,India,0
TXN_0002242,ACC_000923,ACC_000535,2026-05-24 07:17:42.755011,DEPOSIT,154359.56,BRANCH,Singapore,1
TXN_0002243,ACC_000961,ACC_000308,2026-07-25 13:44:52.755011,TRANSFER,86831.84,ONLINE,UK,0
TXN_0002244,ACC_000320,ACC_000214,2026-07-15 04:45:28.755011,TRANSFER,1240.05,ONLINE,Singapore,0
TXN_0002245,ACC_000843,ACC_000165,2026-06-08 20:23:54.755011,PAYMENT,56424.29,BRANCH,USA,0
TXN_0002246,ACC_000606,ACC_000199,2026-05-22 09:16:57.755011,PAYMENT,9184.08,MOBILE,India,0
TXN_0002247,ACC_000144,ACC_000915,2026-04-30 02:21:38.755011,DEPOSIT,2755.79,ONLINE,Hong Kong,0
TXN_0002248,ACC_000156,ACC_000211,2026-07-16 00:19:04.755011,DEPOSIT,1641.92,ATM,Hong Kong,0
TXN_0002249,ACC_000012,ACC_000653,2026-05-10 01:12:37.755011,TRANSFER,6457.87,MOBILE,UAE,0
TXN_0002250,ACC_000613,ACC_000483,2026-07-07 12:19:39.755011,PAYMENT,24489.02,BRANCH,UK,0
TXN_0002251,ACC_000761,ACC_000625,2026-06-20 13:32:39.755011,DEPOSIT,6953.09,ATM,India,0
TXN_0002252,ACC_000933,ACC_000738,2026-07-31 22:09:11.755011,WITHDRAWAL,49681.4,MOBILE,India,0
TXN_0002253,ACC_000262,ACC_000116,2026-08-27 11:59:50.755011,DEPOSIT,1420.25,BRANCH,UAE,0
TXN_0002254,ACC_000709,ACC_000887,2026-07-23 06:49:00.755011,DEPOSIT,7986.38,MOBILE,USA,0
TXN_0002255,ACC_000750,ACC_000618,2026-03-24 15:52:19.755011,WITHDRAWAL,1802.86,ATM,Hong Kong,0
TXN_0002256,ACC_000987,ACC_000443,2026-07-21 16:46:50.755011,DEPOSIT,12535.98,ONLINE,Hong Kong,0
TXN_0002257,ACC_000287,ACC_000863,2026-08-03 23:17:55.755011,WITHDRAWAL,23488.47,MOBILE,Hong Kong,0
TXN_0002258,ACC_000683,ACC_000857,2026-05-27 22:46:52.755011,WITHDRAWAL,4890.68,MOBILE,India,0
TXN_0002259,ACC_000826,ACC_000498,2026-07-23 22:21:31.755011,PAYMENT,356.0,BRANCH,USA,0
TXN_0002260,ACC_000273,ACC_000107,2026-07-14 17:08:44.755011,DEPOSIT,10288.04,BRANCH,UAE,0
TXN_0002261,ACC_000684,ACC_000392,2026-09-03 03:02:15.755011,TRANSFER,13685.42,ONLINE,UAE,0
TXN_0002262,ACC_000977,ACC_000101,2026-07-10 06:11:15.755011,TRANSFER,13162.85,ONLINE,USA,0
TXN_0002263,ACC_000727,ACC_000926,2026-07-16 01:40:45.755011,DEPOSIT,35701.17,BRANCH,Hong Kong,0
TXN_0002264,ACC_000663,ACC_000808,2026-05-13 21:38:53.755011,DEPOSIT,2241.13,BRANCH,UAE,0
TXN_0002265,ACC_000963,ACC_000409,2026-03-14 16:48:43.755011,DEPOSIT,18329.36,ONLINE,USA,0
TXN_0002266,ACC_000646,ACC_000969,2026-03-12 03:36:48.755011,WITHDRAWAL,33894.53,ONLINE,UK,0
TXN_0002267,ACC_000030,ACC_000747,2026-08-10 04:11:41.755011,DEPOSIT,958.81,MOBILE,UK,0
TXN_0002268,ACC_000361,ACC_000997,2026-05-13 06:28:48.755011,PAYMENT,11891.54,MOBILE,Singapore,0
TXN_0002269,ACC_000470,ACC_000716,2026-05-09 11:25:46.755011,WITHDRAWAL,4424.82,ATM,USA,0
TXN_0002270,ACC_000561,ACC_000664,2026-08-22 03:12:51.755011,WITHDRAWAL,7347.92,BRANCH,UK,0
TXN_0002271,ACC_000865,ACC_000512,2026-04-09 20:56:26.755011,TRANSFER,12298.24,MOBILE,UK,0
TXN_0002272,ACC_000825,ACC_000857,2026-07-29 03:05:11.755011,PAYMENT,4515.75,MOBILE,UK,0
TXN_0002273,ACC_000093,ACC_000655,2026-07-25 15:34:46.755011,DEPOSIT,3601.66,MOBILE,UAE,0
TXN_0002274,ACC_000775,ACC_000392,2026-04-12 14:48:37.755011,PAYMENT,8442.07,MOBILE,Hong Kong,0
TXN_0002275,ACC_000826,ACC_000449,2026-05-11 21:37:54.755011,WITHDRAWAL,2198.0,ATM,USA,0
TXN_0002276,ACC_000195,ACC_000596,2026-03-29 02:37:46.755011,WITHDRAWAL,2201.75,MOBILE,UAE,0
TXN_0002277,ACC_000634,ACC_000713,2026-05-23 17:46:21.755011,TRANSFER,18310.83,ATM,India,0
TXN_0002278,ACC_000937,ACC_000898,2026-07-01 13:49:53.755011,DEPOSIT,2041.51,MOBILE,USA,0
TXN_0002279,ACC_000363,ACC_000407,2026-06-18 22:14:58.755011,PAYMENT,18026.08,BRANCH,India,0
TXN_0002280,ACC_000835,ACC_000898,2026-07-28 10:25:00.755011,WITHDRAWAL,14116.64,ONLINE,UK,0
TXN_0002281,ACC_000252,ACC_000562,2026-06-01 09:27:34.755011,PAYMENT,17765.94,MOBILE,India,1
TXN_0002282,ACC_000712,ACC_000225,2026-08-16 06:18:33.755011,PAYMENT,3593.65,ATM,Singapore,0
TXN_0002283,ACC_000149,ACC_000013,2026-04-18 09:34:35.755011,WITHDRAWAL,33959.75,ATM,India,0
TXN_0002284,ACC_000859,ACC_000450,2026-06-09 07:18:32.755011,DEPOSIT,2496.39,ATM,Singapore,0
TXN_0002285,ACC_000595,ACC_000410,2026-06-16 03:48:36.755011,DEPOSIT,4641.14,MOBILE,Hong Kong,0
TXN_0002286,ACC_000823,ACC_000821,2026-05-17 03:18:37.755011,WITHDRAWAL,14107.66,BRANCH,UK,0
TXN_0002287,ACC_000960,ACC_000241,2026-09-03 04:15:43.755011,WITHDRAWAL,20745.17,MOBILE,India,0
TXN_0002288,ACC_000848,ACC_000720,2026-04-02 13:52:26.755011,PAYMENT,58869.46,ATM,India,1
TXN_0002289,ACC_000726,ACC_000488,2026-08-06 17:48:56.755011,WITHDRAWAL,78259.82,ONLINE,UAE,1
TXN_0002290,ACC_000735,ACC_000719,2026-05-14 02:29:14.755011,PAYMENT,44660.46,BRANCH,UK,0
TXN_0002291,ACC_000472,ACC_000634,2026-03-17 19:01:44.755011,DEPOSIT,65295.58,BRANCH,UAE,0
TXN_0002292,ACC_000023,ACC_000574,2026-04-09 17:36:00.755011,DEPOSIT,26229.23,ONLINE,UK,0
TXN_0002293,ACC_000152,ACC_000066,2026-07-22 14:43:50.755011,WITHDRAWAL,8976.65,ONLINE,Hong Kong,0
TXN_0002294,ACC_000971,ACC_000919,2026-04-25 09:33:12.755011,TRANSFER,3071.99,BRANCH,Singapore,0
TXN_0002295,ACC_000406,ACC_000221,2026-04-02 08:34:47.755011,DEPOSIT,2991.31,MOBILE,UAE,0
TXN_0002296,ACC_000339,ACC_000239,2026-05-05 14:54:56.755011,DEPOSIT,15169.12,ATM,UAE,0
TXN_0002297,ACC_000007,ACC_000995,2026-06-29 10:06:58.755011,TRANSFER,130084.91,MOBILE,UAE,1
TXN_0002298,ACC_000629,ACC_000066,2026-03-21 06:02:19.755011,DEPOSIT,43561.03,ATM,Hong Kong,0
TXN_0002299,ACC_000793,ACC_000778,2026-07-02 06:24:14.755011,PAYMENT,17686.2,ATM,India,0
TXN_0002300,ACC_000747,ACC_000123,2026-06-11 13:50:35.755011,WITHDRAWAL,1334.49,ONLINE,India,0
TXN_0002301,ACC_000718,ACC_000972,2026-06-26 22:08:22.755011,DEPOSIT,28633.63,BRANCH,Singapore,0
TXN_0002302,ACC_000868,ACC_000352,2026-04-03 08:35:35.755011,PAYMENT,2446.29,ONLINE,UK,0
TXN_0002303,ACC_000441,ACC_000901,2026-07-22 19:10:35.755011,WITHDRAWAL,5111.43,BRANCH,India,0
TXN_0002304,ACC_000206,ACC_000233,2026-05-24 09:52:52.755011,WITHDRAWAL,10940.65,ONLINE,UK,0
TXN_0002305,ACC_000537,ACC_000264,2026-03-25 17:17:38.755011,TRANSFER,88858.54,ONLINE,UAE,0
TXN_0002306,ACC_000098,ACC_000173,2026-05-18 22:04:59.755011,TRANSFER,338372.37,ONLINE,India,0
TXN_0002307,ACC_000029,ACC_000820,2026-05-05 22:23:07.755011,WITHDRAWAL,16782.09,ONLINE,USA,0
TXN_0002308,ACC_000511,ACC_000187,2026-07-06 00:34:02.755011,PAYMENT,6503.94,MOBILE,India,0
TXN_0002309,ACC_000159,ACC_000615,2026-08-31 16:11:04.755011,WITHDRAWAL,15388.98,ATM,Singapore,0
TXN_0002310,ACC_000791,ACC_000182,2026-08-25 06:39:38.755011,PAYMENT,23510.13,BRANCH,India,0
TXN_0002311,ACC_000910,ACC_000982,2026-06-19 20:26:32.755011,TRANSFER,5514.85,MOBILE,UK,0
TXN_0002312,ACC_000185,ACC_000605,2026-07-18 02:15:08.755011,PAYMENT,69860.36,ONLINE,Singapore,0
TXN_0002313,ACC_000628,ACC_000943,2026-04-06 14:37:18.755011,WITHDRAWAL,10679.54,BRANCH,Hong Kong,0
TXN_0002314,ACC_000803,ACC_000459,2026-05-21 23:14:42.755011,TRANSFER,14724.85,ONLINE,UK,0
TXN_0002315,ACC_000246,ACC_000984,2026-04-03 21:58:37.755011,DEPOSIT,18017.69,ATM,Singapore,0
TXN_0002316,ACC_000939,ACC_000944,2026-03-18 20:18:02.755011,DEPOSIT,13438.84,ONLINE,UAE,0
TXN_0002317,ACC_000329,ACC_000934,2026-07-12 14:42:02.755011,DEPOSIT,22175.17,ATM,UK,0
TXN_0002318,ACC_000782,ACC_000203,2026-06-02 10:28:43.755011,WITHDRAWAL,3863.37,BRANCH,Singapore,0
TXN_0002319,ACC_000503,ACC_000025,2026-03-23 11:03:08.755011,DEPOSIT,4146.57,ONLINE,UK,0
TXN_0002320,ACC_000399,ACC_000314,2026-07-03 20:19:43.755011,DEPOSIT,2164.22,MOBILE,Hong Kong,0
TXN_0002321,ACC_000852,ACC_000043,2026-06-17 21:39:14.755011,PAYMENT,13730.86,ONLINE,UK,0
TXN_0002322,ACC_000922,ACC_000585,2026-07-30 16:19:56.755011,PAYMENT,20634.58,MOBILE,Hong Kong,0
TXN_0002323,ACC_000049,ACC_000990,2026-03-12 21:24:35.755011,WITHDRAWAL,14035.25,BRANCH,USA,0
TXN_0002324,ACC_000054,ACC_000844,2026-06-19 21:15:09.755011,DEPOSIT,60439.06,ATM,UAE,0
TXN_0002325,ACC_000046,ACC_000933,2026-07-21 05:31:18.755011,PAYMENT,8048.85,ONLINE,Singapore,0
TXN_0002326,ACC_000227,ACC_000730,2026-08-27 17:46:22.755011,WITHDRAWAL,18078.7,ONLINE,Hong Kong,0
TXN_0002327,ACC_000585,ACC_000656,2026-04-16 14:33:22.755011,TRANSFER,2186.28,ONLINE,Singapore,0
TXN_0002328,ACC_000120,ACC_000947,2026-07-19 07:52:48.755011,WITHDRAWAL,5092.28,ONLINE,USA,0
TXN_0002329,ACC_000852,ACC_000339,2026-09-01 04:26:34.755011,PAYMENT,18669.48,BRANCH,USA,0
TXN_0002330,ACC_000412,ACC_000046,2026-08-17 03:27:50.755011,PAYMENT,22447.23,ATM,UAE,0
TXN_0002331,ACC_000265,ACC_000904,2026-07-15 06:40:51.755011,DEPOSIT,5694.41,MOBILE,USA,0
TXN_0002332,ACC_000755,ACC_000936,2026-07-12 07:51:37.755011,WITHDRAWAL,7435.94,BRANCH,Hong Kong,0
TXN_0002333,ACC_000424,ACC_000387,2026-08-14 09:08:10.755011,WITHDRAWAL,1311.01,ATM,Singapore,0
TXN_0002334,ACC_000642,ACC_000710,2026-03-09 11:41:53.755011,DEPOSIT,5279.39,ONLINE,Hong Kong,0
TXN_0002335,ACC_000679,ACC_000707,2026-04-01 11:45:17.755011,PAYMENT,23587.21,ONLINE,Hong Kong,0
TXN_0002336,ACC_000924,ACC_000811,2026-04-07 07:43:51.755011,DEPOSIT,16159.22,ONLINE,USA,0
TXN_0002337,ACC_000967,ACC_000758,2026-04-08 23:04:39.755011,WITHDRAWAL,14776.58,BRANCH,UK,0
TXN_0002338,ACC_000877,ACC_000584,2026-05-01 17:54:46.755011,WITHDRAWAL,8601.81,ONLINE,India,0
TXN_0002339,ACC_000906,ACC_000207,2026-08-26 10:17:08.755011,TRANSFER,8172.06,BRANCH,USA,0
TXN_0002340,ACC_000481,ACC_000491,2026-03-14 09:26:37.755011,TRANSFER,3668.78,ONLINE,USA,0
TXN_0002341,ACC_000189,ACC_000086,2026-05-21 19:36:03.755011,TRANSFER,18743.35,ATM,Singapore,0
TXN_0002342,ACC_000757,ACC_000147,2026-05-31 12:49:33.755011,DEPOSIT,13428.94,ONLINE,Hong Kong,0
TXN_0002343,ACC_000998,ACC_000194,2026-08-03 08:35:36.755011,PAYMENT,14624.05,MOBILE,India,0
TXN_0002344,ACC_000350,ACC_000881,2026-04-06 02:46:29.755011,WITHDRAWAL,4310.28,ATM,UK,0
TXN_0002345,ACC_000660,ACC_000058,2026-08-29 12:40:46.755011,DEPOSIT,611.54,BRANCH,USA,0
TXN_0002346,ACC_000066,ACC_000231,2026-06-13 15:20:01.755011,PAYMENT,30229.79,ATM,UK,0
TXN_0002347,ACC_000026,ACC_000893,2026-05-31 16:22:55.755011,DEPOSIT,4561.45,ONLINE,USA,0
TXN_0002348,ACC_000571,ACC_000165,2026-05-02 08:22:04.755011,PAYMENT,2877.48,MOBILE,India,0
TXN_0002349,ACC_000420,ACC_000531,2026-03-20 02:37:34.755011,TRANSFER,18623.41,ATM,Hong Kong,0
TXN_0002350,ACC_000040,ACC_000147,2026-05-18 09:09:05.755011,TRANSFER,5062.34,ATM,India,0
TXN_0002351,ACC_000060,ACC_000834,2026-06-24 17:31:07.755011,DEPOSIT,28909.45,ONLINE,USA,0
TXN_0002352,ACC_000578,ACC_000559,2026-03-14 07:06:49.755011,TRANSFER,16990.46,ONLINE,Hong Kong,0
TXN_0002353,ACC_000960,ACC_000586,2026-06-07 23:24:31.755011,DEPOSIT,18403.26,MOBILE,Hong Kong,0
TXN_0002354,ACC_000933,ACC_000767,2026-06-02 18:42:42.755011,PAYMENT,1573.18,BRANCH,UAE,0
TXN_0002355,ACC_000466,ACC_000491,2026-07-09 02:19:04.755011,PAYMENT,34694.37,BRANCH,UAE,0
TXN_0002356,ACC_000148,ACC_000294,2026-04-19 22:15:41.755011,PAYMENT,11086.69,BRANCH,UK,0
TXN_0002357,ACC_000758,ACC_000022,2026-05-17 22:27:37.755011,DEPOSIT,5202.36,MOBILE,USA,0
TXN_0002358,ACC_000728,ACC_000901,2026-05-26 03:33:42.755011,PAYMENT,9624.49,BRANCH,USA,0
TXN_0002359,ACC_000214,ACC_000965,2026-05-14 23:55:05.755011,DEPOSIT,961.52,BRANCH,Singapore,0
TXN_0002360,ACC_000455,ACC_000976,2026-06-03 07:01:04.755011,DEPOSIT,13231.87,BRANCH,UK,0
TXN_0002361,ACC_000409,ACC_000137,2026-07-14 15:57:25.755011,PAYMENT,2356.08,ATM,USA,0
TXN_0002362,ACC_000200,ACC_000971,2026-06-25 19:57:56.755011,WITHDRAWAL,1598.46,BRANCH,UAE,0
TXN_0002363,ACC_000419,ACC_000384,2026-08-08 06:26:40.755011,WITHDRAWAL,1303.97,ATM,Singapore,0
TXN_0002364,ACC_000556,ACC_000668,2026-03-28 13:26:19.755011,DEPOSIT,30798.65,MOBILE,UAE,0
TXN_0002365,ACC_000223,ACC_000346,2026-04-15 04:24:32.755011,PAYMENT,3808.09,BRANCH,UAE,0
TXN_0002366,ACC_000025,ACC_000711,2026-06-01 11:31:48.755011,PAYMENT,51045.53,BRANCH,UAE,0
TXN_0002367,ACC_000764,ACC_000697,2026-04-29 12:51:20.755011,PAYMENT,4260.06,BRANCH,UAE,0
TXN_0002368,ACC_000155,ACC_000422,2026-04-14 20:57:08.755011,WITHDRAWAL,1044.37,BRANCH,USA,0
TXN_0002369,ACC_000781,ACC_000954,2026-04-01 19:31:22.755011,DEPOSIT,2122.12,MOBILE,UAE,0
TXN_0002370,ACC_000544,ACC_000753,2026-07-04 08:43:59.755011,TRANSFER,35702.43,ONLINE,India,0
TXN_0002371,ACC_000943,ACC_000883,2026-03-09 03:29:28.755011,TRANSFER,6720.53,MOBILE,India,0
TXN_0002372,ACC_000366,ACC_000208,2026-08-29 13:48:08.755011,PAYMENT,4196.71,ATM,UK,0
TXN_0002373,ACC_000639,ACC_000932,2026-05-16 22:30:55.755011,WITHDRAWAL,9818.48,BRANCH,Singapore,0
TXN_0002374,ACC_000297,ACC_000311,2026-04-10 11:40:02.755011,TRANSFER,14796.4,ATM,USA,0
TXN_0002375,ACC_000546,ACC_000933,2026-03-30 11:03:53.755011,DEPOSIT,30973.23,ATM,UAE,0
TXN_0002376,ACC_000717,ACC_000288,2026-06-06 15:26:10.755011,PAYMENT,46082.99,ONLINE,Hong Kong,0
TXN_0002377,ACC_000456,ACC_000100,2026-08-31 00:12:02.755011,TRANSFER,5262.06,ATM,Singapore,0
TXN_0002378,ACC_000175,ACC_000786,2026-06-08 01:30:51.755011,TRANSFER,1650.35,MOBILE,Singapore,0
TXN_0002379,ACC_000459,ACC_000916,2026-04-11 18:29:54.755011,TRANSFER,4933.69,BRANCH,Hong Kong,0
TXN_0002380,ACC_000348,ACC_000088,2026-08-26 10:18:19.755011,WITHDRAWAL,11073.79,ONLINE,USA,0
TXN_0002381,ACC_000694,ACC_000404,2026-05-04 17:40:50.755011,PAYMENT,2549.08,ONLINE,Hong Kong,0
TXN_0002382,ACC_000329,ACC_000300,2026-07-08 14:47:04.755011,TRANSFER,2569.38,MOBILE,UAE,0
TXN_0002383,ACC_000913,ACC_000605,2026-06-11 12:47:37.755011,DEPOSIT,64134.62,ATM,UK,1
TXN_0002384,ACC_000526,ACC_000287,2026-04-13 17:59:05.755011,TRANSFER,7643.55,BRANCH,UK,0
TXN_0002385,ACC_000665,ACC_000245,2026-03-17 13:28:52.755011,WITHDRAWAL,8428.35,MOBILE,Singapore,0
TXN_0002386,ACC_000768,ACC_000778,2026-05-12 00:02:21.755011,DEPOSIT,18284.17,ONLINE,UK,1
TXN_0002387,ACC_000893,ACC_000949,2026-04-01 19:57:52.755011,TRANSFER,6145.77,ONLINE,UK,0
TXN_0002388,ACC_000482,ACC_000390,2026-08-30 02:31:48.755011,DEPOSIT,2672.9,ONLINE,Hong Kong,0
TXN_0002389,ACC_000385,ACC_000344,2026-07-20 18:40:37.755011,WITHDRAWAL,23581.98,BRANCH,Singapore,0
TXN_0002390,ACC_000966,ACC_000355,2026-04-02 03:50:30.755011,WITHDRAWAL,28065.58,ATM,Singapore,0
TXN_0002391,ACC_000936,ACC_000461,2026-03-23 15:19:36.755011,TRANSFER,884.1,MOBILE,UAE,0
TXN_0002392,ACC_000831,ACC_000132,2026-03-11 22:18:53.755011,TRANSFER,2656.03,ATM,India,0
TXN_0002393,ACC_000158,ACC_000586,2026-03-20 01:49:26.755011,PAYMENT,1345.02,ONLINE,India,0
TXN_0002394,ACC_000755,ACC_000827,2026-03-10 01:45:38.755011,WITHDRAWAL,3714.4,ONLINE,USA,0
TXN_0002395,ACC_000993,ACC_000472,2026-08-23 15:52:28.755011,WITHDRAWAL,7331.05,ONLINE,UAE,0
TXN_0002396,ACC_000143,ACC_000205,2026-07-22 04:39:28.755011,TRANSFER,1422.86,ATM,India,0
TXN_0002397,ACC_000004,ACC_000444,2026-03-25 05:54:48.755011,PAYMENT,2680.53,ATM,India,0
TXN_0002398,ACC_000329,ACC_000641,2026-05-21 14:10:52.755011,PAYMENT,2429.04,BRANCH,USA,0
TXN_0002399,ACC_000620,ACC_000724,2026-06-11 15:21:33.755011,PAYMENT,10391.26,BRANCH,UK,0
TXN_0002400,ACC_000886,ACC_000882,2026-06-30 09:08:10.755011,TRANSFER,8806.22,BRANCH,USA,0
TXN_0002401,ACC_000181,ACC_000998,2026-03-22 21:51:38.755011,PAYMENT,3408.12,MOBILE,USA,0
TXN_0002402,ACC_000997,ACC_000194,2026-06-27 04:48:33.755011,TRANSFER,10018.46,ONLINE,USA,0
TXN_0002403,ACC_000775,ACC_000234,2026-05-08 20:57:00.755011,PAYMENT,4204.81,BRANCH,Hong Kong,0
TXN_0002404,ACC_000616,ACC_000423,2026-05-04 01:54:19.755011,WITHDRAWAL,5848.93,ATM,Singapore,0
TXN_0002405,ACC_000754,ACC_000247,2026-05-13 09:47:08.755011,TRANSFER,60363.66,MOBILE,UK,0
TXN_0002406,ACC_000064,ACC_000065,2026-03-20 00:23:55.755011,DEPOSIT,40479.59,MOBILE,Hong Kong,0
TXN_0002407,ACC_000838,ACC_000441,2026-08-01 04:40:37.755011,TRANSFER,1703.61,BRANCH,India,0
TXN_0002408,ACC_000603,ACC_000790,2026-07-16 10:29:43.755011,WITHDRAWAL,138683.23,ONLINE,UAE,1
TXN_0002409,ACC_000327,ACC_000462,2026-08-17 12:29:42.755011,WITHDRAWAL,21454.2,BRANCH,UK,0
TXN_0002410,ACC_000501,ACC_000321,2026-08-02 16:51:08.755011,PAYMENT,2042.82,ATM,UAE,0
TXN_0002411,ACC_000362,ACC_000420,2026-07-19 14:45:16.755011,DEPOSIT,21645.07,BRANCH,UK,0
TXN_0002412,ACC_000968,ACC_000996,2026-08-18 19:58:56.755011,DEPOSIT,51303.71,BRANCH,Singapore,0
TXN_0002413,ACC_000756,ACC_000769,2026-04-04 01:14:47.755011,DEPOSIT,2106.84,BRANCH,India,0
TXN_0002414,ACC_000325,ACC_000391,2026-08-07 12:40:29.755011,PAYMENT,2694.58,BRANCH,UK,0
TXN_0002415,ACC_000838,ACC_000678,2026-08-08 03:10:03.755011,PAYMENT,27479.45,ATM,UAE,0
TXN_0002416,ACC_000098,ACC_000017,2026-04-18 14:21:23.755011,DEPOSIT,11223.83,BRANCH,USA,0
TXN_0002417,ACC_000023,ACC_000510,2026-04-14 20:42:15.755011,DEPOSIT,15705.58,ATM,UK,0
TXN_0002418,ACC_000563,ACC_000285,2026-08-20 06:09:24.755011,PAYMENT,12194.09,ATM,Singapore,0
TXN_0002419,ACC_000444,ACC_000446,2026-06-12 09:14:19.755011,PAYMENT,12949.79,BRANCH,Hong Kong,0
TXN_0002420,ACC_000069,ACC_000976,2026-03-28 01:08:29.755011,WITHDRAWAL,1649.51,BRANCH,UAE,0
TXN_0002421,ACC_000532,ACC_000966,2026-04-22 02:58:54.755011,DEPOSIT,28474.98,ATM,Singapore,0
TXN_0002422,ACC_000647,ACC_000163,2026-05-06 06:30:43.755011,WITHDRAWAL,32975.1,MOBILE,Hong Kong,0
TXN_0002423,ACC_000125,ACC_000614,2026-07-04 05:28:46.755011,PAYMENT,6153.22,MOBILE,UK,0
TXN_0002424,ACC_000706,ACC_000885,2026-08-11 04:33:50.755011,PAYMENT,7691.17,MOBILE,UAE,0
TXN_0002425,ACC_000379,ACC_000428,2026-03-19 17:16:33.755011,PAYMENT,6794.53,ATM,UK,1
TXN_0002426,ACC_000893,ACC_000925,2026-08-31 04:40:50.755011,WITHDRAWAL,15019.52,BRANCH,UK,0
TXN_0002427,ACC_000813,ACC_000340,2026-06-27 13:07:53.755011,PAYMENT,16098.3,ATM,UK,0
TXN_0002428,ACC_000995,ACC_000934,2026-06-26 14:05:12.755011,PAYMENT,7520.37,ATM,USA,0
TXN_0002429,ACC_000912,ACC_000020,2026-06-06 16:17:51.755011,WITHDRAWAL,31232.8,ONLINE,Singapore,0
TXN_0002430,ACC_000330,ACC_000084,2026-07-06 13:18:41.755011,DEPOSIT,5426.81,BRANCH,UAE,0
TXN_0002431,ACC_000273,ACC_000069,2026-07-26 19:00:39.755011,DEPOSIT,15954.99,BRANCH,USA,0
TXN_0002432,ACC_000729,ACC_000147,2026-04-30 02:19:32.755011,WITHDRAWAL,2383.68,ONLINE,Singapore,0
TXN_0002433,ACC_000004,ACC_000336,2026-07-08 09:24:41.755011,WITHDRAWAL,7877.28,BRANCH,UAE,0
TXN_0002434,ACC_000980,ACC_000328,2026-04-29 10:14:04.755011,DEPOSIT,6573.32,MOBILE,UAE,0
TXN_0002435,ACC_000844,ACC_000831,2026-04-15 07:25:53.755011,PAYMENT,10618.67,ONLINE,UK,0
TXN_0002436,ACC_000907,ACC_000200,2026-07-28 06:44:48.755011,WITHDRAWAL,5200.8,ATM,Singapore,0
TXN_0002437,ACC_000874,ACC_000012,2026-08-13 09:58:55.755011,WITHDRAWAL,6920.43,MOBILE,USA,0
TXN_0002438,ACC_000030,ACC_000668,2026-03-12 08:55:22.755011,DEPOSIT,21834.72,ONLINE,UK,0
TXN_0002439,ACC_000152,ACC_000458,2026-08-31 03:05:54.755011,DEPOSIT,4797.66,ATM,UAE,0
TXN_0002440,ACC_000111,ACC_000960,2026-05-07 10:50:37.755011,WITHDRAWAL,1178.63,BRANCH,UK,0
TXN_0002441,ACC_000465,ACC_000292,2026-07-03 05:47:06.755011,PAYMENT,66138.13,ATM,UK,0
TXN_0002442,ACC_000335,ACC_000566,2026-03-31 12:34:39.755011,DEPOSIT,246039.4,MOBILE,USA,1
TXN_0002443,ACC_000385,ACC_000564,2026-07-25 08:52:17.755011,TRANSFER,1718.63,BRANCH,Hong Kong,0
TXN_0002444,ACC_000335,ACC_000628,2026-04-11 00:37:30.755011,TRANSFER,18539.32,MOBILE,UK,0
TXN_0002445,ACC_000041,ACC_000905,2026-06-25 20:37:56.755011,TRANSFER,4431.22,ATM,Singapore,0
TXN_0002446,ACC_000144,ACC_000156,2026-03-20 15:30:15.755011,TRANSFER,11116.49,ATM,Hong Kong,0
TXN_0002447,ACC_000369,ACC_000996,2026-08-01 00:03:38.755011,WITHDRAWAL,11534.17,MOBILE,India,0
TXN_0002448,ACC_000072,ACC_000505,2026-07-31 06:18:36.755011,DEPOSIT,6116.29,ONLINE,UAE,0
TXN_0002449,ACC_000406,ACC_000712,2026-08-07 19:29:40.755011,PAYMENT,3163.65,ONLINE,USA,0
TXN_0002450,ACC_000782,ACC_000934,2026-03-29 20:11:31.755011,WITHDRAWAL,3538.12,ATM,USA,0
TXN_0002451,ACC_000572,ACC_000025,2026-07-18 04:32:07.755011,TRANSFER,2698.82,ATM,Singapore,0
TXN_0002452,ACC_000777,ACC_000239,2026-04-18 23:42:37.755011,PAYMENT,2986.37,ATM,UAE,0
TXN_0002453,ACC_000775,ACC_000650,2026-05-21 17:05:27.755011,DEPOSIT,7475.5,ONLINE,UAE,0
TXN_0002454,ACC_000025,ACC_000686,2026-06-11 01:02:15.755011,DEPOSIT,3432.65,ONLINE,India,0
TXN_0002455,ACC_000214,ACC_000236,2026-03-14 10:53:25.755011,DEPOSIT,18369.79,ONLINE,UK,0
TXN_0002456,ACC_000903,ACC_000377,2026-06-28 09:27:59.755011,PAYMENT,48276.27,BRANCH,USA,0
TXN_0002457,ACC_000938,ACC_000643,2026-03-08 21:20:43.755011,WITHDRAWAL,4039.74,MOBILE,UAE,0
TXN_0002458,ACC_000164,ACC_000855,2026-05-21 21:15:34.755011,PAYMENT,10799.83,MOBILE,UK,0
TXN_0002459,ACC_000267,ACC_000403,2026-08-28 19:44:26.755011,TRANSFER,14759.2,MOBILE,Singapore,0
TXN_0002460,ACC_000991,ACC_000668,2026-07-02 14:59:24.755011,DEPOSIT,14276.97,ATM,USA,0
TXN_0002461,ACC_000824,ACC_000110,2026-05-21 16:44:58.755011,PAYMENT,8876.36,ATM,UAE,0
TXN_0002462,ACC_000853,ACC_000707,2026-05-04 10:42:52.755011,PAYMENT,19756.13,MOBILE,UK,0
TXN_0002463,ACC_000642,ACC_000236,2026-07-11 06:11:57.755011,WITHDRAWAL,14453.6,ATM,UAE,0
TXN_0002464,ACC_000222,ACC_000850,2026-03-09 20:41:44.755011,PAYMENT,1835.01,MOBILE,USA,0
TXN_0002465,ACC_000398,ACC_000738,2026-07-25 06:15:56.755011,WITHDRAWAL,22993.97,BRANCH,Singapore,0
TXN_0002466,ACC_000943,ACC_000504,2026-04-08 13:14:49.755011,DEPOSIT,23499.84,MOBILE,Hong Kong,0
TXN_0002467,ACC_000080,ACC_000632,2026-04-24 17:16:19.755011,TRANSFER,3242.36,ONLINE,India,0
TXN_0002468,ACC_000012,ACC_000970,2026-08-20 21:46:30.755011,WITHDRAWAL,8480.51,ONLINE,UK,0
TXN_0002469,ACC_000582,ACC_000985,2026-07-26 23:18:18.755011,PAYMENT,18397.95,ONLINE,India,0
TXN_0002470,ACC_000196,ACC_000995,2026-07-10 20:36:30.755011,DEPOSIT,6303.27,MOBILE,India,0
TXN_0002471,ACC_000023,ACC_000305,2026-07-12 09:12:36.755011,TRANSFER,29365.44,ONLINE,UK,0
TXN_0002472,ACC_000953,ACC_000955,2026-06-04 04:31:45.755011,PAYMENT,138226.23,ONLINE,Hong Kong,0
TXN_0002473,ACC_000812,ACC_000032,2026-07-17 20:38:37.755011,DEPOSIT,3155.23,ATM,India,0
TXN_0002474,ACC_000241,ACC_000467,2026-07-26 04:56:49.755011,WITHDRAWAL,1544.95,MOBILE,India,0
TXN_0002475,ACC_000065,ACC_000749,2026-06-08 14:46:21.755011,PAYMENT,11667.73,ATM,India,0
TXN_0002476,ACC_000031,ACC_000039,2026-05-19 18:01:13.755011,DEPOSIT,19261.72,BRANCH,Singapore,0
TXN_0002477,ACC_000591,ACC_000919,2026-03-10 00:55:49.755011,TRANSFER,6142.34,ONLINE,UK,0
TXN_0002478,ACC_000491,ACC_000208,2026-07-25 01:16:23.755011,WITHDRAWAL,46347.04,ONLINE,Hong Kong,0
TXN_0002479,ACC_000193,ACC_000241,2026-08-23 18:52:02.755011,DEPOSIT,1625.67,ONLINE,Hong Kong,0
TXN_0002480,ACC_000856,ACC_000878,2026-06-24 19:51:00.755011,DEPOSIT,18610.89,BRANCH,USA,0
TXN_0002481,ACC_000049,ACC_000294,2026-07-29 15:30:50.755011,WITHDRAWAL,3916.55,ONLINE,UAE,0
TXN_0002482,ACC_000484,ACC_000558,2026-08-13 19:53:51.755011,PAYMENT,63783.73,MOBILE,Hong Kong,0
TXN_0002483,ACC_000565,ACC_000554,2026-07-26 11:25:22.755011,PAYMENT,88523.07,MOBILE,Hong Kong,0
TXN_0002484,ACC_000179,ACC_000595,2026-05-25 11:51:26.755011,DEPOSIT,3229.27,MOBILE,Singapore,0
TXN_0002485,ACC_000834,ACC_000689,2026-08-03 11:01:52.755011,DEPOSIT,39333.46,BRANCH,UK,1
TXN_0002486,ACC_000907,ACC_000141,2026-03-24 05:57:27.755011,WITHDRAWAL,318974.32,MOBILE,Hong Kong,1
TXN_0002487,ACC_000553,ACC_000883,2026-07-31 19:36:15.755011,PAYMENT,5092.09,ONLINE,UK,0
TXN_0002488,ACC_000641,ACC_000149,2026-08-21 09:38:18.755011,WITHDRAWAL,7673.33,ATM,UAE,0
TXN_0002489,ACC_000812,ACC_000211,2026-08-12 23:07:52.755011,DEPOSIT,8353.75,ONLINE,Singapore,0
TXN_0002490,ACC_000558,ACC_000043,2026-06-12 19:42:33.755011,TRANSFER,809.48,ONLINE,UK,0
TXN_0002491,ACC_000965,ACC_000169,2026-07-14 12:31:29.755011,PAYMENT,7969.64,MOBILE,Singapore,0
TXN_0002492,ACC_000857,ACC_000817,2026-07-27 13:46:56.755011,WITHDRAWAL,3541.57,BRANCH,UAE,0
TXN_0002493,ACC_000225,ACC_000591,2026-05-22 17:40:17.755011,WITHDRAWAL,4483.92,BRANCH,Hong Kong,0
TXN_0002494,ACC_000232,ACC_000656,2026-03-28 03:04:34.755011,DEPOSIT,45814.61,ATM,Hong Kong,0
TXN_0002495,ACC_000734,ACC_000001,2026-04-13 00:46:44.755011,TRANSFER,1793.98,BRANCH,USA,0
TXN_0002496,ACC_000973,ACC_000314,2026-07-20 09:44:06.755011,PAYMENT,21500.82,BRANCH,UK,0
TXN_0002497,ACC_000654,ACC_000099,2026-06-20 16:50:27.755011,PAYMENT,5797.86,ONLINE,India,0
TXN_0002498,ACC_000213,ACC_000191,2026-03-30 23:20:42.755011,TRANSFER,5792.32,ONLINE,UK,0
TXN_0002499,ACC_000433,ACC_000968,2026-03-30 13:27:11.755011,WITHDRAWAL,20919.69,BRANCH,India,0
TXN_0002500,ACC_000352,ACC_000398,2026-05-04 18:11:51.755011,WITHDRAWAL,12186.23,ATM,UK,0
TXN_0002501,ACC_000942,ACC_000490,2026-06-29 23:15:01.755011,TRANSFER,16070.42,BRANCH,India,0
TXN_0002502,ACC_000032,ACC_000262,2026-05-14 17:11:12.755011,DEPOSIT,25895.43,BRANCH,UAE,0
TXN_0002503,ACC_000706,ACC_000602,2026-05-28 13:01:29.755011,WITHDRAWAL,5444.87,BRANCH,India,0
TXN_0002504,ACC_000778,ACC_000928,2026-06-10 02:45:59.755011,TRANSFER,3886.7,BRANCH,UK,0
TXN_0002505,ACC_000252,ACC_000742,2026-03-23 13:44:08.755011,TRANSFER,2203.54,BRANCH,Singapore,0
TXN_0002506,ACC_000619,ACC_000481,2026-04-23 07:59:53.755011,TRANSFER,3009.43,MOBILE,UK,0
TXN_0002507,ACC_000876,ACC_000463,2026-07-22 04:09:24.755011,PAYMENT,278985.0,BRANCH,India,0
TXN_0002508,ACC_000608,ACC_000884,2026-04-01 09:24:20.755011,TRANSFER,36084.38,BRANCH,India,0
TXN_0002509,ACC_000282,ACC_000714,2026-06-05 09:40:02.755011,DEPOSIT,1601.52,ONLINE,UK,0
TXN_0002510,ACC_000530,ACC_000503,2026-07-21 01:01:02.755011,PAYMENT,1657.47,BRANCH,UK,0
TXN_0002511,ACC_000298,ACC_000616,2026-03-15 04:39:01.755011,WITHDRAWAL,14446.96,BRANCH,India,0
TXN_0002512,ACC_000079,ACC_000204,2026-08-17 01:32:23.755011,DEPOSIT,15626.41,BRANCH,USA,0
TXN_0002513,ACC_000763,ACC_000827,2026-08-05 02:18:11.755011,PAYMENT,15656.8,BRANCH,India,0
TXN_0002514,ACC_000349,ACC_000887,2026-04-19 20:19:02.755011,DEPOSIT,5967.32,ATM,Hong Kong,0
TXN_0002515,ACC_000971,ACC_000934,2026-07-21 12:57:49.755011,TRANSFER,6970.59,ONLINE,USA,0
TXN_0002516,ACC_000970,ACC_000620,2026-07-29 05:24:11.755011,TRANSFER,12009.53,BRANCH,Singapore,0
TXN_0002517,ACC_000441,ACC_000022,2026-07-21 04:18:03.755011,WITHDRAWAL,8982.84,ONLINE,Singapore,0
TXN_0002518,ACC_000447,ACC_000571,2026-04-30 14:52:14.755011,DEPOSIT,565.01,ONLINE,India,0
TXN_0002519,ACC_000972,ACC_000681,2026-08-24 21:50:53.755011,WITHDRAWAL,6150.2,BRANCH,Singapore,0
TXN_0002520,ACC_000929,ACC_000951,2026-04-23 16:38:07.755011,PAYMENT,2917.0,ONLINE,India,0
TXN_0002521,ACC_000192,ACC_000681,2026-06-26 05:26:42.755011,PAYMENT,9999.13,BRANCH,Hong Kong,0
TXN_0002522,ACC_000490,ACC_000069,2026-05-18 22:52:29.755011,PAYMENT,3892707.28,BRANCH,India,1
TXN_0002523,ACC_000208,ACC_000151,2026-04-21 13:26:51.755011,WITHDRAWAL,12594.03,ATM,Hong Kong,0
TXN_0002524,ACC_000381,ACC_000062,2026-03-09 15:15:29.755011,TRANSFER,5562.29,ONLINE,UAE,0
TXN_0002525,ACC_000544,ACC_000010,2026-06-29 04:03:34.755011,WITHDRAWAL,24493.47,ATM,UK,0
TXN_0002526,ACC_000492,ACC_000821,2026-08-21 13:42:43.755011,PAYMENT,14461.21,ATM,Hong Kong,0
TXN_0002527,ACC_000220,ACC_000102,2026-06-08 10:09:21.755011,PAYMENT,13414.79,BRANCH,UAE,0
TXN_0002528,ACC_000880,ACC_000824,2026-06-20 14:12:44.755011,TRANSFER,16784.66,ATM,Hong Kong,0
TXN_0002529,ACC_000149,ACC_000882,2026-06-14 11:14:55.755011,TRANSFER,95592.75,BRANCH,UAE,0
TXN_0002530,ACC_000253,ACC_000642,2026-03-21 13:23:11.755011,DEPOSIT,28143.04,MOBILE,USA,1
TXN_0002531,ACC_000062,ACC_000771,2026-05-25 09:00:49.755011,DEPOSIT,14304.92,ONLINE,UK,0
TXN_0002532,ACC_000198,ACC_000688,2026-03-12 20:01:17.755011,WITHDRAWAL,2666.02,BRANCH,Singapore,0
TXN_0002533,ACC_000231,ACC_000767,2026-08-22 19:18:14.755011,PAYMENT,15781.84,BRANCH,UAE,0
TXN_0002534,ACC_000911,ACC_000417,2026-06-14 09:45:16.755011,PAYMENT,2690.75,ATM,UAE,0
TXN_0002535,ACC_000792,ACC_000077,2026-06-11 23:54:07.755011,DEPOSIT,4910.64,ONLINE,Singapore,0
TXN_0002536,ACC_000722,ACC_000914,2026-03-23 22:29:15.755011,PAYMENT,5686.74,ONLINE,UK,0
TXN_0002537,ACC_000476,ACC_000666,2026-04-30 23:52:15.755011,WITHDRAWAL,26133.68,MOBILE,UAE,0
TXN_0002538,ACC_000316,ACC_000876,2026-09-01 23:27:56.755011,DEPOSIT,24395.29,BRANCH,Singapore,0
TXN_0002539,ACC_000705,ACC_000604,2026-08-17 11:28:54.755011,PAYMENT,1817.36,BRANCH,UK,0
TXN_0002540,ACC_000999,ACC_000351,2026-06-10 13:08:44.755011,TRANSFER,8655.25,MOBILE,Hong Kong,0
TXN_0002541,ACC_000896,ACC_000296,2026-04-29 03:12:51.755011,PAYMENT,3458.2,MOBILE,UK,0
TXN_0002542,ACC_000196,ACC_000357,2026-06-25 08:54:46.755011,WITHDRAWAL,1789.68,ATM,UK,0
TXN_0002543,ACC_000286,ACC_000271,2026-05-26 09:00:14.755011,DEPOSIT,6245.27,ATM,UAE,0
TXN_0002544,ACC_000822,ACC_000789,2026-04-03 12:10:23.755011,WITHDRAWAL,5596.07,ATM,Hong Kong,0
TXN_0002545,ACC_000556,ACC_000567,2026-07-23 20:08:49.755011,WITHDRAWAL,149053.38,ATM,Singapore,0
TXN_0002546,ACC_000121,ACC_000742,2026-04-10 03:16:03.755011,WITHDRAWAL,13623.5,ATM,USA,0
TXN_0002547,ACC_000851,ACC_000346,2026-07-08 11:09:22.755011,PAYMENT,1551.32,BRANCH,UK,0
TXN_0002548,ACC_000735,ACC_000278,2026-06-09 12:17:44.755011,DEPOSIT,4114.49,MOBILE,USA,0
TXN_0002549,ACC_000259,ACC_000128,2026-03-21 10:52:14.755011,DEPOSIT,27602.45,BRANCH,India,0
TXN_0002550,ACC_000957,ACC_000261,2026-08-12 03:14:43.755011,DEPOSIT,99322.89,BRANCH,UAE,0
TXN_0002551,ACC_000524,ACC_000582,2026-04-30 06:25:58.755011,DEPOSIT,1208.12,ATM,UK,0
TXN_0002552,ACC_000644,ACC_000502,2026-05-29 12:21:09.755011,TRANSFER,849.03,BRANCH,Singapore,0
TXN_0002553,ACC_000144,ACC_000186,2026-03-30 15:44:42.755011,TRANSFER,76508.58,MOBILE,India,0
TXN_0002554,ACC_000285,ACC_000111,2026-03-21 02:37:14.755011,WITHDRAWAL,12932.99,ATM,India,0
TXN_0002555,ACC_000434,ACC_000210,2026-07-18 19:27:33.755011,TRANSFER,2858.49,ONLINE,India,0
TXN_0002556,ACC_000737,ACC_000284,2026-07-06 16:49:14.755011,WITHDRAWAL,15391.26,BRANCH,USA,0
TXN_0002557,ACC_000619,ACC_000585,2026-07-05 12:38:04.755011,WITHDRAWAL,342.78,MOBILE,USA,0
TXN_0002558,ACC_000599,ACC_000325,2026-06-22 23:34:08.755011,PAYMENT,8135.97,ATM,Singapore,0
TXN_0002559,ACC_000018,ACC_000978,2026-07-05 03:14:33.755011,PAYMENT,12008.68,ONLINE,UAE,0
TXN_0002560,ACC_000829,ACC_000498,2026-04-28 20:07:16.755011,TRANSFER,24566.14,ONLINE,USA,0
TXN_0002561,ACC_000248,ACC_000471,2026-04-19 08:54:11.755011,PAYMENT,2400.24,ATM,USA,0
TXN_0002562,ACC_000245,ACC_000688,2026-03-08 01:51:28.755011,WITHDRAWAL,8980.62,BRANCH,UAE,0
TXN_0002563,ACC_000396,ACC_000457,2026-08-19 10:27:59.755011,PAYMENT,2669.08,ATM,India,0
TXN_0002564,ACC_000730,ACC_000455,2026-05-25 19:00:05.755011,DEPOSIT,11008.91,ATM,Hong Kong,0
TXN_0002565,ACC_000630,ACC_000769,2026-08-19 15:06:43.755011,DEPOSIT,2767.18,ONLINE,UAE,0
TXN_0002566,ACC_000903,ACC_000690,2026-04-16 07:03:41.755011,DEPOSIT,4965.55,BRANCH,UAE,0
TXN_0002567,ACC_000512,ACC_000520,2026-03-11 11:38:05.755011,DEPOSIT,2452.89,BRANCH,UAE,0
TXN_0002568,ACC_000721,ACC_000080,2026-04-04 12:35:03.755011,DEPOSIT,17700.77,ATM,Singapore,0
TXN_0002569,ACC_000362,ACC_000415,2026-05-07 11:25:30.755011,WITHDRAWAL,22700.48,ATM,Hong Kong,0
TXN_0002570,ACC_000389,ACC_000615,2026-04-21 07:08:35.755011,DEPOSIT,6114.73,ONLINE,Hong Kong,0
TXN_0002571,ACC_000661,ACC_000715,2026-04-23 20:33:15.755011,TRANSFER,8483.56,BRANCH,Hong Kong,0
TXN_0002572,ACC_000586,ACC_000354,2026-05-21 23:21:25.755011,WITHDRAWAL,1424.66,BRANCH,India,0
TXN_0002573,ACC_000457,ACC_000932,2026-07-26 02:00:30.755011,DEPOSIT,5655.52,ONLINE,Singapore,0
TXN_0002574,ACC_000276,ACC_000376,2026-04-20 20:14:39.755011,WITHDRAWAL,7629.32,BRANCH,USA,0
TXN_0002575,ACC_000600,ACC_000661,2026-08-20 05:22:31.755011,PAYMENT,188141.89,ONLINE,Singapore,0
TXN_0002576,ACC_000235,ACC_000093,2026-08-02 04:15:32.755011,PAYMENT,2133.76,ONLINE,UAE,0
TXN_0002577,ACC_000257,ACC_000082,2026-03-17 04:24:44.755011,WITHDRAWAL,46958.18,BRANCH,USA,0
TXN_0002578,ACC_000447,ACC_000286,2026-08-21 03:59:36.755011,PAYMENT,26801.97,ATM,Singapore,0
TXN_0002579,ACC_000069,ACC_000238,2026-06-16 12:50:06.755011,TRANSFER,11347.62,ONLINE,UAE,0
TXN_0002580,ACC_000893,ACC_000977,2026-08-06 18:01:20.755011,PAYMENT,66859.23,MOBILE,UAE,0
TXN_0002581,ACC_000917,ACC_000172,2026-05-28 15:38:43.755011,PAYMENT,12664.1,ONLINE,USA,0
TXN_0002582,ACC_000069,ACC_000792,2026-03-22 10:09:34.755011,TRANSFER,12925.93,MOBILE,USA,0
TXN_0002583,ACC_000474,ACC_000567,2026-08-05 17:46:18.755011,WITHDRAWAL,7602.67,ATM,USA,0
TXN_0002584,ACC_000252,ACC_000806,2026-04-12 17:40:28.755011,TRANSFER,35181.75,MOBILE,USA,0
TXN_0002585,ACC_000833,ACC_000022,2026-06-15 02:59:29.755011,TRANSFER,30205.01,BRANCH,USA,0
TXN_0002586,ACC_000160,ACC_000867,2026-06-06 13:06:08.755011,PAYMENT,3824.52,ATM,UAE,0
TXN_0002587,ACC_000802,ACC_000286,2026-06-26 21:29:40.755011,DEPOSIT,1663.87,ATM,Singapore,0
TXN_0002588,ACC_000731,ACC_000255,2026-03-28 19:09:08.755011,PAYMENT,6351.35,ONLINE,India,0
TXN_0002589,ACC_000472,ACC_000542,2026-04-02 20:27:07.755011,DEPOSIT,15539.03,BRANCH,UAE,1
TXN_0002590,ACC_000911,ACC_000538,2026-05-24 21:23:43.755011,DEPOSIT,7508.35,MOBILE,UAE,0
TXN_0002591,ACC_000768,ACC_000415,2026-08-17 02:43:13.755011,WITHDRAWAL,35772.18,BRANCH,USA,0
TXN_0002592,ACC_000130,ACC_000825,2026-06-12 11:59:14.755011,TRANSFER,4680.86,ATM,India,0
TXN_0002593,ACC_000863,ACC_000306,2026-05-17 19:46:20.755011,TRANSFER,7697.2,BRANCH,Singapore,0
TXN_0002594,ACC_000025,ACC_000323,2026-05-19 00:18:12.755011,DEPOSIT,8687.39,ATM,India,0
TXN_0002595,ACC_000654,ACC_000769,2026-08-04 23:11:23.755011,PAYMENT,22429.16,BRANCH,UAE,0
TXN_0002596,ACC_000144,ACC_000665,2026-07-30 22:44:06.755011,WITHDRAWAL,546.61,BRANCH,USA,0
TXN_0002597,ACC_000233,ACC_000926,2026-08-29 07:44:35.755011,DEPOSIT,3912.61,MOBILE,Singapore,0
TXN_0002598,ACC_000477,ACC_000381,2026-07-23 21:24:06.755011,PAYMENT,10441.47,BRANCH,USA,0
TXN_0002599,ACC_000252,ACC_000971,2026-03-17 10:22:59.755011,PAYMENT,34203.89,ONLINE,UK,0
TXN_0002600,ACC_000477,ACC_000932,2026-05-14 12:47:50.755011,DEPOSIT,4490.49,BRANCH,India,0
TXN_0002601,ACC_000841,ACC_000525,2026-05-15 08:27:38.755011,DEPOSIT,852.47,ONLINE,Singapore,0
TXN_0002602,ACC_000199,ACC_000318,2026-05-10 19:46:20.755011,PAYMENT,17045.71,ONLINE,India,0
TXN_0002603,ACC_000576,ACC_000277,2026-07-23 13:04:54.755011,TRANSFER,3780.32,ONLINE,UAE,0
TXN_0002604,ACC_000381,ACC_000025,2026-06-16 15:33:08.755011,DEPOSIT,1943.8,BRANCH,UK,0
TXN_0002605,ACC_000356,ACC_000637,2026-06-04 20:12:13.755011,WITHDRAWAL,3830.63,MOBILE,UK,0
TXN_0002606,ACC_000600,ACC_000127,2026-06-15 20:28:31.755011,DEPOSIT,6493.58,BRANCH,Singapore,0
TXN_0002607,ACC_000683,ACC_000799,2026-03-14 11:35:27.755011,TRANSFER,3921.8,ATM,Singapore,0
TXN_0002608,ACC_000451,ACC_000750,2026-07-24 03:50:13.755011,WITHDRAWAL,574.4,ATM,USA,0
TXN_0002609,ACC_000096,ACC_000632,2026-04-14 14:04:34.755011,DEPOSIT,23777.13,MOBILE,Singapore,0
TXN_0002610,ACC_000311,ACC_000013,2026-03-16 00:12:34.755011,PAYMENT,37415.86,ATM,Singapore,0
TXN_0002611,ACC_000819,ACC_000846,2026-05-27 13:11:53.755011,PAYMENT,17708.97,BRANCH,UAE,0
TXN_0002612,ACC_000216,ACC_000001,2026-09-01 08:17:37.755011,TRANSFER,2068.91,ATM,India,0
TXN_0002613,ACC_000806,ACC_000068,2026-06-09 04:28:19.755011,PAYMENT,6362.71,BRANCH,USA,0
TXN_0002614,ACC_000117,ACC_000082,2026-06-11 06:53:10.755011,DEPOSIT,8039.92,MOBILE,UAE,0
TXN_0002615,ACC_000872,ACC_000481,2026-05-18 17:16:48.755011,WITHDRAWAL,16623.18,MOBILE,Hong Kong,0
TXN_0002616,ACC_000160,ACC_000684,2026-06-17 17:44:05.755011,WITHDRAWAL,18070.0,ATM,USA,0
TXN_0002617,ACC_000495,ACC_000279,2026-05-30 17:05:19.755011,WITHDRAWAL,3357.63,MOBILE,Singapore,0
TXN_0002618,ACC_000606,ACC_000308,2026-05-25 01:10:23.755011,WITHDRAWAL,51582.89,ONLINE,USA,1
TXN_0002619,ACC_000803,ACC_000225,2026-08-18 10:41:32.755011,PAYMENT,14026.96,BRANCH,USA,0
TXN_0002620,ACC_000556,ACC_000518,2026-07-20 21:07:35.755011,WITHDRAWAL,46489.73,BRANCH,Hong Kong,0
TXN_0002621,ACC_000340,ACC_000307,2026-06-25 11:30:47.755011,TRANSFER,18871.49,ATM,USA,0
TXN_0002622,ACC_000068,ACC_000794,2026-07-14 04:20:52.755011,WITHDRAWAL,20886.7,ONLINE,Singapore,0
TXN_0002623,ACC_000158,ACC_000425,2026-05-30 09:08:23.755011,DEPOSIT,8960.6,ONLINE,UK,0
TXN_0002624,ACC_000316,ACC_000242,2026-03-30 10:04:01.755011,DEPOSIT,44026.67,BRANCH,Singapore,0
TXN_0002625,ACC_000441,ACC_000870,2026-05-25 04:00:34.755011,PAYMENT,13249.5,MOBILE,USA,0
TXN_0002626,ACC_000345,ACC_000164,2026-04-08 11:33:21.755011,WITHDRAWAL,2883.31,BRANCH,India,0
TXN_0002627,ACC_000816,ACC_000756,2026-03-23 10:41:08.755011,TRANSFER,43653.73,ATM,UAE,0
TXN_0002628,ACC_000095,ACC_000957,2026-08-28 13:27:50.755011,PAYMENT,18722.55,ONLINE,India,0
TXN_0002629,ACC_000137,ACC_000299,2026-03-13 19:24:49.755011,WITHDRAWAL,4761.64,MOBILE,Hong Kong,0
TXN_0002630,ACC_000170,ACC_000915,2026-03-15 07:30:32.755011,WITHDRAWAL,4557.86,MOBILE,India,0
TXN_0002631,ACC_000085,ACC_000041,2026-06-28 15:25:58.755011,TRANSFER,11566.76,ATM,USA,0
TXN_0002632,ACC_000503,ACC_000111,2026-08-14 12:06:01.755011,WITHDRAWAL,14126.7,MOBILE,UAE,0
TXN_0002633,ACC_000852,ACC_000628,2026-03-21 09:09:38.755011,WITHDRAWAL,10267.62,ATM,India,0
TXN_0002634,ACC_000267,ACC_000162,2026-08-19 23:32:34.755011,TRANSFER,11773.07,BRANCH,UAE,0
TXN_0002635,ACC_000033,ACC_000403,2026-05-01 13:12:58.755011,WITHDRAWAL,62314.46,ATM,Hong Kong,0
TXN_0002636,ACC_000368,ACC_000975,2026-06-03 07:56:04.755011,WITHDRAWAL,29314.92,MOBILE,Hong Kong,0
TXN_0002637,ACC_000429,ACC_000827,2026-05-24 08:19:33.755011,PAYMENT,10185.93,MOBILE,Hong Kong,0
TXN_0002638,ACC_000473,ACC_000153,2026-04-23 04:44:53.755011,PAYMENT,25073.65,ONLINE,India,0
TXN_0002639,ACC_000121,ACC_000152,2026-08-24 09:32:52.755011,TRANSFER,2347.18,BRANCH,USA,0
TXN_0002640,ACC_000290,ACC_000789,2026-03-21 17:21:26.755011,WITHDRAWAL,13062.65,MOBILE,UAE,0
TXN_0002641,ACC_000446,ACC_000420,2026-06-08 23:29:44.755011,TRANSFER,71052.02,MOBILE,Hong Kong,0
TXN_0002642,ACC_000672,ACC_000035,2026-06-07 08:29:45.755011,WITHDRAWAL,6237.56,ATM,Singapore,0
TXN_0002643,ACC_000051,ACC_000033,2026-03-20 06:55:56.755011,WITHDRAWAL,2930.24,BRANCH,USA,0
TXN_0002644,ACC_000675,ACC_000990,2026-06-05 11:10:37.755011,DEPOSIT,3705.2,MOBILE,Singapore,0
TXN_0002645,ACC_000764,ACC_000990,2026-05-09 22:35:41.755011,DEPOSIT,2191.72,MOBILE,UAE,0
TXN_0002646,ACC_000008,ACC_000891,2026-04-12 04:25:00.755011,PAYMENT,3159.87,MOBILE,Singapore,0
TXN_0002647,ACC_000343,ACC_000152,2026-08-24 11:18:56.755011,TRANSFER,5194.68,ATM,USA,0
TXN_0002648,ACC_000981,ACC_000285,2026-06-11 15:37:34.755011,PAYMENT,1500.15,ATM,Singapore,0
TXN_0002649,ACC_000647,ACC_000370,2026-03-09 06:05:04.755011,WITHDRAWAL,8256.38,MOBILE,UK,0
TXN_0002650,ACC_000791,ACC_000845,2026-06-09 05:05:44.755011,PAYMENT,23926.28,ATM,USA,0
TXN_0002651,ACC_000879,ACC_000755,2026-07-13 08:41:47.755011,WITHDRAWAL,2726.28,BRANCH,UAE,0
TXN_0002652,ACC_000202,ACC_000446,2026-07-04 09:22:49.755011,TRANSFER,948116.21,BRANCH,Hong Kong,1
TXN_0002653,ACC_000552,ACC_000774,2026-05-02 19:29:27.755011,DEPOSIT,14957.24,ONLINE,UK,0
TXN_0002654,ACC_000604,ACC_000643,2026-05-25 13:25:01.755011,TRANSFER,27908.78,BRANCH,Singapore,0
TXN_0002655,ACC_000906,ACC_000624,2026-08-31 23:07:52.755011,PAYMENT,3679.74,MOBILE,UAE,0
TXN_0002656,ACC_000308,ACC_000913,2026-04-27 20:41:09.755011,TRANSFER,22593.79,ATM,Hong Kong,0
TXN_0002657,ACC_000405,ACC_000272,2026-04-25 19:28:45.755011,TRANSFER,2185.67,ATM,India,0
TXN_0002658,ACC_000461,ACC_000245,2026-08-13 23:35:34.755011,DEPOSIT,23583.37,ONLINE,Singapore,0
TXN_0002659,ACC_000822,ACC_000823,2026-03-22 05:46:13.755011,WITHDRAWAL,9958.75,BRANCH,India,0
TXN_0002660,ACC_000814,ACC_000786,2026-07-27 17:57:18.755011,WITHDRAWAL,15739.07,ONLINE,Singapore,0
TXN_0002661,ACC_000566,ACC_000295,2026-04-17 21:40:34.755011,TRANSFER,25722.14,ATM,Singapore,1
TXN_0002662,ACC_000182,ACC_000559,2026-05-10 06:25:13.755011,PAYMENT,2768.1,ONLINE,Hong Kong,0
TXN_0002663,ACC_000663,ACC_000252,2026-05-10 07:17:38.755011,DEPOSIT,16591.97,ONLINE,India,0
TXN_0002664,ACC_000749,ACC_000265,2026-07-30 23:35:49.755011,PAYMENT,2596.66,MOBILE,Hong Kong,0
TXN_0002665,ACC_000928,ACC_000437,2026-04-07 21:25:16.755011,PAYMENT,14127.06,ATM,UK,0
TXN_0002666,ACC_000317,ACC_000556,2026-05-02 12:53:51.755011,TRANSFER,1570.95,ONLINE,USA,0
TXN_0002667,ACC_000960,ACC_000004,2026-08-20 02:30:05.755011,PAYMENT,22422.25,ONLINE,UK,0
TXN_0002668,ACC_000346,ACC_000125,2026-03-29 11:26:17.755011,DEPOSIT,30416.02,ONLINE,Singapore,1
TXN_0002669,ACC_000805,ACC_000086,2026-04-30 12:04:00.755011,WITHDRAWAL,15721.11,ONLINE,UK,0
TXN_0002670,ACC_000194,ACC_000559,2026-08-11 02:07:46.755011,WITHDRAWAL,17167.22,ONLINE,UAE,0
TXN_0002671,ACC_000785,ACC_000089,2026-08-08 12:11:02.755011,TRANSFER,3511.76,ATM,USA,0
TXN_0002672,ACC_000835,ACC_000707,2026-06-16 20:11:33.755011,PAYMENT,16292.04,BRANCH,Hong Kong,0
TXN_0002673,ACC_000874,ACC_000399,2026-05-12 12:26:58.755011,DEPOSIT,11075.94,ONLINE,UAE,0
TXN_0002674,ACC_000218,ACC_000172,2026-05-24 14:41:20.755011,PAYMENT,4244.54,BRANCH,UAE,0
TXN_0002675,ACC_001000,ACC_000763,2026-03-20 10:52:17.755011,PAYMENT,2415.68,BRANCH,UAE,0
TXN_0002676,ACC_000330,ACC_000658,2026-05-21 15:55:38.755011,WITHDRAWAL,768.81,ATM,India,0
TXN_0002677,ACC_000004,ACC_000585,2026-04-12 23:36:39.755011,WITHDRAWAL,12327.4,ONLINE,Hong Kong,0
TXN_0002678,ACC_000347,ACC_000426,2026-07-11 10:19:54.755011,TRANSFER,1239.22,MOBILE,Singapore,0
TXN_0002679,ACC_000099,ACC_000609,2026-08-18 03:51:40.755011,TRANSFER,9085.3,ATM,Singapore,0
TXN_0002680,ACC_000744,ACC_000780,2026-06-22 13:45:21.755011,WITHDRAWAL,5906.82,ONLINE,UAE,0
TXN_0002681,ACC_000856,ACC_000654,2026-08-07 02:47:56.755011,WITHDRAWAL,18305.77,ATM,UK,0
TXN_0002682,ACC_000301,ACC_000040,2026-05-29 02:43:16.755011,TRANSFER,5639.47,ONLINE,UK,0
TXN_0002683,ACC_000713,ACC_000265,2026-04-03 01:10:59.755011,DEPOSIT,5457.04,ATM,UK,0
TXN_0002684,ACC_000077,ACC_000999,2026-05-26 11:17:25.755011,WITHDRAWAL,19501.46,ONLINE,Singapore,0
TXN_0002685,ACC_000417,ACC_000024,2026-05-04 16:21:19.755011,TRANSFER,12113.43,MOBILE,UK,0
TXN_0002686,ACC_000891,ACC_000141,2026-03-25 12:51:32.755011,TRANSFER,11841.76,MOBILE,India,0
TXN_0002687,ACC_000787,ACC_000342,2026-04-27 18:21:09.755011,WITHDRAWAL,14230.19,ONLINE,USA,0
TXN_0002688,ACC_000820,ACC_000081,2026-06-28 12:28:20.755011,PAYMENT,1283.46,ONLINE,UK,0
TXN_0002689,ACC_000564,ACC_000773,2026-08-02 03:54:19.755011,TRANSFER,20093.39,MOBILE,UAE,0
TXN_0002690,ACC_000917,ACC_000414,2026-03-26 23:09:23.755011,TRANSFER,16898.2,MOBILE,Singapore,0
TXN_0002691,ACC_000276,ACC_000759,2026-05-11 04:13:36.755011,TRANSFER,2392.23,ATM,India,0
TXN_0002692,ACC_000005,ACC_000110,2026-06-29 16:47:19.755011,DEPOSIT,6045.71,ONLINE,Singapore,0
TXN_0002693,ACC_000555,ACC_000110,2026-05-25 07:08:11.755011,WITHDRAWAL,7729.75,ATM,UAE,0
TXN_0002694,ACC_000814,ACC_000254,2026-08-28 06:12:31.755011,TRANSFER,6895.36,MOBILE,USA,0
TXN_0002695,ACC_000583,ACC_000718,2026-09-01 18:02:33.755011,TRANSFER,12096.02,ONLINE,Singapore,0
TXN_0002696,ACC_000130,ACC_000174,2026-07-22 23:21:50.755011,PAYMENT,45145.24,BRANCH,India,0
TXN_0002697,ACC_000280,ACC_000591,2026-08-24 09:13:36.755011,PAYMENT,29676.78,BRANCH,UAE,0
TXN_0002698,ACC_000217,ACC_000628,2026-05-29 21:44:49.755011,DEPOSIT,1677.96,ATM,UAE,0
TXN_0002699,ACC_000415,ACC_000998,2026-04-02 21:52:45.755011,DEPOSIT,17094.02,MOBILE,UK,0
TXN_0002700,ACC_000911,ACC_000128,2026-08-20 16:59:37.755011,DEPOSIT,39923.48,MOBILE,Hong Kong,0
TXN_0002701,ACC_000118,ACC_000416,2026-03-07 17:51:43.755011,PAYMENT,12889.52,MOBILE,Hong Kong,0
TXN_0002702,ACC_000834,ACC_000657,2026-04-12 06:15:44.755011,TRANSFER,30006.72,ATM,USA,0
TXN_0002703,ACC_000256,ACC_000763,2026-04-21 06:57:27.755011,TRANSFER,90646.67,ONLINE,Hong Kong,0
TXN_0002704,ACC_000284,ACC_000983,2026-04-18 19:40:41.755011,TRANSFER,27679.61,ONLINE,Hong Kong,0
TXN_0002705,ACC_000850,ACC_000713,2026-03-28 23:20:16.755011,TRANSFER,10928.95,BRANCH,India,0
TXN_0002706,ACC_000148,ACC_000151,2026-06-02 06:36:37.755011,TRANSFER,28398.91,MOBILE,UK,0
TXN_0002707,ACC_000697,ACC_000282,2026-05-20 00:04:37.755011,DEPOSIT,143593.73,ATM,Hong Kong,1
TXN_0002708,ACC_000362,ACC_000193,2026-05-22 00:56:49.755011,PAYMENT,8338.88,BRANCH,Singapore,0
TXN_0002709,ACC_000051,ACC_000259,2026-05-31 09:45:38.755011,TRANSFER,5315.08,BRANCH,Singapore,0
TXN_0002710,ACC_000911,ACC_000854,2026-08-06 04:38:52.755011,TRANSFER,52896.69,BRANCH,UAE,0
TXN_0002711,ACC_000114,ACC_000903,2026-05-26 17:41:46.755011,WITHDRAWAL,3034.75,ATM,UK,0
TXN_0002712,ACC_000788,ACC_000015,2026-05-29 05:06:20.755011,DEPOSIT,50962.29,ONLINE,UAE,0
TXN_0002713,ACC_000660,ACC_000230,2026-05-05 08:05:11.755011,DEPOSIT,14762.37,ATM,Hong Kong,0
TXN_0002714,ACC_000489,ACC_000987,2026-08-17 11:17:47.755011,DEPOSIT,1511.46,MOBILE,USA,0
TXN_0002715,ACC_000927,ACC_000137,2026-05-31 12:55:21.755011,TRANSFER,12596.56,ATM,Hong Kong,0
TXN_0002716,ACC_000972,ACC_000565,2026-04-18 23:06:49.755011,PAYMENT,651.95,ONLINE,UK,0
TXN_0002717,ACC_000261,ACC_000707,2026-06-16 19:55:12.755011,TRANSFER,17164.69,MOBILE,Hong Kong,0
TXN_0002718,ACC_000765,ACC_000414,2026-05-06 16:48:32.755011,TRANSFER,23441.84,ONLINE,UAE,0
TXN_0002719,ACC_000290,ACC_000259,2026-03-28 06:18:13.755011,PAYMENT,34305.83,ATM,Hong Kong,1
TXN_0002720,ACC_000004,ACC_000153,2026-06-18 01:16:41.755011,TRANSFER,9398.05,MOBILE,Hong Kong,0
TXN_0002721,ACC_000582,ACC_000350,2026-05-27 23:09:28.755011,TRANSFER,84540.75,BRANCH,USA,0
TXN_0002722,ACC_000314,ACC_000739,2026-07-27 17:20:38.755011,DEPOSIT,4416.51,MOBILE,Hong Kong,0
TXN_0002723,ACC_000205,ACC_000644,2026-06-29 06:56:47.755011,DEPOSIT,2274.03,MOBILE,India,0
TXN_0002724,ACC_000201,ACC_000912,2026-07-06 18:01:43.755011,PAYMENT,47953.93,MOBILE,India,0
TXN_0002725,ACC_000483,ACC_000778,2026-05-15 18:16:35.755011,PAYMENT,85400.28,MOBILE,Singapore,0
TXN_0002726,ACC_000017,ACC_000707,2026-06-24 16:13:50.755011,TRANSFER,8139.1,ONLINE,UAE,0
TXN_0002727,ACC_000421,ACC_000888,2026-04-21 09:02:56.755011,TRANSFER,27275.81,ATM,Singapore,0
TXN_0002728,ACC_000075,ACC_000106,2026-07-28 21:17:21.755011,DEPOSIT,40528.92,ATM,USA,0
TXN_0002729,ACC_000380,ACC_000100,2026-04-18 21:14:18.755011,TRANSFER,3324.32,MOBILE,India,0
TXN_0002730,ACC_000124,ACC_000288,2026-05-25 21:48:51.755011,DEPOSIT,4526.18,ATM,India,0
TXN_0002731,ACC_000627,ACC_000122,2026-04-22 10:14:18.755011,TRANSFER,35491.53,MOBILE,UAE,0
TXN_0002732,ACC_000961,ACC_000780,2026-07-07 14:56:35.755011,PAYMENT,61207.02,ONLINE,Singapore,0
TXN_0002733,ACC_000172,ACC_000674,2026-06-20 12:41:06.755011,TRANSFER,15922.0,BRANCH,USA,0
TXN_0002734,ACC_000339,ACC_000103,2026-08-26 18:59:38.755011,TRANSFER,2819.24,ATM,UAE,0
TXN_0002735,ACC_000714,ACC_000358,2026-05-29 09:32:56.755011,WITHDRAWAL,87945.57,BRANCH,UAE,0
TXN_0002736,ACC_000757,ACC_000100,2026-03-12 16:27:08.755011,TRANSFER,4284.82,MOBILE,USA,0
TXN_0002737,ACC_000240,ACC_000756,2026-04-06 22:33:05.755011,TRANSFER,5419.91,ATM,USA,0
TXN_0002738,ACC_000136,ACC_000303,2026-04-14 20:10:59.755011,DEPOSIT,12219.71,ONLINE,Hong Kong,0
TXN_0002739,ACC_000138,ACC_000033,2026-07-05 14:11:33.755011,TRANSFER,52312.6,ATM,UK,0
TXN_0002740,ACC_000780,ACC_000307,2026-08-25 08:57:53.755011,DEPOSIT,22578.9,ATM,Hong Kong,0
TXN_0002741,ACC_000163,ACC_000486,2026-08-29 10:47:09.755011,DEPOSIT,13330.88,ONLINE,USA,0
TXN_0002742,ACC_000180,ACC_000701,2026-06-18 23:11:25.755011,DEPOSIT,14128.46,ONLINE,India,0
TXN_0002743,ACC_000075,ACC_000158,2026-04-17 14:04:57.755011,DEPOSIT,8537.45,ONLINE,Singapore,0
TXN_0002744,ACC_000171,ACC_000273,2026-08-12 06:04:50.755011,WITHDRAWAL,15831.67,BRANCH,USA,0
TXN_0002745,ACC_000546,ACC_000677,2026-06-30 20:35:21.755011,PAYMENT,389.37,BRANCH,Singapore,0
TXN_0002746,ACC_000814,ACC_000456,2026-08-16 22:21:01.755011,WITHDRAWAL,5676.39,MOBILE,UK,0
TXN_0002747,ACC_000752,ACC_000818,2026-09-03 07:33:29.755011,TRANSFER,10824.71,ATM,Singapore,0
TXN_0002748,ACC_000549,ACC_000477,2026-08-04 11:28:25.755011,TRANSFER,2036.08,ONLINE,Hong Kong,0
TXN_0002749,ACC_000236,ACC_000755,2026-03-17 21:46:55.755011,TRANSFER,12882.02,BRANCH,Singapore,0
TXN_0002750,ACC_000730,ACC_000756,2026-06-28 05:10:29.755011,PAYMENT,6340.0,ONLINE,UAE,0
TXN_0002751,ACC_000238,ACC_000819,2026-08-24 12:36:42.755011,PAYMENT,66607.39,ATM,India,0
TXN_0002752,ACC_000557,ACC_000906,2026-07-03 07:27:27.755011,TRANSFER,53509.99,ATM,UAE,0
TXN_0002753,ACC_000538,ACC_000551,2026-05-12 07:28:06.755011,TRANSFER,4633.34,MOBILE,UK,0
TXN_0002754,ACC_000848,ACC_000183,2026-04-02 21:44:12.755011,TRANSFER,6761.46,BRANCH,Singapore,0
TXN_0002755,ACC_000144,ACC_000823,2026-04-16 07:51:40.755011,PAYMENT,7415.02,ONLINE,UAE,0
TXN_0002756,ACC_000074,ACC_000433,2026-06-01 08:34:54.755011,TRANSFER,4712.66,MOBILE,Singapore,0
TXN_0002757,ACC_000868,ACC_000346,2026-04-30 02:47:45.755011,TRANSFER,10239.72,ONLINE,India,0
TXN_0002758,ACC_000681,ACC_000708,2026-08-05 00:16:18.755011,TRANSFER,3261.89,ONLINE,India,0
TXN_0002759,ACC_000761,ACC_000828,2026-08-01 13:34:14.755011,TRANSFER,2086.54,ONLINE,Hong Kong,0
TXN_0002760,ACC_000101,ACC_000450,2026-08-10 20:24:13.755011,WITHDRAWAL,17107.18,ONLINE,Hong Kong,0
TXN_0002761,ACC_000027,ACC_000737,2026-07-02 21:59:39.755011,PAYMENT,17247.72,MOBILE,UK,0
TXN_0002762,ACC_000814,ACC_000937,2026-03-29 19:45:55.755011,WITHDRAWAL,3086.59,MOBILE,UK,0
TXN_0002763,ACC_000833,ACC_000152,2026-06-21 10:35:20.755011,DEPOSIT,23728.37,MOBILE,Singapore,0
TXN_0002764,ACC_000079,ACC_000155,2026-08-03 14:10:17.755011,PAYMENT,3797.53,MOBILE,UAE,0
TXN_0002765,ACC_000322,ACC_000389,2026-03-15 16:58:09.755011,DEPOSIT,10979.64,ONLINE,UAE,0
TXN_0002766,ACC_000046,ACC_000614,2026-03-12 13:25:56.755011,TRANSFER,21685.8,ONLINE,Hong Kong,0
TXN_0002767,ACC_000387,ACC_000354,2026-04-24 03:43:51.755011,WITHDRAWAL,7782.75,ONLINE,UK,0
TXN_0002768,ACC_000543,ACC_000154,2026-04-29 21:03:17.755011,DEPOSIT,13984.28,BRANCH,UAE,0
TXN_0002769,ACC_000153,ACC_000817,2026-05-26 15:40:59.755011,WITHDRAWAL,4360.25,ATM,UK,0
TXN_0002770,ACC_000375,ACC_000318,2026-03-16 23:26:20.755011,PAYMENT,6401.2,BRANCH,Hong Kong,0
TXN_0002771,ACC_000041,ACC_000641,2026-07-24 03:54:57.755011,DEPOSIT,6329.45,ONLINE,Singapore,0
TXN_0002772,ACC_000617,ACC_000877,2026-05-26 02:41:08.755011,DEPOSIT,3308.02,MOBILE,India,0
TXN_0002773,ACC_000652,ACC_000976,2026-08-05 15:41:43.755011,PAYMENT,6554.26,ATM,India,0
TXN_0002774,ACC_000049,ACC_000951,2026-08-10 04:39:13.755011,TRANSFER,1263.52,BRANCH,UK,0
TXN_0002775,ACC_000912,ACC_000570,2026-03-31 14:12:23.755011,TRANSFER,4494.53,MOBILE,Hong Kong,0
TXN_0002776,ACC_000660,ACC_000182,2026-08-20 20:44:56.755011,DEPOSIT,5756.87,BRANCH,USA,0
TXN_0002777,ACC_000736,ACC_000783,2026-05-19 21:06:34.755011,PAYMENT,5958.56,ONLINE,Singapore,0
TXN_0002778,ACC_000690,ACC_000068,2026-04-06 12:47:47.755011,PAYMENT,6064.47,BRANCH,UAE,0
TXN_0002779,ACC_000175,ACC_000535,2026-07-26 10:26:56.755011,WITHDRAWAL,7524.22,BRANCH,UK,0
TXN_0002780,ACC_000901,ACC_000430,2026-04-23 14:13:54.755011,PAYMENT,14404.99,MOBILE,Hong Kong,0
TXN_0002781,ACC_000442,ACC_000220,2026-06-18 01:14:48.755011,TRANSFER,23142.37,MOBILE,UK,0
TXN_0002782,ACC_000042,ACC_000842,2026-08-24 01:38:13.755011,DEPOSIT,3715.55,MOBILE,Hong Kong,0
TXN_0002783,ACC_000969,ACC_000769,2026-05-15 08:00:09.755011,WITHDRAWAL,1912.49,MOBILE,India,0
TXN_0002784,ACC_000235,ACC_000739,2026-08-07 14:30:34.755011,WITHDRAWAL,2320.52,MOBILE,UAE,0
TXN_0002785,ACC_000197,ACC_000983,2026-05-03 12:27:13.755011,TRANSFER,4515.89,ONLINE,Singapore,0
TXN_0002786,ACC_000812,ACC_000287,2026-05-26 07:23:02.755011,WITHDRAWAL,5311.84,ONLINE,USA,0
TXN_0002787,ACC_000248,ACC_000570,2026-05-17 23:49:45.755011,PAYMENT,3216.36,MOBILE,UK,0
TXN_0002788,ACC_000477,ACC_000625,2026-04-02 12:45:37.755011,TRANSFER,1710.7,MOBILE,India,0
TXN_0002789,ACC_000059,ACC_000874,2026-07-09 13:25:36.755011,WITHDRAWAL,4687.5,ATM,USA,0
TXN_0002790,ACC_000994,ACC_000784,2026-04-17 00:48:36.755011,WITHDRAWAL,10073.99,ATM,UAE,0
TXN_0002791,ACC_000905,ACC_000726,2026-05-07 15:26:33.755011,TRANSFER,16548.25,BRANCH,Hong Kong,0
TXN_0002792,ACC_000826,ACC_000105,2026-04-03 22:08:20.755011,TRANSFER,4150.95,ONLINE,Hong Kong,0
TXN_0002793,ACC_000478,ACC_000739,2026-06-17 15:24:54.755011,TRANSFER,4936.45,ONLINE,UAE,0
TXN_0002794,ACC_000647,ACC_000696,2026-04-23 06:40:57.755011,PAYMENT,37043.01,BRANCH,USA,1
TXN_0002795,ACC_000331,ACC_000232,2026-07-10 12:28:52.755011,TRANSFER,7803.07,BRANCH,India,0
TXN_0002796,ACC_000941,ACC_000769,2026-03-23 17:55:58.755011,DEPOSIT,2927.45,MOBILE,Singapore,0
TXN_0002797,ACC_000879,ACC_000417,2026-06-12 16:26:47.755011,TRANSFER,16118.99,ONLINE,USA,0
TXN_0002798,ACC_000831,ACC_000031,2026-03-12 14:54:50.755011,TRANSFER,950.47,MOBILE,Singapore,0
TXN_0002799,ACC_000858,ACC_000612,2026-04-01 07:10:55.755011,TRANSFER,5262.94,ATM,Hong Kong,0
TXN_0002800,ACC_000653,ACC_000720,2026-06-07 04:02:38.755011,DEPOSIT,11629.83,MOBILE,Hong Kong,0
TXN_0002801,ACC_000123,ACC_000984,2026-07-01 04:59:22.755011,DEPOSIT,10103.14,ONLINE,UAE,0
TXN_0002802,ACC_000377,ACC_000625,2026-05-22 12:49:57.755011,WITHDRAWAL,205179.48,ATM,India,0
TXN_0002803,ACC_000073,ACC_000828,2026-07-02 16:29:53.755011,TRANSFER,12329.62,MOBILE,India,0
TXN_0002804,ACC_000237,ACC_000407,2026-04-20 07:36:07.755011,DEPOSIT,2428.76,MOBILE,India,0
TXN_0002805,ACC_000418,ACC_000200,2026-08-01 08:44:11.755011,PAYMENT,7226.01,ATM,USA,0
TXN_0002806,ACC_000152,ACC_000076,2026-06-13 16:32:10.755011,PAYMENT,961.51,BRANCH,UK,0
TXN_0002807,ACC_000079,ACC_000095,2026-05-27 16:22:01.755011,WITHDRAWAL,7356.06,ONLINE,Hong Kong,0
TXN_0002808,ACC_000302,ACC_000134,2026-07-27 08:31:40.755011,DEPOSIT,2981.95,ONLINE,UK,0
TXN_0002809,ACC_000812,ACC_000346,2026-08-05 12:55:15.755011,PAYMENT,24305.75,BRANCH,Singapore,0
TXN_0002810,ACC_000762,ACC_000048,2026-08-08 00:10:12.755011,TRANSFER,4190.4,ONLINE,Hong Kong,0
TXN_0002811,ACC_000867,ACC_000019,2026-08-05 23:35:07.755011,TRANSFER,7043.64,ATM,India,0
TXN_0002812,ACC_000370,ACC_000400,2026-04-15 21:59:23.755011,DEPOSIT,3779.44,ONLINE,India,0
TXN_0002813,ACC_000467,ACC_000075,2026-07-18 10:59:43.755011,WITHDRAWAL,65291.79,ATM,India,0
TXN_0002814,ACC_000920,ACC_000349,2026-08-03 12:20:33.755011,WITHDRAWAL,45626.24,ONLINE,Singapore,1
TXN_0002815,ACC_000447,ACC_000586,2026-04-12 01:48:58.755011,TRANSFER,73062.35,BRANCH,Hong Kong,0
TXN_0002816,ACC_000782,ACC_000575,2026-05-28 21:16:56.755011,PAYMENT,21525.25,ATM,UAE,0
TXN_0002817,ACC_000768,ACC_000987,2026-05-02 20:27:29.755011,TRANSFER,14450.44,ONLINE,USA,0
TXN_0002818,ACC_000006,ACC_000813,2026-06-23 03:23:33.755011,DEPOSIT,12612.96,ATM,UK,0
TXN_0002819,ACC_000884,ACC_000684,2026-06-08 01:32:46.755011,PAYMENT,12998.08,BRANCH,India,0
TXN_0002820,ACC_000384,ACC_000630,2026-07-10 17:38:30.755011,TRANSFER,801.75,ONLINE,India,0
TXN_0002821,ACC_000708,ACC_000711,2026-06-03 03:23:33.755011,TRANSFER,5798.42,ONLINE,UAE,0
TXN_0002822,ACC_000595,ACC_000725,2026-06-25 01:40:29.755011,TRANSFER,22341.24,MOBILE,UK,0
TXN_0002823,ACC_000732,ACC_000464,2026-03-10 12:36:03.755011,WITHDRAWAL,7641.3,ATM,Singapore,0
TXN_0002824,ACC_000587,ACC_000639,2026-07-22 14:02:38.755011,DEPOSIT,1500.83,BRANCH,Hong Kong,0
TXN_0002825,ACC_000658,ACC_000620,2026-06-22 18:51:15.755011,DEPOSIT,7609.21,ONLINE,UAE,0
TXN_0002826,ACC_000803,ACC_000375,2026-06-19 09:36:21.755011,DEPOSIT,62625.42,ATM,USA,0
TXN_0002827,ACC_000302,ACC_000022,2026-03-27 10:50:45.755011,WITHDRAWAL,36180.3,ATM,USA,0
TXN_0002828,ACC_000190,ACC_000860,2026-03-28 12:03:45.755011,PAYMENT,7522.06,MOBILE,USA,0
TXN_0002829,ACC_000414,ACC_000578,2026-05-29 22:27:10.755011,TRANSFER,25380.57,BRANCH,UAE,0
TXN_0002830,ACC_000485,ACC_000159,2026-06-23 19:08:04.755011,DEPOSIT,5219.68,ONLINE,Singapore,0
TXN_0002831,ACC_000032,ACC_000658,2026-08-27 14:17:03.755011,DEPOSIT,1048.75,ATM,Hong Kong,0
TXN_0002832,ACC_000966,ACC_000742,2026-06-24 12:36:57.755011,PAYMENT,2672.16,ATM,UK,0
TXN_0002833,ACC_000930,ACC_000371,2026-07-02 10:28:48.755011,PAYMENT,52863.4,ATM,Hong Kong,0
TXN_0002834,ACC_000018,ACC_000857,2026-08-01 11:01:29.755011,WITHDRAWAL,5832.54,ONLINE,UK,0
TXN_0002835,ACC_000146,ACC_000924,2026-08-26 18:07:45.755011,DEPOSIT,90481.51,MOBILE,India,1
TXN_0002836,ACC_000803,ACC_000151,2026-08-19 07:35:14.755011,DEPOSIT,5654.43,MOBILE,UAE,0
TXN_0002837,ACC_000677,ACC_000273,2026-05-30 18:21:26.755011,TRANSFER,79615.49,BRANCH,UAE,0
TXN_0002838,ACC_000646,ACC_000075,2026-05-25 11:29:59.755011,PAYMENT,57019.62,ONLINE,UAE,0
TXN_0002839,ACC_000101,ACC_000689,2026-05-29 04:10:51.755011,PAYMENT,116138.22,ATM,UAE,0
TXN_0002840,ACC_000946,ACC_000769,2026-05-11 20:56:18.755011,TRANSFER,6695.2,MOBILE,USA,0
TXN_0002841,ACC_000555,ACC_000153,2026-05-23 21:01:52.755011,PAYMENT,11553.57,MOBILE,UAE,0
TXN_0002842,ACC_000042,ACC_000876,2026-08-29 00:42:26.755011,TRANSFER,1312.95,ATM,Singapore,0
TXN_0002843,ACC_000007,ACC_000684,2026-03-07 15:39:03.755011,DEPOSIT,47682.58,BRANCH,Singapore,0
TXN_0002844,ACC_000120,ACC_000854,2026-03-18 04:06:50.755011,DEPOSIT,1995.53,ATM,India,0
TXN_0002845,ACC_000834,ACC_000627,2026-04-14 00:05:19.755011,WITHDRAWAL,10510.51,ONLINE,India,0
TXN_0002846,ACC_000541,ACC_000058,2026-05-19 07:36:39.755011,WITHDRAWAL,2171.64,ONLINE,UK,0
TXN_0002847,ACC_000879,ACC_000756,2026-03-21 16:03:20.755011,WITHDRAWAL,3997.24,ONLINE,Singapore,0
TXN_0002848,ACC_000884,ACC_000645,2026-04-10 20:51:13.755011,PAYMENT,2966.94,BRANCH,Hong Kong,0
TXN_0002849,ACC_000052,ACC_000748,2026-04-04 08:32:27.755011,WITHDRAWAL,3907.1,ATM,Hong Kong,0
TXN_0002850,ACC_000918,ACC_000508,2026-03-10 17:28:09.755011,DEPOSIT,4243.11,BRANCH,UAE,0
TXN_0002851,ACC_000060,ACC_000732,2026-04-07 23:31:20.755011,DEPOSIT,4196.8,ATM,Hong Kong,0
TXN_0002852,ACC_000422,ACC_000688,2026-08-22 01:02:22.755011,PAYMENT,22026.48,ATM,UK,0
TXN_0002853,ACC_000095,ACC_000764,2026-08-09 13:09:00.755011,DEPOSIT,2152.03,BRANCH,Singapore,0
TXN_0002854,ACC_000579,ACC_000717,2026-04-07 17:16:30.755011,TRANSFER,10558.11,MOBILE,India,0
TXN_0002855,ACC_000691,ACC_000547,2026-06-17 05:01:21.755011,WITHDRAWAL,34945.71,ONLINE,USA,0
TXN_0002856,ACC_000238,ACC_000092,2026-06-03 14:15:47.755011,PAYMENT,4377.2,MOBILE,UK,0
TXN_0002857,ACC_000208,ACC_000354,2026-04-09 17:10:04.755011,DEPOSIT,3423.77,ONLINE,Singapore,0
TXN_0002858,ACC_000476,ACC_000011,2026-03-22 19:57:42.755011,PAYMENT,6144.86,ATM,Hong Kong,0
TXN_0002859,ACC_000168,ACC_000001,2026-07-02 12:56:11.755011,DEPOSIT,33378.6,ONLINE,USA,0
TXN_0002860,ACC_000845,ACC_000526,2026-04-22 16:07:36.755011,WITHDRAWAL,10228.46,ATM,Singapore,0
TXN_0002861,ACC_001000,ACC_000354,2026-06-26 19:29:45.755011,DEPOSIT,4283.57,ONLINE,USA,0
TXN_0002862,ACC_000913,ACC_000684,2026-03-21 21:31:23.755011,WITHDRAWAL,14481.86,MOBILE,UK,0
TXN_0002863,ACC_000985,ACC_000173,2026-07-26 10:26:06.755011,WITHDRAWAL,2158.67,ONLINE,USA,0
TXN_0002864,ACC_000523,ACC_000045,2026-05-03 13:18:30.755011,TRANSFER,18354.52,BRANCH,UK,0
TXN_0002865,ACC_000243,ACC_000463,2026-03-17 17:37:28.755011,PAYMENT,13231.14,MOBILE,India,0
TXN_0002866,ACC_000111,ACC_000950,2026-06-19 04:33:35.755011,PAYMENT,5600.6,BRANCH,Hong Kong,0
TXN_0002867,ACC_000526,ACC_000175,2026-07-15 00:49:31.755011,PAYMENT,2962.23,ONLINE,India,0
TXN_0002868,ACC_000095,ACC_000900,2026-07-09 13:20:21.755011,DEPOSIT,2796.11,ATM,India,0
TXN_0002869,ACC_000532,ACC_000953,2026-04-27 03:53:55.755011,DEPOSIT,15394.73,ATM,UAE,0
TXN_0002870,ACC_000850,ACC_000504,2026-07-28 02:20:01.755011,DEPOSIT,35410.96,ATM,Singapore,0
TXN_0002871,ACC_000896,ACC_000843,2026-04-21 10:33:38.755011,PAYMENT,3771.51,ONLINE,UAE,0
TXN_0002872,ACC_000327,ACC_000419,2026-07-17 19:15:37.755011,TRANSFER,14045.59,MOBILE,USA,0
TXN_0002873,ACC_000983,ACC_000757,2026-06-02 18:34:54.755011,TRANSFER,662.2,BRANCH,Hong Kong,0
TXN_0002874,ACC_000652,ACC_000439,2026-07-25 02:43:39.755011,DEPOSIT,4017.68,ONLINE,Singapore,0
TXN_0002875,ACC_000413,ACC_000882,2026-03-19 07:47:14.755011,DEPOSIT,7806.63,ATM,Singapore,0
TXN_0002876,ACC_000151,ACC_000881,2026-08-11 06:48:26.755011,TRANSFER,2719.98,MOBILE,India,0
TXN_0002877,ACC_000087,ACC_000675,2026-04-04 08:27:14.755011,PAYMENT,2633.82,ATM,USA,0
TXN_0002878,ACC_000691,ACC_000164,2026-05-10 03:10:23.755011,TRANSFER,3636.09,BRANCH,Hong Kong,0
TXN_0002879,ACC_000016,ACC_000796,2026-05-17 12:57:52.755011,WITHDRAWAL,11506.08,BRANCH,India,0
TXN_0002880,ACC_000584,ACC_000154,2026-05-25 02:13:28.755011,TRANSFER,6471.77,ATM,India,0
TXN_0002881,ACC_000408,ACC_000993,2026-04-03 09:41:11.755011,DEPOSIT,5473.98,ONLINE,UAE,1
TXN_0002882,ACC_000699,ACC_000275,2026-08-04 11:32:00.755011,PAYMENT,635.98,BRANCH,UAE,0
TXN_0002883,ACC_000803,ACC_000560,2026-05-02 13:01:00.755011,TRANSFER,3911.83,ATM,USA,0
TXN_0002884,ACC_000872,ACC_000339,2026-03-14 19:11:51.755011,TRANSFER,14033.8,ATM,Hong Kong,0
TXN_0002885,ACC_000999,ACC_000737,2026-05-30 13:43:17.755011,WITHDRAWAL,299.76,MOBILE,Hong Kong,0
TXN_0002886,ACC_000621,ACC_000346,2026-08-25 19:47:56.755011,TRANSFER,4448.51,ONLINE,UK,0
TXN_0002887,ACC_000559,ACC_000520,2026-07-07 00:46:13.755011,DEPOSIT,4309.18,ONLINE,Hong Kong,0
TXN_0002888,ACC_000366,ACC_000946,2026-03-25 06:17:07.755011,PAYMENT,42873.33,ATM,UAE,0
TXN_0002889,ACC_000490,ACC_000201,2026-05-22 06:56:10.755011,PAYMENT,5104.99,ONLINE,UAE,0
TXN_0002890,ACC_000799,ACC_000080,2026-05-20 08:06:35.755011,TRANSFER,12830.58,BRANCH,Singapore,0
TXN_0002891,ACC_000394,ACC_000555,2026-06-11 02:10:27.755011,PAYMENT,9599.91,BRANCH,UAE,0
TXN_0002892,ACC_000158,ACC_000858,2026-08-18 15:27:37.755011,PAYMENT,628.49,MOBILE,UAE,0
TXN_0002893,ACC_000768,ACC_000040,2026-06-11 08:51:59.755011,WITHDRAWAL,20370.61,ONLINE,Singapore,0
TXN_0002894,ACC_000641,ACC_000812,2026-07-17 23:01:16.755011,PAYMENT,10493.13,MOBILE,India,0
TXN_0002895,ACC_000031,ACC_000680,2026-08-25 22:15:57.755011,WITHDRAWAL,14912.01,BRANCH,Singapore,0
TXN_0002896,ACC_000703,ACC_000468,2026-05-10 21:45:02.755011,TRANSFER,901202.49,ONLINE,Hong Kong,0
TXN_0002897,ACC_000922,ACC_000555,2026-04-30 18:06:32.755011,PAYMENT,664.52,MOBILE,UK,0
TXN_0002898,ACC_000957,ACC_000537,2026-04-11 21:51:54.755011,DEPOSIT,64192.14,BRANCH,UAE,0
TXN_0002899,ACC_000362,ACC_000847,2026-04-03 17:11:24.755011,WITHDRAWAL,5739.13,ATM,Hong Kong,0
TXN_0002900,ACC_000700,ACC_000546,2026-04-02 07:22:24.755011,WITHDRAWAL,11439.12,BRANCH,USA,0
TXN_0002901,ACC_000560,ACC_000984,2026-04-14 05:50:38.755011,TRANSFER,7672.4,MOBILE,Singapore,0
TXN_0002902,ACC_000701,ACC_000697,2026-03-22 22:05:14.755011,WITHDRAWAL,4870.33,ATM,UAE,0
TXN_0002903,ACC_000955,ACC_000495,2026-07-25 17:49:02.755011,PAYMENT,4089.59,MOBILE,Singapore,0
TXN_0002904,ACC_000176,ACC_000414,2026-06-27 04:51:14.755011,PAYMENT,12033.03,ATM,UK,0
TXN_0002905,ACC_000703,ACC_000379,2026-08-06 05:59:49.755011,TRANSFER,1312.11,ATM,UAE,0
TXN_0002906,ACC_000401,ACC_000379,2026-07-23 10:47:58.755011,WITHDRAWAL,19944.23,ONLINE,Hong Kong,0
TXN_0002907,ACC_000980,ACC_000396,2026-04-27 12:03:32.755011,WITHDRAWAL,4917.55,ONLINE,UAE,0
TXN_0002908,ACC_000792,ACC_000697,2026-06-10 04:15:27.755011,WITHDRAWAL,2087.91,MOBILE,USA,0
TXN_0002909,ACC_000644,ACC_000639,2026-05-06 00:02:30.755011,TRANSFER,4721.99,ONLINE,India,0
TXN_0002910,ACC_000496,ACC_000169,2026-07-01 18:38:21.755011,TRANSFER,36628.4,ATM,UAE,0
TXN_0002911,ACC_000596,ACC_000242,2026-05-11 05:51:05.755011,WITHDRAWAL,4262.44,ONLINE,India,0
TXN_0002912,ACC_000404,ACC_000315,2026-04-17 06:37:45.755011,TRANSFER,12458.32,MOBILE,UK,0
TXN_0002913,ACC_000848,ACC_000336,2026-05-09 21:56:26.755011,PAYMENT,3370.62,ONLINE,USA,0
TXN_0002914,ACC_000635,ACC_000908,2026-05-17 13:17:20.755011,PAYMENT,20120.74,BRANCH,Singapore,0
TXN_0002915,ACC_000100,ACC_000244,2026-06-17 07:33:17.755011,DEPOSIT,18446.12,BRANCH,UK,0
TXN_0002916,ACC_000273,ACC_000976,2026-07-06 00:05:37.755011,PAYMENT,74483.33,ONLINE,UK,0
TXN_0002917,ACC_000795,ACC_000363,2026-08-08 08:11:48.755011,PAYMENT,41398.19,BRANCH,Singapore,1
TXN_0002918,ACC_000713,ACC_000606,2026-03-31 03:43:02.755011,DEPOSIT,18076.82,ONLINE,UAE,0
TXN_0002919,ACC_000776,ACC_000490,2026-04-02 00:33:10.755011,TRANSFER,9115.04,MOBILE,UK,0
TXN_0002920,ACC_000527,ACC_000540,2026-08-18 11:41:23.755011,WITHDRAWAL,38370.57,BRANCH,USA,0
TXN_0002921,ACC_000571,ACC_000829,2026-05-10 17:09:59.755011,DEPOSIT,3420.02,BRANCH,India,0
TXN_0002922,ACC_000519,ACC_000426,2026-08-22 05:47:04.755011,DEPOSIT,328745.9,BRANCH,UK,1
TXN_0002923,ACC_000142,ACC_000505,2026-04-09 00:07:03.755011,WITHDRAWAL,6414.8,MOBILE,Hong Kong,0
TXN_0002924,ACC_000555,ACC_000648,2026-04-30 18:11:12.755011,WITHDRAWAL,7502.37,BRANCH,UK,0
TXN_0002925,ACC_000807,ACC_000730,2026-05-08 01:56:40.755011,WITHDRAWAL,9046.23,ATM,UAE,0
TXN_0002926,ACC_000933,ACC_000122,2026-07-04 18:19:20.755011,TRANSFER,10967.47,BRANCH,UK,0
TXN_0002927,ACC_000007,ACC_000904,2026-08-19 17:06:03.755011,TRANSFER,7048.18,ONLINE,USA,0
TXN_0002928,ACC_000655,ACC_000236,2026-05-18 19:05:05.755011,PAYMENT,10484.53,ONLINE,USA,0
TXN_0002929,ACC_000846,ACC_000905,2026-08-24 19:56:27.755011,TRANSFER,53838.37,MOBILE,UK,0
TXN_0002930,ACC_000332,ACC_000349,2026-03-08 13:02:56.755011,DEPOSIT,26437.52,ONLINE,UAE,0
TXN_0002931,ACC_000436,ACC_000569,2026-07-08 09:06:35.755011,PAYMENT,22993.93,ONLINE,UK,0
TXN_0002932,ACC_000533,ACC_000538,2026-08-19 17:36:31.755011,DEPOSIT,4690.77,BRANCH,UAE,0
TXN_0002933,ACC_000503,ACC_000148,2026-07-24 15:19:51.755011,DEPOSIT,2787.53,ATM,Singapore,0
TXN_0002934,ACC_000808,ACC_000452,2026-07-09 05:13:37.755011,WITHDRAWAL,25498.14,BRANCH,USA,0
TXN_0002935,ACC_000376,ACC_000867,2026-04-01 15:42:30.755011,PAYMENT,23184.89,MOBILE,UK,0
TXN_0002936,ACC_000539,ACC_000224,2026-03-20 23:25:12.755011,PAYMENT,47439.23,ONLINE,Hong Kong,0
TXN_0002937,ACC_000065,ACC_000130,2026-08-16 20:42:46.755011,PAYMENT,3925.4,ATM,Hong Kong,0
TXN_0002938,ACC_000640,ACC_000095,2026-05-05 15:53:12.755011,TRANSFER,6152.06,BRANCH,Hong Kong,0
TXN_0002939,ACC_000533,ACC_000251,2026-03-24 21:49:41.755011,DEPOSIT,1132.99,MOBILE,Singapore,0
TXN_0002940,ACC_000567,ACC_000475,2026-07-24 19:05:32.755011,WITHDRAWAL,5059.56,ONLINE,UAE,0
TXN_0002941,ACC_000414,ACC_000532,2026-06-07 01:11:26.755011,TRANSFER,26792.7,BRANCH,USA,0
TXN_0002942,ACC_000359,ACC_000492,2026-08-29 04:42:17.755011,DEPOSIT,4629.51,MOBILE,UK,0
TXN_0002943,ACC_000576,ACC_000643,2026-05-16 23:40:05.755011,WITHDRAWAL,17475.86,BRANCH,USA,0
TXN_0002944,ACC_000585,ACC_000965,2026-08-21 23:44:29.755011,TRANSFER,6447.17,MOBILE,USA,0
TXN_0002945,ACC_000837,ACC_000795,2026-06-14 16:11:24.755011,DEPOSIT,11954.56,BRANCH,Hong Kong,0
TXN_0002946,ACC_000105,ACC_000402,2026-07-27 03:04:14.755011,TRANSFER,2044.22,ATM,Hong Kong,0
TXN_0002947,ACC_000661,ACC_000481,2026-03-30 22:39:56.755011,PAYMENT,8975.48,ONLINE,Singapore,0
TXN_0002948,ACC_000454,ACC_000807,2026-04-14 23:20:09.755011,PAYMENT,223.77,ATM,India,0
TXN_0002949,ACC_000159,ACC_000591,2026-04-09 23:12:17.755011,PAYMENT,6475.13,BRANCH,USA,0
TXN_0002950,ACC_000335,ACC_000674,2026-07-27 18:12:41.755011,TRANSFER,13063.98,MOBILE,USA,1
TXN_0002951,ACC_000243,ACC_000919,2026-04-04 09:35:19.755011,PAYMENT,34447.56,MOBILE,Hong Kong,0
TXN_0002952,ACC_000809,ACC_000592,2026-04-23 22:38:36.755011,PAYMENT,20596.76,MOBILE,UAE,0
TXN_0002953,ACC_000428,ACC_000126,2026-04-28 06:22:08.755011,DEPOSIT,14185.92,BRANCH,Hong Kong,0
TXN_0002954,ACC_000225,ACC_000166,2026-06-11 05:06:47.755011,DEPOSIT,50272.2,MOBILE,USA,0
TXN_0002955,ACC_000341,ACC_000268,2026-06-26 08:20:55.755011,WITHDRAWAL,2594.89,BRANCH,UAE,0
TXN_0002956,ACC_000185,ACC_000915,2026-03-30 01:55:23.755011,DEPOSIT,65962.11,BRANCH,India,0
TXN_0002957,ACC_000451,ACC_000072,2026-04-10 07:31:53.755011,PAYMENT,24800.77,ONLINE,UK,0
TXN_0002958,ACC_000611,ACC_000480,2026-08-29 10:23:41.755011,DEPOSIT,6100.55,ONLINE,USA,0
TXN_0002959,ACC_000838,ACC_000335,2026-08-28 07:52:41.755011,PAYMENT,31657.94,ATM,USA,0
TXN_0002960,ACC_000692,ACC_000771,2026-08-12 04:46:52.755011,TRANSFER,2148.33,ATM,UK,0
TXN_0002961,ACC_000744,ACC_000884,2026-08-07 23:29:19.755011,TRANSFER,3012.67,ATM,USA,0
TXN_0002962,ACC_000272,ACC_000780,2026-03-16 02:19:01.755011,DEPOSIT,3903.75,BRANCH,UAE,0
TXN_0002963,ACC_000583,ACC_000449,2026-08-22 03:52:02.755011,WITHDRAWAL,4295.09,ATM,Hong Kong,0
TXN_0002964,ACC_000900,ACC_000382,2026-07-22 08:24:38.755011,WITHDRAWAL,2280.46,ATM,USA,0
TXN_0002965,ACC_000947,ACC_000063,2026-05-23 00:52:36.755011,TRANSFER,35161.24,ATM,India,0
TXN_0002966,ACC_000242,ACC_000945,2026-05-05 02:59:48.755011,DEPOSIT,5939.47,ONLINE,UAE,0
TXN_0002967,ACC_000329,ACC_000113,2026-06-26 21:26:16.755011,DEPOSIT,12369.71,ONLINE,UK,0
TXN_0002968,ACC_000977,ACC_000216,2026-04-08 02:44:57.755011,TRANSFER,4087.05,ONLINE,USA,0
TXN_0002969,ACC_000798,ACC_000950,2026-04-08 23:36:21.755011,WITHDRAWAL,911.67,ONLINE,India,0
TXN_0002970,ACC_000284,ACC_000670,2026-06-08 06:35:16.755011,PAYMENT,11204.48,ONLINE,UAE,0
TXN_0002971,ACC_000006,ACC_000591,2026-08-31 11:42:35.755011,DEPOSIT,816.72,BRANCH,India,0
TXN_0002972,ACC_000512,ACC_000096,2026-06-30 16:55:57.755011,TRANSFER,7462.45,ATM,Singapore,0
TXN_0002973,ACC_000750,ACC_000156,2026-04-05 18:29:06.755011,TRANSFER,1568.73,ATM,USA,0
TXN_0002974,ACC_000947,ACC_000718,2026-07-18 19:44:48.755011,DEPOSIT,87968.25,BRANCH,Singapore,0
TXN_0002975,ACC_000055,ACC_000118,2026-04-03 13:50:19.755011,TRANSFER,24188.56,ONLINE,India,0
TXN_0002976,ACC_000133,ACC_000936,2026-03-27 18:07:23.755011,PAYMENT,9199.5,ONLINE,India,0
TXN_0002977,ACC_000458,ACC_000140,2026-03-13 15:50:16.755011,WITHDRAWAL,36917.76,BRANCH,USA,0
TXN_0002978,ACC_000765,ACC_000748,2026-07-06 10:21:41.755011,PAYMENT,2934.88,ONLINE,UK,0
TXN_0002979,ACC_000390,ACC_000346,2026-05-30 05:47:17.755011,PAYMENT,15555.59,ONLINE,Hong Kong,0
TXN_0002980,ACC_000898,ACC_000682,2026-07-11 19:13:53.755011,WITHDRAWAL,10298.7,ONLINE,USA,0
TXN_0002981,ACC_000181,ACC_000103,2026-05-01 05:31:01.755011,TRANSFER,11123.6,MOBILE,India,0
TXN_0002982,ACC_000405,ACC_000641,2026-07-18 02:17:50.755011,PAYMENT,37302.82,MOBILE,India,0
TXN_0002983,ACC_000138,ACC_000154,2026-05-09 21:20:29.755011,WITHDRAWAL,19516.01,BRANCH,USA,0
TXN_0002984,ACC_000606,ACC_000199,2026-08-14 07:39:36.755011,WITHDRAWAL,11458.29,MOBILE,Hong Kong,0
TXN_0002985,ACC_000068,ACC_000830,2026-08-08 01:18:20.755011,TRANSFER,1112.24,ATM,Hong Kong,0
TXN_0002986,ACC_000354,ACC_000132,2026-07-01 05:35:54.755011,DEPOSIT,2560.47,ONLINE,India,0
TXN_0002987,ACC_000122,ACC_000146,2026-06-03 13:38:50.755011,WITHDRAWAL,6993.59,ATM,Singapore,0
TXN_0002988,ACC_000335,ACC_000553,2026-06-22 04:51:23.755011,WITHDRAWAL,9063.83,BRANCH,UK,0
TXN_0002989,ACC_000218,ACC_000867,2026-04-01 18:29:27.755011,TRANSFER,2087.57,MOBILE,India,0
TXN_0002990,ACC_000160,ACC_000027,2026-08-05 15:15:48.755011,PAYMENT,146387.43,BRANCH,India,0
TXN_0002991,ACC_000629,ACC_000166,2026-05-16 17:18:27.755011,DEPOSIT,49994.73,ATM,UAE,0
TXN_0002992,ACC_000171,ACC_000614,2026-03-19 04:09:08.755011,TRANSFER,16689.62,BRANCH,Hong Kong,0
TXN_0002993,ACC_000442,ACC_000437,2026-03-24 00:57:43.755011,TRANSFER,8834.72,BRANCH,USA,0
TXN_0002994,ACC_000289,ACC_000544,2026-08-21 11:02:00.755011,TRANSFER,6281.41,MOBILE,UK,0
TXN_0002995,ACC_000163,ACC_000848,2026-08-22 05:52:52.755011,TRANSFER,2585.56,ATM,Hong Kong,0
TXN_0002996,ACC_000034,ACC_000256,2026-05-01 21:24:45.755011,TRANSFER,8892.62,ONLINE,India,0
TXN_0002997,ACC_000927,ACC_000416,2026-08-30 18:35:17.755011,DEPOSIT,11040.25,BRANCH,UK,0
TXN_0002998,ACC_000316,ACC_000638,2026-08-07 06:01:49.755011,TRANSFER,1826.01,MOBILE,Singapore,0
TXN_0002999,ACC_000357,ACC_000381,2026-08-05 14:36:26.755011,WITHDRAWAL,12100.62,BRANCH,USA,0
TXN_0003000,ACC_000492,ACC_000862,2026-04-25 06:08:51.755011,TRANSFER,6725.69,ATM,UK,0
TXN_0003001,ACC_000114,ACC_000046,2026-03-07 23:49:27.755011,TRANSFER,821.09,ONLINE,UAE,0
TXN_0003002,ACC_000028,ACC_000826,2026-04-16 16:48:17.755011,DEPOSIT,2885.74,ATM,India,0
TXN_0003003,ACC_000782,ACC_000966,2026-04-30 02:08:15.755011,TRANSFER,4932.86,BRANCH,USA,0
TXN_0003004,ACC_000558,ACC_000014,2026-03-15 17:43:54.755011,TRANSFER,78059.39,MOBILE,Singapore,0
TXN_0003005,ACC_000032,ACC_000890,2026-06-30 13:29:42.755011,TRANSFER,15801.56,MOBILE,Hong Kong,0
TXN_0003006,ACC_000201,ACC_000521,2026-03-23 20:35:16.755011,TRANSFER,1631.77,BRANCH,Singapore,0
TXN_0003007,ACC_000474,ACC_000730,2026-03-17 22:12:20.755011,PAYMENT,14519.44,MOBILE,India,0
TXN_0003008,ACC_000370,ACC_000994,2026-08-12 07:56:00.755011,WITHDRAWAL,22846.99,BRANCH,UK,1
TXN_0003009,ACC_000180,ACC_000117,2026-05-24 06:06:12.755011,PAYMENT,29709.71,ONLINE,India,0
TXN_0003010,ACC_000358,ACC_000545,2026-04-11 17:59:46.755011,WITHDRAWAL,4603.86,BRANCH,Singapore,0
TXN_0003011,ACC_000260,ACC_000509,2026-07-01 05:24:01.755011,TRANSFER,7241.88,ATM,India,0
TXN_0003012,ACC_000204,ACC_000688,2026-05-11 06:32:21.755011,PAYMENT,39773.49,BRANCH,USA,0
TXN_0003013,ACC_000962,ACC_000451,2026-09-02 00:04:07.755011,WITHDRAWAL,1729.18,BRANCH,Singapore,0
TXN_0003014,ACC_000081,ACC_000362,2026-04-05 09:04:46.755011,TRANSFER,1515.44,ATM,USA,0
TXN_0003015,ACC_000020,ACC_000033,2026-06-07 16:46:06.755011,TRANSFER,4022.59,MOBILE,Singapore,0
TXN_0003016,ACC_000319,ACC_000989,2026-03-26 21:54:18.755011,WITHDRAWAL,28171.18,ONLINE,India,0
TXN_0003017,ACC_000458,ACC_000603,2026-03-17 06:48:02.755011,DEPOSIT,1308.69,BRANCH,India,0
TXN_0003018,ACC_000021,ACC_000767,2026-03-14 17:09:33.755011,WITHDRAWAL,270.81,ATM,UAE,0
TXN_0003019,ACC_000070,ACC_000841,2026-06-22 15:45:36.755011,WITHDRAWAL,4715.5,ONLINE,UK,0
TXN_0003020,ACC_000068,ACC_000325,2026-07-22 21:20:52.755011,PAYMENT,15710.57,ONLINE,UK,0
TXN_0003021,ACC_000039,ACC_000828,2026-06-12 21:49:03.755011,WITHDRAWAL,34211.4,BRANCH,Singapore,0
TXN_0003022,ACC_000505,ACC_000655,2026-06-18 05:17:11.755011,PAYMENT,4648.07,ONLINE,USA,0
TXN_0003023,ACC_000702,ACC_000124,2026-05-31 17:03:40.755011,DEPOSIT,4945.77,BRANCH,UAE,0
TXN_0003024,ACC_000105,ACC_000421,2026-05-03 06:46:54.755011,DEPOSIT,32360.08,ONLINE,USA,0
TXN_0003025,ACC_000976,ACC_000051,2026-05-02 03:00:05.755011,DEPOSIT,859.46,BRANCH,UAE,0
TXN_0003026,ACC_000851,ACC_000179,2026-04-21 18:20:37.755011,WITHDRAWAL,5083.6,BRANCH,USA,0
TXN_0003027,ACC_000991,ACC_000528,2026-07-19 05:31:30.755011,WITHDRAWAL,10183.34,ONLINE,UAE,0
TXN_0003028,ACC_000069,ACC_000729,2026-03-10 07:24:54.755011,WITHDRAWAL,13891.92,ATM,Singapore,0
TXN_0003029,ACC_000143,ACC_000027,2026-07-13 16:25:01.755011,PAYMENT,4395.04,BRANCH,India,0
TXN_0003030,ACC_000926,ACC_000554,2026-08-13 15:42:03.755011,PAYMENT,8444.99,ONLINE,India,0
TXN_0003031,ACC_000163,ACC_000677,2026-08-17 18:33:51.755011,TRANSFER,409.12,MOBILE,India,0
TXN_0003032,ACC_000959,ACC_000559,2026-08-29 14:25:13.755011,TRANSFER,3677.92,ATM,UK,0
TXN_0003033,ACC_000630,ACC_000586,2026-07-31 06:39:34.755011,DEPOSIT,13963.62,ATM,India,0
TXN_0003034,ACC_000986,ACC_000023,2026-06-01 18:24:39.755011,WITHDRAWAL,2493.01,ONLINE,India,0
TXN_0003035,ACC_000312,ACC_000548,2026-05-23 22:34:28.755011,PAYMENT,160140.66,ATM,India,1
TXN_0003036,ACC_000905,ACC_000365,2026-08-25 09:00:57.755011,PAYMENT,13852.86,BRANCH,UAE,0
TXN_0003037,ACC_000553,ACC_000177,2026-03-09 16:50:40.755011,TRANSFER,5371.92,ONLINE,UK,0
TXN_0003038,ACC_000486,ACC_000328,2026-05-27 18:47:01.755011,DEPOSIT,9942.33,ONLINE,USA,0
TXN_0003039,ACC_000577,ACC_000088,2026-05-20 07:11:06.755011,WITHDRAWAL,2552.23,BRANCH,India,0
TXN_0003040,ACC_000087,ACC_000957,2026-07-15 04:07:19.755011,PAYMENT,6323.74,BRANCH,Hong Kong,0
TXN_0003041,ACC_000811,ACC_000170,2026-04-28 23:19:21.755011,DEPOSIT,16852.59,ATM,Singapore,0
TXN_0003042,ACC_000593,ACC_000966,2026-05-22 14:25:54.755011,DEPOSIT,9782.67,ONLINE,UK,0
TXN_0003043,ACC_000235,ACC_000731,2026-05-15 07:50:24.755011,TRANSFER,4008.46,MOBILE,India,0
TXN_0003044,ACC_000116,ACC_000364,2026-05-28 16:51:05.755011,DEPOSIT,10604.78,ONLINE,Singapore,0
TXN_0003045,ACC_000255,ACC_000182,2026-07-10 04:33:07.755011,DEPOSIT,19101.68,MOBILE,Hong Kong,0
TXN_0003046,ACC_000567,ACC_000572,2026-07-19 15:03:41.755011,PAYMENT,692.34,MOBILE,Hong Kong,0
TXN_0003047,ACC_000798,ACC_000954,2026-03-28 05:47:23.755011,DEPOSIT,32561.6,BRANCH,USA,0
TXN_0003048,ACC_000907,ACC_000620,2026-03-16 05:35:18.755011,DEPOSIT,5412.65,MOBILE,UAE,0
TXN_0003049,ACC_000255,ACC_000738,2026-06-21 15:21:27.755011,WITHDRAWAL,13501.93,BRANCH,India,0
TXN_0003050,ACC_000320,ACC_000156,2026-06-14 19:47:23.755011,TRANSFER,34087.85,BRANCH,India,0
TXN_0003051,ACC_000105,ACC_000396,2026-05-12 02:22:11.755011,PAYMENT,1562.42,ATM,UK,0
TXN_0003052,ACC_000846,ACC_000646,2026-04-23 16:17:27.755011,DEPOSIT,3458.78,MOBILE,UAE,0
TXN_0003053,ACC_000515,ACC_000991,2026-03-07 12:41:31.755011,PAYMENT,5731.55,MOBILE,UAE,0
TXN_0003054,ACC_000514,ACC_000234,2026-07-20 17:53:34.755011,TRANSFER,3163.69,BRANCH,USA,0
TXN_0003055,ACC_000771,ACC_000540,2026-05-23 04:48:15.755011,DEPOSIT,792362.25,ONLINE,Singapore,1
TXN_0003056,ACC_000065,ACC_000092,2026-08-16 05:14:58.755011,WITHDRAWAL,2898.28,ONLINE,USA,0
TXN_0003057,ACC_000775,ACC_000743,2026-03-29 09:27:34.755011,PAYMENT,57401.75,MOBILE,Hong Kong,1
TXN_0003058,ACC_000656,ACC_000835,2026-07-01 21:51:01.755011,PAYMENT,10355.44,ATM,Hong Kong,0
TXN_0003059,ACC_000219,ACC_000487,2026-04-21 15:18:52.755011,DEPOSIT,1914.9,ONLINE,UK,0
TXN_0003060,ACC_000045,ACC_000941,2026-04-24 17:46:13.755011,WITHDRAWAL,5040.11,MOBILE,UAE,0
TXN_0003061,ACC_000341,ACC_000799,2026-05-24 06:03:43.755011,TRANSFER,11860.2,ATM,UK,0
TXN_0003062,ACC_000769,ACC_000310,2026-04-30 12:36:28.755011,DEPOSIT,5434.74,ATM,UK,0
TXN_0003063,ACC_000440,ACC_000326,2026-03-26 08:49:46.755011,TRANSFER,7244.05,ATM,Hong Kong,0
TXN_0003064,ACC_000807,ACC_000581,2026-03-12 22:46:11.755011,DEPOSIT,4293.26,BRANCH,India,0
TXN_0003065,ACC_000496,ACC_000919,2026-07-29 05:18:21.755011,TRANSFER,1316.37,ATM,Hong Kong,0
TXN_0003066,ACC_000587,ACC_000772,2026-06-19 23:28:23.755011,TRANSFER,11919.27,ONLINE,Singapore,0
TXN_0003067,ACC_000149,ACC_000100,2026-06-22 11:39:04.755011,WITHDRAWAL,66564.03,ONLINE,Singapore,0
TXN_0003068,ACC_000869,ACC_000108,2026-06-15 20:21:16.755011,PAYMENT,8284.01,MOBILE,UAE,0
TXN_0003069,ACC_000642,ACC_000386,2026-05-23 01:41:13.755011,WITHDRAWAL,10618.12,BRANCH,UAE,0
TXN_0003070,ACC_000825,ACC_000938,2026-07-05 08:24:56.755011,PAYMENT,18606.52,BRANCH,Hong Kong,0
TXN_0003071,ACC_000320,ACC_000953,2026-05-31 23:15:22.755011,DEPOSIT,1766.58,MOBILE,Hong Kong,0
TXN_0003072,ACC_000336,ACC_000349,2026-03-24 23:54:05.755011,WITHDRAWAL,62505.98,MOBILE,Hong Kong,0
TXN_0003073,ACC_000629,ACC_000139,2026-03-31 13:31:06.755011,PAYMENT,10329.87,ONLINE,Hong Kong,0
TXN_0003074,ACC_000253,ACC_000714,2026-05-16 14:56:49.755011,DEPOSIT,57424.61,ONLINE,UK,0
TXN_0003075,ACC_000081,ACC_000433,2026-06-07 14:19:59.755011,TRANSFER,3362.23,ATM,UAE,0
TXN_0003076,ACC_000569,ACC_000827,2026-08-04 05:34:31.755011,DEPOSIT,71802.48,ATM,Singapore,0
TXN_0003077,ACC_001000,ACC_000727,2026-05-26 05:30:37.755011,PAYMENT,20541.17,ONLINE,UAE,0
TXN_0003078,ACC_000382,ACC_000614,2026-05-10 02:04:11.755011,TRANSFER,15735.08,BRANCH,Singapore,0
TXN_0003079,ACC_000609,ACC_000672,2026-03-12 06:32:37.755011,WITHDRAWAL,10730.33,ATM,UK,0
TXN_0003080,ACC_000257,ACC_000184,2026-06-28 03:47:02.755011,TRANSFER,6013.52,MOBILE,Singapore,0
TXN_0003081,ACC_000805,ACC_000925,2026-07-17 23:20:45.755011,DEPOSIT,615243.48,BRANCH,Singapore,1
TXN_0003082,ACC_000809,ACC_000447,2026-05-09 22:26:15.755011,WITHDRAWAL,9589.57,ATM,India,0
TXN_0003083,ACC_000323,ACC_000434,2026-05-06 19:15:19.755011,WITHDRAWAL,764.73,BRANCH,Singapore,0
TXN_0003084,ACC_000030,ACC_000585,2026-08-27 18:16:26.755011,DEPOSIT,2120.43,MOBILE,UK,0
TXN_0003085,ACC_000825,ACC_000624,2026-04-13 19:13:01.755011,TRANSFER,108393.6,BRANCH,USA,1
TXN_0003086,ACC_000379,ACC_000265,2026-08-06 08:33:02.755011,DEPOSIT,11754.59,BRANCH,USA,0
TXN_0003087,ACC_000789,ACC_000429,2026-04-12 06:06:38.755011,WITHDRAWAL,7571.1,MOBILE,India,0
TXN_0003088,ACC_000343,ACC_000619,2026-07-08 07:20:01.755011,WITHDRAWAL,34988.16,ATM,India,0
TXN_0003089,ACC_000436,ACC_000165,2026-07-16 14:04:01.755011,PAYMENT,779.52,ONLINE,USA,0
TXN_0003090,ACC_000987,ACC_000781,2026-04-11 14:49:05.755011,DEPOSIT,9626.79,BRANCH,Singapore,0
TXN_0003091,ACC_000319,ACC_000411,2026-06-07 11:51:07.755011,PAYMENT,914.54,MOBILE,UAE,0
TXN_0003092,ACC_000107,ACC_000081,2026-03-12 20:24:41.755011,PAYMENT,20164.01,MOBILE,Hong Kong,0
TXN_0003093,ACC_000996,ACC_000873,2026-03-25 09:14:31.755011,WITHDRAWAL,76598.82,BRANCH,India,1
TXN_0003094,ACC_000550,ACC_000016,2026-08-30 02:04:31.755011,TRANSFER,13407.0,BRANCH,UAE,0
TXN_0003095,ACC_000493,ACC_000729,2026-05-23 08:57:47.755011,DEPOSIT,2873.66,ATM,USA,0
TXN_0003096,ACC_000592,ACC_000610,2026-04-10 00:48:50.755011,WITHDRAWAL,37622.51,BRANCH,India,0
TXN_0003097,ACC_000457,ACC_000139,2026-04-29 12:16:59.755011,DEPOSIT,28284.51,MOBILE,USA,0
TXN_0003098,ACC_000078,ACC_000151,2026-05-28 23:40:50.755011,TRANSFER,16321.74,ATM,India,0
TXN_0003099,ACC_000235,ACC_000754,2026-04-25 05:54:07.755011,DEPOSIT,6936.69,MOBILE,USA,0
TXN_0003100,ACC_000603,ACC_000748,2026-07-20 16:42:40.755011,DEPOSIT,16249.68,ONLINE,Singapore,0
TXN_0003101,ACC_000651,ACC_000173,2026-08-13 11:54:48.755011,WITHDRAWAL,3469.37,MOBILE,UAE,0
TXN_0003102,ACC_000127,ACC_000688,2026-04-01 07:13:38.755011,PAYMENT,22621.74,MOBILE,UK,0
TXN_0003103,ACC_000973,ACC_000275,2026-07-31 13:37:49.755011,TRANSFER,58652.01,ONLINE,Hong Kong,0
TXN_0003104,ACC_000313,ACC_000669,2026-04-25 20:59:00.755011,WITHDRAWAL,29282.13,MOBILE,Hong Kong,0
TXN_0003105,ACC_000150,ACC_000891,2026-07-29 02:39:31.755011,PAYMENT,3376.1,ONLINE,India,0
TXN_0003106,ACC_000158,ACC_000958,2026-04-14 01:05:46.755011,DEPOSIT,12502.71,MOBILE,UAE,0
TXN_0003107,ACC_000749,ACC_000504,2026-07-28 11:19:58.755011,TRANSFER,1716.82,BRANCH,Singapore,0
TXN_0003108,ACC_000783,ACC_000212,2026-05-23 18:34:39.755011,PAYMENT,16104.73,MOBILE,Hong Kong,0
TXN_0003109,ACC_000171,ACC_000502,2026-07-29 14:16:53.755011,PAYMENT,13915.02,ONLINE,USA,0
TXN_0003110,ACC_000552,ACC_000389,2026-06-23 05:59:37.755011,PAYMENT,859.39,ONLINE,Singapore,0
TXN_0003111,ACC_000671,ACC_000556,2026-03-09 21:53:06.755011,TRANSFER,2009.94,ONLINE,UAE,0
TXN_0003112,ACC_000847,ACC_000043,2026-04-24 09:54:23.755011,WITHDRAWAL,5768.88,MOBILE,Hong Kong,0
TXN_0003113,ACC_000396,ACC_000624,2026-03-13 21:48:57.755011,PAYMENT,5647.5,MOBILE,Hong Kong,0
TXN_0003114,ACC_000149,ACC_000274,2026-08-15 13:58:38.755011,PAYMENT,1898.14,MOBILE,USA,0
TXN_0003115,ACC_000037,ACC_000879,2026-03-09 18:09:19.755011,TRANSFER,12923.14,ONLINE,Hong Kong,0
TXN_0003116,ACC_000486,ACC_000518,2026-06-01 00:09:53.755011,WITHDRAWAL,10957.38,ONLINE,Singapore,0
TXN_0003117,ACC_000286,ACC_000261,2026-04-09 21:50:07.755011,WITHDRAWAL,6418.1,MOBILE,UK,0
TXN_0003118,ACC_000846,ACC_000545,2026-03-17 20:21:38.755011,PAYMENT,3271.65,MOBILE,Hong Kong,0
TXN_0003119,ACC_000635,ACC_000223,2026-07-02 12:11:30.755011,DEPOSIT,28522.5,ONLINE,India,0
TXN_0003120,ACC_000774,ACC_000933,2026-07-11 20:33:25.755011,WITHDRAWAL,59070.6,ATM,Hong Kong,0
TXN_0003121,ACC_000550,ACC_000468,2026-04-05 00:33:04.755011,WITHDRAWAL,4535.66,BRANCH,UAE,0
TXN_0003122,ACC_000601,ACC_000541,2026-05-29 02:27:42.755011,PAYMENT,3887.03,ONLINE,UK,0
TXN_0003123,ACC_000720,ACC_000137,2026-05-07 12:46:41.755011,DEPOSIT,178511.73,ONLINE,UK,1
TXN_0003124,ACC_000141,ACC_000260,2026-07-17 16:53:34.755011,DEPOSIT,5273.05,ATM,India,0
TXN_0003125,ACC_000747,ACC_000613,2026-08-21 19:35:40.755011,DEPOSIT,6854.93,MOBILE,USA,0
TXN_0003126,ACC_000209,ACC_000852,2026-08-30 02:38:26.755011,PAYMENT,19684.44,BRANCH,USA,0
TXN_0003127,ACC_000582,ACC_000812,2026-04-22 17:29:51.755011,TRANSFER,819.56,ATM,India,0
TXN_0003128,ACC_000031,ACC_000402,2026-07-13 12:43:45.755011,PAYMENT,522106.63,ATM,USA,1
TXN_0003129,ACC_000947,ACC_000051,2026-06-15 09:41:35.755011,PAYMENT,8841.54,ATM,USA,0
TXN_0003130,ACC_000120,ACC_000016,2026-08-12 22:55:36.755011,PAYMENT,4945.38,ATM,USA,0
TXN_0003131,ACC_000065,ACC_000709,2026-03-10 14:57:02.755011,DEPOSIT,7280.24,BRANCH,Singapore,0
TXN_0003132,ACC_000932,ACC_000031,2026-03-16 06:15:01.755011,DEPOSIT,7745.87,BRANCH,India,0
TXN_0003133,ACC_000838,ACC_000303,2026-03-23 16:44:58.755011,PAYMENT,1014.91,MOBILE,Singapore,0
TXN_0003134,ACC_000064,ACC_000940,2026-05-02 12:49:46.755011,PAYMENT,48723.95,MOBILE,UK,0
TXN_0003135,ACC_000967,ACC_000088,2026-07-09 23:04:59.755011,TRANSFER,8515.05,BRANCH,UK,0
TXN_0003136,ACC_000785,ACC_000877,2026-07-31 07:21:21.755011,PAYMENT,13788.67,ATM,UK,0
TXN_0003137,ACC_000603,ACC_000324,2026-08-22 16:35:49.755011,TRANSFER,25383.63,ONLINE,India,0
TXN_0003138,ACC_000018,ACC_000469,2026-08-04 13:58:28.755011,DEPOSIT,2379.4,ATM,India,0
TXN_0003139,ACC_000286,ACC_000967,2026-08-12 19:58:19.755011,WITHDRAWAL,14302.17,BRANCH,Singapore,0
TXN_0003140,ACC_000021,ACC_000925,2026-05-10 19:33:46.755011,TRANSFER,5877.17,BRANCH,Singapore,0
TXN_0003141,ACC_000276,ACC_000095,2026-07-15 06:15:27.755011,TRANSFER,242849.9,ONLINE,Hong Kong,1
TXN_0003142,ACC_000307,ACC_000889,2026-05-18 11:55:49.755011,TRANSFER,631.01,ONLINE,Hong Kong,0
TXN_0003143,ACC_000289,ACC_000002,2026-04-20 02:42:53.755011,DEPOSIT,7194.61,MOBILE,India,0
TXN_0003144,ACC_000945,ACC_000939,2026-08-13 06:59:30.755011,WITHDRAWAL,3930.87,BRANCH,India,0
TXN_0003145,ACC_000377,ACC_000792,2026-03-10 09:12:15.755011,PAYMENT,13612.12,BRANCH,Singapore,0
TXN_0003146,ACC_000568,ACC_000145,2026-05-03 14:10:07.755011,DEPOSIT,14243.46,BRANCH,USA,0
TXN_0003147,ACC_000804,ACC_000016,2026-06-04 14:42:55.755011,PAYMENT,3466.32,BRANCH,UAE,0
TXN_0003148,ACC_000651,ACC_000580,2026-08-28 18:42:21.755011,TRANSFER,3447.45,BRANCH,UAE,0
TXN_0003149,ACC_000801,ACC_000630,2026-07-13 16:50:04.755011,TRANSFER,103682.11,MOBILE,India,1
TXN_0003150,ACC_000440,ACC_000185,2026-06-30 07:02:18.755011,WITHDRAWAL,2762.88,BRANCH,India,0
TXN_0003151,ACC_000387,ACC_000024,2026-08-28 14:26:48.755011,PAYMENT,22256.3,ATM,India,0
TXN_0003152,ACC_000442,ACC_000903,2026-04-02 05:31:26.755011,WITHDRAWAL,5202.8,BRANCH,Hong Kong,0
TXN_0003153,ACC_000851,ACC_000894,2026-06-24 00:32:13.755011,PAYMENT,247.55,BRANCH,India,0
TXN_0003154,ACC_000567,ACC_000876,2026-03-22 17:40:16.755011,TRANSFER,5167.86,MOBILE,USA,0
TXN_0003155,ACC_000473,ACC_000370,2026-08-06 16:38:03.755011,WITHDRAWAL,2330.29,MOBILE,India,0
TXN_0003156,ACC_000298,ACC_000724,2026-06-04 04:29:06.755011,TRANSFER,1144.21,ATM,Singapore,0
TXN_0003157,ACC_000190,ACC_000803,2026-07-02 09:11:22.755011,TRANSFER,1835.53,ONLINE,UAE,0
TXN_0003158,ACC_000661,ACC_000565,2026-08-16 13:28:31.755011,PAYMENT,9239.94,MOBILE,India,0
TXN_0003159,ACC_000413,ACC_000963,2026-06-30 11:02:25.755011,PAYMENT,39909.47,BRANCH,UK,0
TXN_0003160,ACC_000618,ACC_000966,2026-04-03 19:47:44.755011,DEPOSIT,11799.61,MOBILE,UAE,0
TXN_0003161,ACC_000055,ACC_000831,2026-06-02 16:53:04.755011,WITHDRAWAL,3913.53,MOBILE,UK,0
TXN_0003162,ACC_000844,ACC_000567,2026-03-27 21:31:35.755011,WITHDRAWAL,14003.81,MOBILE,UK,0
TXN_0003163,ACC_000047,ACC_000327,2026-08-16 14:30:47.755011,DEPOSIT,4670.83,ATM,India,0
TXN_0003164,ACC_000130,ACC_000865,2026-04-03 22:41:51.755011,WITHDRAWAL,3520.93,BRANCH,India,0
TXN_0003165,ACC_000961,ACC_000752,2026-03-10 23:15:58.755011,TRANSFER,2027.92,ONLINE,Hong Kong,0
TXN_0003166,ACC_000722,ACC_000921,2026-09-03 03:29:33.755011,WITHDRAWAL,990.1,BRANCH,UK,0
TXN_0003167,ACC_000848,ACC_000140,2026-06-04 15:51:23.755011,WITHDRAWAL,38444.3,BRANCH,USA,1
TXN_0003168,ACC_000574,ACC_000626,2026-09-02 00:28:13.755011,WITHDRAWAL,9795.36,MOBILE,India,0
TXN_0003169,ACC_000533,ACC_000668,2026-06-09 17:34:07.755011,PAYMENT,7215.97,ATM,Hong Kong,0
TXN_0003170,ACC_000247,ACC_000093,2026-06-03 08:28:22.755011,PAYMENT,4918.9,BRANCH,India,0
TXN_0003171,ACC_000947,ACC_000954,2026-06-20 18:08:12.755011,WITHDRAWAL,2604.78,ONLINE,Singapore,0
TXN_0003172,ACC_000360,ACC_000966,2026-08-07 03:31:16.755011,TRANSFER,16812.79,ONLINE,India,0
TXN_0003173,ACC_000626,ACC_000183,2026-03-07 15:52:20.755011,DEPOSIT,1668.1,ONLINE,Hong Kong,0
TXN_0003174,ACC_000438,ACC_000083,2026-04-12 13:35:16.755011,TRANSFER,20562.69,MOBILE,USA,0
TXN_0003175,ACC_000813,ACC_000452,2026-08-21 21:12:37.755011,TRANSFER,2434.12,ATM,USA,0
TXN_0003176,ACC_000073,ACC_000830,2026-06-05 05:55:04.755011,DEPOSIT,3284.85,MOBILE,Hong Kong,0
TXN_0003177,ACC_000263,ACC_000928,2026-06-09 10:04:31.755011,TRANSFER,1393.9,MOBILE,UAE,0
TXN_0003178,ACC_000301,ACC_000233,2026-07-21 05:15:34.755011,PAYMENT,4439.59,BRANCH,Singapore,0
TXN_0003179,ACC_000219,ACC_000886,2026-06-26 17:51:31.755011,DEPOSIT,26117.87,MOBILE,USA,0
TXN_0003180,ACC_000980,ACC_000484,2026-04-30 15:27:34.755011,TRANSFER,15044.29,BRANCH,Hong Kong,0
TXN_0003181,ACC_000813,ACC_000739,2026-07-06 17:01:53.755011,PAYMENT,26215.51,BRANCH,USA,0
TXN_0003182,ACC_000552,ACC_000085,2026-08-11 22:19:53.755011,PAYMENT,15162.36,ONLINE,India,0
TXN_0003183,ACC_000158,ACC_000361,2026-03-16 06:41:23.755011,DEPOSIT,2155.11,ATM,Hong Kong,0
TXN_0003184,ACC_000914,ACC_000304,2026-06-06 09:23:53.755011,PAYMENT,5448.27,MOBILE,Singapore,0
TXN_0003185,ACC_000903,ACC_000844,2026-08-02 19:18:53.755011,PAYMENT,3177.22,MOBILE,USA,0
TXN_0003186,ACC_000416,ACC_000883,2026-03-19 04:55:42.755011,WITHDRAWAL,40002.21,BRANCH,India,0
TXN_0003187,ACC_000199,ACC_000603,2026-06-02 10:00:47.755011,PAYMENT,1927.26,MOBILE,UK,0
TXN_0003188,ACC_000200,ACC_000561,2026-06-13 05:00:44.755011,WITHDRAWAL,23681.21,ATM,UK,0
TXN_0003189,ACC_000944,ACC_000817,2026-05-20 18:15:15.755011,WITHDRAWAL,23660.08,BRANCH,USA,0
TXN_0003190,ACC_000343,ACC_000055,2026-05-10 16:57:25.755011,DEPOSIT,72805.32,BRANCH,UK,0
TXN_0003191,ACC_000369,ACC_000460,2026-05-22 20:48:42.755011,WITHDRAWAL,4956.11,MOBILE,India,0
TXN_0003192,ACC_000164,ACC_000211,2026-05-23 13:33:12.755011,PAYMENT,19049.32,ONLINE,UAE,0
TXN_0003193,ACC_000924,ACC_000785,2026-05-11 04:24:47.755011,WITHDRAWAL,125239.38,ONLINE,India,0
TXN_0003194,ACC_000317,ACC_000749,2026-07-21 08:34:11.755011,TRANSFER,3861.57,ONLINE,USA,0
TXN_0003195,ACC_000103,ACC_000474,2026-03-23 15:27:35.755011,DEPOSIT,1284.28,ONLINE,UAE,0
TXN_0003196,ACC_000825,ACC_000303,2026-03-11 04:05:19.755011,DEPOSIT,6057.07,BRANCH,India,1
TXN_0003197,ACC_000173,ACC_000650,2026-04-10 20:39:35.755011,TRANSFER,19058.23,BRANCH,Hong Kong,0
TXN_0003198,ACC_000240,ACC_000323,2026-09-01 23:42:02.755011,WITHDRAWAL,845.75,ONLINE,Hong Kong,0
TXN_0003199,ACC_000915,ACC_000085,2026-03-07 14:07:17.755011,PAYMENT,5183.4,ATM,Singapore,0
TXN_0003200,ACC_000813,ACC_000922,2026-08-06 21:08:52.755011,WITHDRAWAL,13694.86,ONLINE,India,0
TXN_0003201,ACC_000778,ACC_000832,2026-05-27 13:37:32.755011,TRANSFER,10119.41,ONLINE,UK,0
TXN_0003202,ACC_000884,ACC_000737,2026-04-18 03:11:42.755011,PAYMENT,13501.2,MOBILE,Hong Kong,0
TXN_0003203,ACC_000266,ACC_000451,2026-06-29 16:18:19.755011,WITHDRAWAL,10580.29,ONLINE,Singapore,0
TXN_0003204,ACC_000505,ACC_000103,2026-08-16 13:19:32.755011,DEPOSIT,37595.47,ATM,USA,0
TXN_0003205,ACC_000051,ACC_000954,2026-06-22 09:44:52.755011,WITHDRAWAL,2584.33,MOBILE,Hong Kong,0
TXN_0003206,ACC_000683,ACC_000770,2026-04-21 05:45:51.755011,TRANSFER,3596.1,ONLINE,India,0
TXN_0003207,ACC_000637,ACC_000222,2026-05-02 08:33:00.755011,WITHDRAWAL,62072.75,ONLINE,USA,1
TXN_0003208,ACC_000122,ACC_000004,2026-06-27 21:19:34.755011,WITHDRAWAL,21943.59,MOBILE,USA,0
TXN_0003209,ACC_000220,ACC_000439,2026-08-25 00:12:20.755011,TRANSFER,23872.4,MOBILE,India,0
TXN_0003210,ACC_000642,ACC_000629,2026-05-04 16:41:23.755011,TRANSFER,13925.41,ATM,Hong Kong,0
TXN_0003211,ACC_000632,ACC_000914,2026-07-04 22:56:28.755011,PAYMENT,33529.88,MOBILE,UK,0
TXN_0003212,ACC_000932,ACC_000383,2026-04-23 18:29:41.755011,WITHDRAWAL,1971.11,ATM,India,0
TXN_0003213,ACC_000035,ACC_000061,2026-03-21 04:23:58.755011,DEPOSIT,59914.21,BRANCH,UAE,0
TXN_0003214,ACC_000660,ACC_000020,2026-03-09 23:54:04.755011,DEPOSIT,50407.05,BRANCH,UAE,0
TXN_0003215,ACC_000397,ACC_000735,2026-06-21 15:03:48.755011,DEPOSIT,19589.45,BRANCH,UK,0
TXN_0003216,ACC_000917,ACC_000248,2026-07-20 12:07:57.755011,DEPOSIT,68744.96,MOBILE,Hong Kong,0
TXN_0003217,ACC_000912,ACC_000980,2026-07-24 14:57:11.755011,PAYMENT,1109.93,ATM,UAE,0
TXN_0003218,ACC_000595,ACC_000716,2026-05-06 00:40:56.755011,WITHDRAWAL,4318.49,ATM,India,0
TXN_0003219,ACC_000470,ACC_000387,2026-06-10 18:16:35.755011,PAYMENT,3353.08,MOBILE,UK,0
TXN_0003220,ACC_000649,ACC_000357,2026-04-07 15:54:56.755011,TRANSFER,19259.8,ONLINE,Singapore,0
TXN_0003221,ACC_000321,ACC_000262,2026-05-20 03:36:39.755011,PAYMENT,2298.08,BRANCH,USA,0
TXN_0003222,ACC_000551,ACC_000261,2026-06-04 15:57:04.755011,PAYMENT,20110.44,ONLINE,Hong Kong,0
TXN_0003223,ACC_000720,ACC_000798,2026-06-26 15:59:04.755011,PAYMENT,41967.19,ATM,USA,0
TXN_0003224,ACC_000098,ACC_000072,2026-08-20 16:23:41.755011,TRANSFER,18661.98,ONLINE,UAE,0
TXN_0003225,ACC_000914,ACC_000432,2026-08-28 06:14:07.755011,TRANSFER,11390.12,MOBILE,USA,0
TXN_0003226,ACC_000983,ACC_000554,2026-08-02 21:00:49.755011,DEPOSIT,2476.38,MOBILE,USA,0
TXN_0003227,ACC_000925,ACC_000120,2026-08-26 14:00:30.755011,TRANSFER,2932.99,BRANCH,Singapore,0
TXN_0003228,ACC_000140,ACC_000632,2026-08-08 18:05:43.755011,TRANSFER,36298.9,MOBILE,Hong Kong,0
TXN_0003229,ACC_000934,ACC_000468,2026-09-02 19:03:07.755011,WITHDRAWAL,20644.8,BRANCH,UK,0
TXN_0003230,ACC_000191,ACC_000090,2026-08-21 14:15:44.755011,PAYMENT,7732.42,BRANCH,UK,0
TXN_0003231,ACC_000237,ACC_000977,2026-03-16 11:27:14.755011,PAYMENT,4907.44,BRANCH,Hong Kong,0
TXN_0003232,ACC_000817,ACC_000009,2026-04-11 06:08:09.755011,PAYMENT,712.68,BRANCH,UK,0
TXN_0003233,ACC_000080,ACC_000262,2026-04-12 16:25:30.755011,DEPOSIT,2241.67,BRANCH,India,0
TXN_0003234,ACC_000002,ACC_000930,2026-03-31 22:40:42.755011,DEPOSIT,80314.3,ONLINE,India,0
TXN_0003235,ACC_000166,ACC_000232,2026-08-17 22:24:53.755011,TRANSFER,1743.16,ATM,USA,0
TXN_0003236,ACC_000102,ACC_000663,2026-04-09 03:11:13.755011,PAYMENT,10171.81,ONLINE,UK,0
TXN_0003237,ACC_000805,ACC_000128,2026-06-17 07:07:36.755011,DEPOSIT,27144.58,ONLINE,Hong Kong,0
TXN_0003238,ACC_000445,ACC_000109,2026-03-25 19:19:23.755011,TRANSFER,1797.39,BRANCH,USA,0
TXN_0003239,ACC_000564,ACC_000564,2026-05-10 23:47:45.755011,TRANSFER,10113.76,MOBILE,UAE,0
TXN_0003240,ACC_000997,ACC_000482,2026-07-19 11:58:16.755011,PAYMENT,24971.7,ONLINE,Singapore,0
TXN_0003241,ACC_000726,ACC_000052,2026-03-16 02:16:37.755011,WITHDRAWAL,8225.54,ATM,Singapore,0
TXN_0003242,ACC_000717,ACC_000619,2026-08-11 10:01:25.755011,PAYMENT,253237.65,ONLINE,UAE,0
TXN_0003243,ACC_000521,ACC_000931,2026-07-03 15:38:13.755011,DEPOSIT,20939.87,ATM,UAE,1
TXN_0003244,ACC_000319,ACC_000888,2026-08-25 17:49:35.755011,TRANSFER,28867.57,ONLINE,UAE,0
TXN_0003245,ACC_000773,ACC_000489,2026-07-25 17:38:18.755011,PAYMENT,6585.58,ONLINE,India,0
TXN_0003246,ACC_000630,ACC_000302,2026-04-17 23:14:46.755011,PAYMENT,20461.58,ATM,USA,0
TXN_0003247,ACC_000061,ACC_000259,2026-04-06 15:42:52.755011,TRANSFER,13760.65,MOBILE,UK,0
TXN_0003248,ACC_000671,ACC_000217,2026-04-30 14:12:47.755011,PAYMENT,3361.74,ONLINE,India,0
TXN_0003249,ACC_000592,ACC_000617,2026-05-16 08:21:17.755011,PAYMENT,10665.78,ONLINE,Hong Kong,0
TXN_0003250,ACC_000753,ACC_000014,2026-07-07 06:32:06.755011,PAYMENT,871.76,ONLINE,Hong Kong,0
TXN_0003251,ACC_000284,ACC_000960,2026-03-17 07:24:25.755011,PAYMENT,16712.25,ATM,USA,0
TXN_0003252,ACC_000510,ACC_000368,2026-05-31 16:32:44.755011,PAYMENT,11588.75,ONLINE,USA,0
TXN_0003253,ACC_000043,ACC_000921,2026-04-14 03:01:36.755011,PAYMENT,17437.74,ONLINE,Singapore,0
TXN_0003254,ACC_000417,ACC_000260,2026-03-16 14:17:25.755011,DEPOSIT,28846.44,ATM,India,0
TXN_0003255,ACC_000059,ACC_000353,2026-08-14 15:18:16.755011,PAYMENT,12596.12,BRANCH,Singapore,0
TXN_0003256,ACC_000925,ACC_000599,2026-05-23 17:21:52.755011,TRANSFER,9678.94,ATM,USA,0
TXN_0003257,ACC_000024,ACC_000668,2026-07-18 05:46:14.755011,PAYMENT,2815.0,ONLINE,Singapore,0
TXN_0003258,ACC_000703,ACC_000761,2026-08-12 07:44:08.755011,TRANSFER,3447.26,BRANCH,UK,0
TXN_0003259,ACC_000042,ACC_000882,2026-07-03 13:07:46.755011,PAYMENT,33660.54,ATM,India,0
TXN_0003260,ACC_000270,ACC_000254,2026-03-13 03:02:30.755011,WITHDRAWAL,45415.22,ONLINE,UAE,0
TXN_0003261,ACC_000155,ACC_000582,2026-04-07 23:00:36.755011,TRANSFER,6089.17,ATM,India,0
TXN_0003262,ACC_000514,ACC_000058,2026-03-10 04:18:00.755011,WITHDRAWAL,8562.98,BRANCH,UAE,0
TXN_0003263,ACC_000428,ACC_000862,2026-08-17 19:32:53.755011,DEPOSIT,2736.58,BRANCH,India,0
TXN_0003264,ACC_000404,ACC_000953,2026-07-21 11:18:53.755011,PAYMENT,33100.65,ONLINE,UAE,0
TXN_0003265,ACC_000371,ACC_000371,2026-05-22 21:56:36.755011,TRANSFER,18006.72,MOBILE,UAE,0
TXN_0003266,ACC_000803,ACC_000261,2026-08-02 15:14:32.755011,WITHDRAWAL,83238.14,ONLINE,Singapore,0
TXN_0003267,ACC_000702,ACC_000314,2026-05-22 11:41:24.755011,PAYMENT,55625.66,ATM,UAE,1
TXN_0003268,ACC_000310,ACC_000663,2026-03-09 02:52:24.755011,DEPOSIT,5148.14,ATM,Singapore,0
TXN_0003269,ACC_000173,ACC_000395,2026-08-18 20:06:42.755011,PAYMENT,10697.18,BRANCH,India,0
TXN_0003270,ACC_000262,ACC_000222,2026-04-04 23:30:01.755011,DEPOSIT,17602.35,ATM,Hong Kong,0
TXN_0003271,ACC_000569,ACC_000713,2026-07-12 13:29:52.755011,WITHDRAWAL,6255.39,MOBILE,Hong Kong,0
TXN_0003272,ACC_000528,ACC_000871,2026-07-17 08:17:24.755011,TRANSFER,2842.52,BRANCH,UAE,0
TXN_0003273,ACC_000638,ACC_000953,2026-07-05 09:46:45.755011,DEPOSIT,151004.49,ATM,Hong Kong,1
TXN_0003274,ACC_000930,ACC_000841,2026-05-06 21:05:09.755011,TRANSFER,19251.85,BRANCH,UK,0
TXN_0003275,ACC_000347,ACC_000825,2026-06-24 03:30:34.755011,PAYMENT,2698.55,ATM,Hong Kong,0
TXN_0003276,ACC_000998,ACC_000981,2026-05-01 04:03:55.755011,PAYMENT,791658.43,MOBILE,Hong Kong,1
TXN_0003277,ACC_000242,ACC_000231,2026-06-18 16:39:42.755011,PAYMENT,32999.2,MOBILE,USA,0
TXN_0003278,ACC_000829,ACC_000707,2026-03-14 04:57:59.755011,PAYMENT,9520.05,ONLINE,India,0
TXN_0003279,ACC_000869,ACC_000685,2026-05-17 12:03:01.755011,DEPOSIT,8915.24,BRANCH,India,0
TXN_0003280,ACC_000274,ACC_000379,2026-07-25 00:47:37.755011,DEPOSIT,15754.31,BRANCH,Hong Kong,0
TXN_0003281,ACC_000512,ACC_000339,2026-04-28 14:41:11.755011,DEPOSIT,2881.18,BRANCH,UAE,0
TXN_0003282,ACC_000817,ACC_000275,2026-07-25 09:06:28.755011,WITHDRAWAL,8400.43,ATM,UK,0
TXN_0003283,ACC_000484,ACC_000878,2026-05-31 05:43:51.755011,WITHDRAWAL,6465.84,BRANCH,Singapore,1
TXN_0003284,ACC_000796,ACC_000515,2026-06-30 22:20:57.755011,DEPOSIT,23196.27,ONLINE,Singapore,0
TXN_0003285,ACC_000130,ACC_000081,2026-04-30 21:39:05.755011,PAYMENT,1244.15,MOBILE,UK,0
TXN_0003286,ACC_000715,ACC_000931,2026-06-19 10:38:23.755011,TRANSFER,49222.39,MOBILE,UAE,0
TXN_0003287,ACC_000521,ACC_000090,2026-05-05 22:47:03.755011,WITHDRAWAL,5452.64,ATM,Singapore,0
TXN_0003288,ACC_000806,ACC_000963,2026-05-09 04:49:51.755011,WITHDRAWAL,6285.49,BRANCH,Singapore,0
TXN_0003289,ACC_000187,ACC_000116,2026-06-02 04:47:30.755011,PAYMENT,3815.09,ONLINE,Singapore,0
TXN_0003290,ACC_000140,ACC_000246,2026-04-30 02:12:08.755011,WITHDRAWAL,5735.06,ONLINE,UK,0
TXN_0003291,ACC_000956,ACC_000834,2026-03-31 06:10:08.755011,WITHDRAWAL,44455.22,ONLINE,Hong Kong,0
TXN_0003292,ACC_000201,ACC_000254,2026-07-11 19:24:41.755011,PAYMENT,5390.14,BRANCH,India,1
TXN_0003293,ACC_000908,ACC_000317,2026-05-07 23:11:01.755011,PAYMENT,37509.84,ONLINE,Singapore,0
TXN_0003294,ACC_000674,ACC_000789,2026-04-19 04:24:59.755011,DEPOSIT,12156.61,ATM,India,0
TXN_0003295,ACC_000031,ACC_000547,2026-07-17 15:14:33.755011,TRANSFER,35323.9,BRANCH,UAE,1
TXN_0003296,ACC_000172,ACC_000146,2026-09-02 01:26:59.755011,TRANSFER,2229.71,ONLINE,UK,0
TXN_0003297,ACC_000095,ACC_000939,2026-06-02 04:33:29.755011,WITHDRAWAL,60577.06,MOBILE,USA,0
TXN_0003298,ACC_000993,ACC_000674,2026-08-12 20:16:32.755011,WITHDRAWAL,2605.53,ATM,Singapore,0
TXN_0003299,ACC_000817,ACC_000472,2026-06-13 14:49:38.755011,WITHDRAWAL,2030.38,MOBILE,Hong Kong,0
TXN_0003300,ACC_000511,ACC_000050,2026-07-17 06:07:20.755011,TRANSFER,31722.37,BRANCH,USA,0
TXN_0003301,ACC_000891,ACC_000664,2026-04-08 05:31:35.755011,TRANSFER,12164.33,BRANCH,UK,0
TXN_0003302,ACC_000152,ACC_000228,2026-08-13 18:13:38.755011,DEPOSIT,2629.34,BRANCH,Singapore,0
TXN_0003303,ACC_000410,ACC_000699,2026-05-29 22:55:10.755011,WITHDRAWAL,10508.61,BRANCH,USA,0
TXN_0003304,ACC_000115,ACC_000286,2026-03-08 02:57:43.755011,TRANSFER,2366.33,ONLINE,Hong Kong,0
TXN_0003305,ACC_000157,ACC_000834,2026-08-12 18:37:26.755011,DEPOSIT,30363.17,ONLINE,India,0
TXN_0003306,ACC_000334,ACC_000665,2026-05-17 19:42:31.755011,TRANSFER,28959.26,ONLINE,India,0
TXN_0003307,ACC_000877,ACC_000699,2026-06-09 09:58:22.755011,PAYMENT,15342.89,ATM,India,0
TXN_0003308,ACC_000475,ACC_000679,2026-05-08 13:24:54.755011,PAYMENT,12506.37,ONLINE,Singapore,0
TXN_0003309,ACC_000233,ACC_000991,2026-05-04 22:25:53.755011,TRANSFER,67065.55,ATM,Singapore,0
TXN_0003310,ACC_000711,ACC_000089,2026-07-07 07:40:15.755011,DEPOSIT,8100.03,ATM,India,0
TXN_0003311,ACC_000388,ACC_000638,2026-04-14 22:22:40.755011,WITHDRAWAL,1962.06,MOBILE,Hong Kong,0
TXN_0003312,ACC_000401,ACC_000181,2026-08-05 01:29:21.755011,TRANSFER,13896.17,ATM,UAE,0
TXN_0003313,ACC_000497,ACC_000803,2026-08-20 16:05:09.755011,PAYMENT,99037.76,MOBILE,USA,0
TXN_0003314,ACC_000361,ACC_000848,2026-07-04 22:55:31.755011,PAYMENT,2397.76,ATM,USA,0
TXN_0003315,ACC_000710,ACC_000790,2026-07-09 17:24:47.755011,DEPOSIT,5251.37,ATM,Hong Kong,0
TXN_0003316,ACC_000535,ACC_000618,2026-08-27 23:40:12.755011,PAYMENT,13356.19,ONLINE,UK,0
TXN_0003317,ACC_000708,ACC_000711,2026-06-07 10:36:27.755011,PAYMENT,7595.52,MOBILE,USA,0
TXN_0003318,ACC_000438,ACC_000090,2026-05-28 15:28:20.755011,WITHDRAWAL,2492.98,ONLINE,Singapore,0
TXN_0003319,ACC_000051,ACC_000565,2026-08-30 15:52:24.755011,DEPOSIT,31139.41,ONLINE,UAE,0
TXN_0003320,ACC_000510,ACC_000807,2026-07-03 08:32:35.755011,TRANSFER,131143.69,ATM,USA,0
TXN_0003321,ACC_000015,ACC_000504,2026-03-26 14:55:44.755011,TRANSFER,10253.33,ATM,Singapore,0
TXN_0003322,ACC_000866,ACC_000976,2026-07-10 16:06:24.755011,PAYMENT,2738.37,ATM,Hong Kong,0
TXN_0003323,ACC_000505,ACC_000683,2026-08-21 06:27:46.755011,DEPOSIT,1263.0,MOBILE,UAE,0
TXN_0003324,ACC_000413,ACC_000490,2026-08-05 19:07:47.755011,PAYMENT,11043.21,MOBILE,Singapore,0
TXN_0003325,ACC_000149,ACC_000215,2026-04-01 21:42:32.755011,PAYMENT,30474.72,ATM,USA,0
TXN_0003326,ACC_000018,ACC_000650,2026-09-02 00:56:15.755011,TRANSFER,224730.02,MOBILE,UK,1
TXN_0003327,ACC_000687,ACC_000879,2026-05-13 16:03:49.755011,PAYMENT,108294.34,ATM,USA,1
TXN_0003328,ACC_000415,ACC_000059,2026-05-15 03:38:06.755011,DEPOSIT,3995.3,ATM,UAE,0
TXN_0003329,ACC_000672,ACC_000051,2026-05-12 00:06:50.755011,DEPOSIT,17843.18,ATM,Hong Kong,1
TXN_0003330,ACC_000886,ACC_000818,2026-06-08 10:24:29.755011,PAYMENT,22063.98,ONLINE,Hong Kong,0
TXN_0003331,ACC_000279,ACC_000407,2026-03-18 05:22:36.755011,DEPOSIT,24258.59,MOBILE,India,0
TXN_0003332,ACC_000498,ACC_000686,2026-03-08 16:30:45.755011,WITHDRAWAL,1267.91,ATM,UAE,0
TXN_0003333,ACC_000125,ACC_000669,2026-08-04 09:39:58.755011,WITHDRAWAL,54600.96,ATM,India,0
TXN_0003334,ACC_000226,ACC_000794,2026-03-21 09:24:40.755011,DEPOSIT,16137.25,ATM,Singapore,0
TXN_0003335,ACC_000804,ACC_000294,2026-06-14 05:53:23.755011,DEPOSIT,43456.41,ATM,UAE,0
TXN_0003336,ACC_000673,ACC_000375,2026-06-07 09:53:09.755011,DEPOSIT,1618.81,ONLINE,UK,0
TXN_0003337,ACC_000488,ACC_000047,2026-08-08 00:16:25.755011,WITHDRAWAL,1573.43,MOBILE,UK,0
TXN_0003338,ACC_000179,ACC_000960,2026-08-09 16:01:01.755011,TRANSFER,6776.64,MOBILE,India,0
TXN_0003339,ACC_000275,ACC_000074,2026-07-25 08:18:20.755011,TRANSFER,14814.2,MOBILE,UK,0
TXN_0003340,ACC_000584,ACC_000956,2026-03-10 17:53:04.755011,TRANSFER,69956.79,BRANCH,UAE,0
TXN_0003341,ACC_000561,ACC_000509,2026-06-30 05:02:49.755011,WITHDRAWAL,185585.08,ATM,India,1
TXN_0003342,ACC_000831,ACC_000141,2026-03-07 13:33:09.755011,TRANSFER,6055.86,MOBILE,USA,0
TXN_0003343,ACC_000683,ACC_000016,2026-04-07 04:48:13.755011,TRANSFER,2364.58,BRANCH,India,0
TXN_0003344,ACC_000092,ACC_000154,2026-07-13 22:31:21.755011,WITHDRAWAL,35454.33,ONLINE,USA,0
TXN_0003345,ACC_000734,ACC_000441,2026-07-31 11:11:23.755011,DEPOSIT,2546.19,BRANCH,UAE,0
TXN_0003346,ACC_000416,ACC_000038,2026-06-03 14:26:04.755011,DEPOSIT,57191.6,ATM,India,0
TXN_0003347,ACC_000915,ACC_000496,2026-06-10 17:13:06.755011,PAYMENT,5760.26,ONLINE,UAE,0
TXN_0003348,ACC_000668,ACC_000399,2026-04-12 10:59:56.755011,TRANSFER,381333.05,BRANCH,UK,1
TXN_0003349,ACC_000548,ACC_000637,2026-06-18 11:01:07.755011,DEPOSIT,18301.12,BRANCH,UK,0
TXN_0003350,ACC_000959,ACC_000213,2026-07-09 05:36:10.755011,WITHDRAWAL,6874.71,ATM,India,0
TXN_0003351,ACC_000789,ACC_000392,2026-07-07 18:56:35.755011,WITHDRAWAL,4344.75,MOBILE,USA,0
TXN_0003352,ACC_000689,ACC_000743,2026-06-14 23:29:17.755011,WITHDRAWAL,5382.51,ATM,USA,0
TXN_0003353,ACC_000163,ACC_000124,2026-03-16 07:58:46.755011,TRANSFER,13547.81,MOBILE,India,0
TXN_0003354,ACC_000827,ACC_000388,2026-06-09 21:22:03.755011,WITHDRAWAL,8889.16,MOBILE,UAE,0
TXN_0003355,ACC_000944,ACC_000291,2026-08-09 17:13:22.755011,DEPOSIT,3973.59,ONLINE,Hong Kong,0
TXN_0003356,ACC_000431,ACC_000992,2026-04-03 16:50:47.755011,DEPOSIT,6642.49,BRANCH,UK,0
TXN_0003357,ACC_000781,ACC_000446,2026-07-14 15:59:37.755011,DEPOSIT,8904.33,BRANCH,UK,0
TXN_0003358,ACC_000461,ACC_000946,2026-06-30 15:04:21.755011,WITHDRAWAL,629.87,ONLINE,Singapore,0
TXN_0003359,ACC_000912,ACC_000356,2026-05-21 08:23:01.755011,DEPOSIT,14041.91,ONLINE,UK,0
TXN_0003360,ACC_000024,ACC_000417,2026-03-13 21:00:20.755011,PAYMENT,2500.72,MOBILE,UK,0
TXN_0003361,ACC_000204,ACC_000039,2026-06-06 18:39:41.755011,DEPOSIT,2030.43,MOBILE,UAE,0
TXN_0003362,ACC_000986,ACC_000476,2026-04-12 16:06:44.755011,DEPOSIT,1069.76,ONLINE,India,0
TXN_0003363,ACC_000666,ACC_000367,2026-06-25 06:11:57.755011,PAYMENT,941.36,BRANCH,USA,0
TXN_0003364,ACC_000712,ACC_000380,2026-03-17 01:59:25.755011,DEPOSIT,1593.14,ONLINE,USA,0
TXN_0003365,ACC_000166,ACC_000542,2026-03-28 20:17:51.755011,PAYMENT,3460.52,BRANCH,Singapore,0
TXN_0003366,ACC_000307,ACC_000241,2026-05-29 07:02:09.755011,TRANSFER,84449.67,MOBILE,UAE,0
TXN_0003367,ACC_000636,ACC_000871,2026-06-17 07:32:01.755011,WITHDRAWAL,4311.08,BRANCH,UK,0
TXN_0003368,ACC_000674,ACC_000446,2026-05-26 20:13:38.755011,PAYMENT,10029.64,MOBILE,UK,0
TXN_0003369,ACC_000923,ACC_000965,2026-08-24 07:17:54.755011,WITHDRAWAL,13102.75,ATM,UK,0
TXN_0003370,ACC_000075,ACC_000811,2026-08-07 00:05:18.755011,WITHDRAWAL,9483.21,ONLINE,Singapore,0
TXN_0003371,ACC_000604,ACC_000251,2026-07-02 15:30:56.755011,PAYMENT,7383.98,MOBILE,UK,0
TXN_0003372,ACC_000232,ACC_000589,2026-05-01 19:42:09.755011,WITHDRAWAL,1930.72,BRANCH,UK,0
TXN_0003373,ACC_000693,ACC_000857,2026-08-01 20:37:01.755011,PAYMENT,46217.47,ATM,USA,0
TXN_0003374,ACC_000513,ACC_000431,2026-05-10 04:33:33.755011,PAYMENT,70872.37,BRANCH,Hong Kong,0
TXN_0003375,ACC_000686,ACC_000838,2026-06-27 05:40:24.755011,WITHDRAWAL,1075.79,ONLINE,USA,0
TXN_0003376,ACC_000916,ACC_000779,2026-03-09 00:15:48.755011,DEPOSIT,2371.23,ATM,India,0
TXN_0003377,ACC_000882,ACC_000491,2026-03-29 19:41:59.755011,TRANSFER,5791.97,BRANCH,UK,0
TXN_0003378,ACC_000532,ACC_000357,2026-08-19 19:57:19.755011,PAYMENT,2546.7,MOBILE,Hong Kong,0
TXN_0003379,ACC_000380,ACC_000345,2026-05-26 14:52:22.755011,DEPOSIT,14870.86,ATM,USA,0
TXN_0003380,ACC_000044,ACC_000310,2026-03-09 10:26:39.755011,WITHDRAWAL,3381.5,BRANCH,UK,0
TXN_0003381,ACC_000152,ACC_000741,2026-03-19 21:45:55.755011,PAYMENT,108887.15,ONLINE,India,0
TXN_0003382,ACC_000896,ACC_000365,2026-07-28 15:08:38.755011,TRANSFER,33814.95,ATM,India,0
TXN_0003383,ACC_000473,ACC_000342,2026-08-22 04:34:22.755011,DEPOSIT,10457.65,MOBILE,UAE,0
TXN_0003384,ACC_000195,ACC_000339,2026-05-22 12:06:35.755011,WITHDRAWAL,27788.67,BRANCH,India,0
TXN_0003385,ACC_000995,ACC_000826,2026-05-30 00:10:30.755011,TRANSFER,30548.79,ATM,India,0
TXN_0003386,ACC_000566,ACC_000306,2026-05-16 11:07:34.755011,PAYMENT,4118.58,MOBILE,Hong Kong,0
TXN_0003387,ACC_000227,ACC_000087,2026-05-21 18:46:24.755011,TRANSFER,3042.82,ATM,UAE,0
TXN_0003388,ACC_000907,ACC_000210,2026-03-16 19:03:30.755011,WITHDRAWAL,8899.69,ATM,USA,0
TXN_0003389,ACC_000956,ACC_000687,2026-04-07 01:25:40.755011,PAYMENT,22787.41,ONLINE,USA,0
TXN_0003390,ACC_000300,ACC_000188,2026-06-04 07:17:12.755011,WITHDRAWAL,9574.63,BRANCH,USA,0
TXN_0003391,ACC_000309,ACC_000238,2026-03-11 02:19:03.755011,DEPOSIT,1221.22,BRANCH,UAE,0
TXN_0003392,ACC_000821,ACC_000674,2026-07-16 11:52:29.755011,DEPOSIT,3092.12,ONLINE,India,0
TXN_0003393,ACC_000973,ACC_000667,2026-08-29 12:52:59.755011,WITHDRAWAL,7414.79,ATM,UAE,0
TXN_0003394,ACC_000772,ACC_000597,2026-05-20 12:40:50.755011,TRANSFER,7399.75,ATM,Hong Kong,0
TXN_0003395,ACC_000996,ACC_000499,2026-07-14 03:19:51.755011,DEPOSIT,86426.59,MOBILE,India,0
TXN_0003396,ACC_000039,ACC_000310,2026-04-13 00:44:38.755011,PAYMENT,1535.81,MOBILE,India,0
TXN_0003397,ACC_000813,ACC_000811,2026-06-19 15:39:00.755011,WITHDRAWAL,14864.14,ONLINE,USA,0
TXN_0003398,ACC_000625,ACC_000967,2026-06-24 00:36:54.755011,WITHDRAWAL,48384.55,BRANCH,Singapore,0
TXN_0003399,ACC_000770,ACC_000345,2026-06-02 13:02:49.755011,PAYMENT,123715.48,ATM,USA,0
TXN_0003400,ACC_000639,ACC_000813,2026-04-06 05:36:21.755011,PAYMENT,4987.66,ONLINE,USA,0
TXN_0003401,ACC_000411,ACC_000588,2026-05-10 13:53:05.755011,TRANSFER,14613.71,ATM,USA,0
TXN_0003402,ACC_000023,ACC_000225,2026-04-21 01:40:24.755011,PAYMENT,16053.99,MOBILE,Singapore,0
TXN_0003403,ACC_000752,ACC_000709,2026-03-20 14:41:38.755011,TRANSFER,10245.34,BRANCH,Singapore,0
TXN_0003404,ACC_000011,ACC_000449,2026-08-12 20:55:34.755011,DEPOSIT,7196.76,ATM,Singapore,0
TXN_0003405,ACC_000769,ACC_000834,2026-05-13 21:58:11.755011,WITHDRAWAL,13672.89,ATM,Hong Kong,0
TXN_0003406,ACC_000658,ACC_000380,2026-04-30 10:38:17.755011,PAYMENT,388.12,ONLINE,India,0
TXN_0003407,ACC_000933,ACC_000237,2026-04-10 01:31:27.755011,WITHDRAWAL,18370.17,BRANCH,USA,0
TXN_0003408,ACC_000278,ACC_000734,2026-04-18 13:22:57.755011,PAYMENT,9427.76,ONLINE,USA,0
TXN_0003409,ACC_000070,ACC_000970,2026-06-04 11:38:11.755011,TRANSFER,6204.5,ONLINE,Singapore,0
TXN_0003410,ACC_000678,ACC_000817,2026-04-08 04:37:19.755011,PAYMENT,94488.62,MOBILE,India,0
TXN_0003411,ACC_000450,ACC_000834,2026-03-18 19:40:26.755011,DEPOSIT,3605.01,MOBILE,Hong Kong,0
TXN_0003412,ACC_000748,ACC_000795,2026-06-05 06:49:27.755011,TRANSFER,4995.58,BRANCH,Hong Kong,0
TXN_0003413,ACC_000329,ACC_000845,2026-06-11 14:51:19.755011,WITHDRAWAL,88420.93,BRANCH,India,0
TXN_0003414,ACC_000616,ACC_000959,2026-08-16 02:22:44.755011,PAYMENT,2985.51,MOBILE,India,0
TXN_0003415,ACC_000555,ACC_000233,2026-07-09 16:51:49.755011,DEPOSIT,4187.51,ATM,Hong Kong,0
TXN_0003416,ACC_000348,ACC_000518,2026-04-05 06:23:49.755011,TRANSFER,6792.47,ATM,USA,0
TXN_0003417,ACC_000822,ACC_000979,2026-03-15 05:59:12.755011,WITHDRAWAL,22222.96,BRANCH,Singapore,0
TXN_0003418,ACC_000730,ACC_000261,2026-05-01 04:07:49.755011,PAYMENT,10397.94,ATM,Singapore,0
TXN_0003419,ACC_000463,ACC_000588,2026-04-12 21:29:42.755011,TRANSFER,1717.89,ATM,India,0
TXN_0003420,ACC_000049,ACC_000123,2026-03-24 03:39:38.755011,DEPOSIT,4278.67,ONLINE,USA,0
TXN_0003421,ACC_000567,ACC_000426,2026-07-19 03:04:56.755011,TRANSFER,3909.54,ONLINE,Singapore,0
TXN_0003422,ACC_000845,ACC_000497,2026-08-22 00:44:55.755011,WITHDRAWAL,7385.95,ONLINE,Hong Kong,0
TXN_0003423,ACC_000155,ACC_000361,2026-07-01 15:12:20.755011,TRANSFER,13507.66,MOBILE,Hong Kong,0
TXN_0003424,ACC_000326,ACC_000753,2026-07-01 14:48:07.755011,TRANSFER,13384.42,BRANCH,India,0
TXN_0003425,ACC_000928,ACC_000505,2026-04-04 01:20:57.755011,DEPOSIT,961.78,MOBILE,USA,0
TXN_0003426,ACC_000187,ACC_000168,2026-06-03 16:45:57.755011,TRANSFER,29048.71,MOBILE,UK,0
TXN_0003427,ACC_000385,ACC_000181,2026-03-29 09:38:57.755011,DEPOSIT,10971.79,MOBILE,Hong Kong,0
TXN_0003428,ACC_000901,ACC_000662,2026-06-30 05:49:48.755011,DEPOSIT,42677.98,ATM,USA,0
TXN_0003429,ACC_000709,ACC_000553,2026-03-07 18:07:07.755011,PAYMENT,13808.48,ATM,UK,0
TXN_0003430,ACC_000899,ACC_000927,2026-06-01 10:46:35.755011,TRANSFER,30381.45,MOBILE,UAE,0
TXN_0003431,ACC_000521,ACC_000614,2026-06-12 09:02:49.755011,WITHDRAWAL,14183.78,ONLINE,UK,0
TXN_0003432,ACC_000171,ACC_000011,2026-08-10 16:03:07.755011,WITHDRAWAL,40760.59,BRANCH,UAE,0
TXN_0003433,ACC_000627,ACC_000785,2026-03-21 07:42:26.755011,WITHDRAWAL,15164.32,ATM,Hong Kong,0
TXN_0003434,ACC_000639,ACC_000719,2026-04-26 10:33:49.755011,PAYMENT,7204.79,BRANCH,Singapore,0
TXN_0003435,ACC_000164,ACC_000971,2026-04-17 02:02:57.755011,WITHDRAWAL,123861.79,BRANCH,USA,0
TXN_0003436,ACC_000944,ACC_000510,2026-06-03 07:11:54.755011,DEPOSIT,23549.14,MOBILE,USA,0
TXN_0003437,ACC_000581,ACC_000158,2026-05-16 02:43:17.755011,TRANSFER,16130.92,BRANCH,India,0
TXN_0003438,ACC_000556,ACC_000086,2026-05-14 06:54:00.755011,PAYMENT,1751.86,ATM,India,0
TXN_0003439,ACC_000743,ACC_000950,2026-06-26 16:05:21.755011,PAYMENT,1726.81,ATM,UAE,0
TXN_0003440,ACC_000331,ACC_000947,2026-03-21 07:32:29.755011,DEPOSIT,11513.3,ATM,India,0
TXN_0003441,ACC_000324,ACC_000776,2026-05-08 03:53:47.755011,DEPOSIT,9649.15,ATM,Singapore,0
TXN_0003442,ACC_000738,ACC_000832,2026-07-15 05:56:44.755011,PAYMENT,3877.92,BRANCH,USA,0
TXN_0003443,ACC_000304,ACC_000681,2026-07-25 19:12:39.755011,PAYMENT,9596.74,ONLINE,Singapore,0
TXN_0003444,ACC_000680,ACC_000266,2026-05-11 13:21:05.755011,TRANSFER,54521.6,MOBILE,India,0
TXN_0003445,ACC_000110,ACC_000229,2026-07-26 00:29:02.755011,TRANSFER,18666.45,ONLINE,UK,0
TXN_0003446,ACC_000872,ACC_000230,2026-08-19 20:09:04.755011,PAYMENT,2060.68,ONLINE,Hong Kong,0
TXN_0003447,ACC_000156,ACC_000097,2026-08-19 14:43:36.755011,PAYMENT,7088.22,ONLINE,UK,0
TXN_0003448,ACC_000679,ACC_000934,2026-06-14 18:12:39.755011,TRANSFER,3084.18,MOBILE,UAE,0
TXN_0003449,ACC_000557,ACC_000428,2026-05-31 00:23:26.755011,DEPOSIT,5088.61,BRANCH,UK,0
TXN_0003450,ACC_000782,ACC_000597,2026-03-27 15:40:46.755011,TRANSFER,4932.8,MOBILE,UK,0
TXN_0003451,ACC_000399,ACC_000317,2026-03-18 19:39:51.755011,WITHDRAWAL,4567.98,ATM,Hong Kong,0
TXN_0003452,ACC_000398,ACC_000182,2026-08-08 18:15:16.755011,DEPOSIT,1796.93,BRANCH,Hong Kong,0
TXN_0003453,ACC_000852,ACC_000322,2026-04-23 22:47:12.755011,WITHDRAWAL,6952.21,BRANCH,Hong Kong,0
TXN_0003454,ACC_000409,ACC_000767,2026-08-23 10:35:38.755011,WITHDRAWAL,4135.12,ONLINE,UAE,0
TXN_0003455,ACC_000223,ACC_000304,2026-04-01 13:40:45.755011,PAYMENT,240.97,ONLINE,UAE,0
TXN_0003456,ACC_000829,ACC_000149,2026-05-31 03:33:09.755011,PAYMENT,95183.93,ONLINE,USA,0
TXN_0003457,ACC_000707,ACC_000066,2026-05-05 19:28:11.755011,TRANSFER,29927.22,MOBILE,USA,0
TXN_0003458,ACC_000223,ACC_000815,2026-06-18 17:54:51.755011,TRANSFER,5158.7,MOBILE,Hong Kong,0
TXN_0003459,ACC_000940,ACC_000902,2026-06-14 16:53:49.755011,TRANSFER,8288.16,ONLINE,Singapore,0
TXN_0003460,ACC_000158,ACC_000846,2026-06-02 03:59:45.755011,DEPOSIT,1986.27,MOBILE,UAE,0
TXN_0003461,ACC_000668,ACC_000165,2026-03-26 04:58:41.755011,PAYMENT,61998.62,ONLINE,Hong Kong,0
TXN_0003462,ACC_000225,ACC_000897,2026-03-18 12:47:32.755011,DEPOSIT,78963.93,BRANCH,Singapore,0
TXN_0003463,ACC_000764,ACC_000173,2026-07-19 02:17:05.755011,TRANSFER,9779.39,ONLINE,India,0
TXN_0003464,ACC_000766,ACC_000166,2026-04-14 15:49:12.755011,WITHDRAWAL,27673.67,ATM,UAE,0
TXN_0003465,ACC_000099,ACC_000004,2026-08-23 23:25:07.755011,WITHDRAWAL,10000.04,ONLINE,UK,0
TXN_0003466,ACC_000251,ACC_000908,2026-04-28 22:05:43.755011,PAYMENT,1629.34,ONLINE,UK,0
TXN_0003467,ACC_000948,ACC_000428,2026-04-07 21:18:56.755011,PAYMENT,4943.42,ONLINE,India,0
TXN_0003468,ACC_000715,ACC_000443,2026-06-19 03:37:41.755011,PAYMENT,9493.03,BRANCH,Singapore,0
TXN_0003469,ACC_000233,ACC_000182,2026-08-21 00:42:16.755011,PAYMENT,4696.36,BRANCH,Hong Kong,0
TXN_0003470,ACC_000220,ACC_000835,2026-04-16 01:05:11.755011,DEPOSIT,6233.02,BRANCH,Hong Kong,0
TXN_0003471,ACC_000651,ACC_000117,2026-05-11 18:00:09.755011,DEPOSIT,7261.35,ATM,Singapore,0
TXN_0003472,ACC_000445,ACC_000566,2026-04-24 14:04:25.755011,WITHDRAWAL,7353.6,ONLINE,India,0
TXN_0003473,ACC_000518,ACC_000811,2026-04-13 07:57:34.755011,PAYMENT,63203.24,ATM,USA,1
TXN_0003474,ACC_000102,ACC_000690,2026-04-06 01:06:57.755011,PAYMENT,2269.41,MOBILE,USA,0
TXN_0003475,ACC_000746,ACC_000877,2026-07-01 23:41:54.755011,TRANSFER,3427.48,BRANCH,UK,0
TXN_0003476,ACC_000754,ACC_000964,2026-08-02 20:46:23.755011,TRANSFER,1734.54,BRANCH,Singapore,0
TXN_0003477,ACC_000667,ACC_000045,2026-03-25 21:41:36.755011,DEPOSIT,26196.44,MOBILE,UAE,0
TXN_0003478,ACC_000921,ACC_000957,2026-07-08 17:29:36.755011,TRANSFER,647.57,MOBILE,USA,0
TXN_0003479,ACC_000131,ACC_000479,2026-07-06 01:57:13.755011,DEPOSIT,32348.03,BRANCH,India,0
TXN_0003480,ACC_000712,ACC_000114,2026-06-13 04:01:29.755011,WITHDRAWAL,42771.16,BRANCH,UAE,0
TXN_0003481,ACC_000253,ACC_000555,2026-07-10 08:51:41.755011,WITHDRAWAL,5638.56,MOBILE,Hong Kong,0
TXN_0003482,ACC_000692,ACC_000018,2026-07-28 01:45:26.755011,PAYMENT,356.46,BRANCH,Singapore,0
TXN_0003483,ACC_000409,ACC_000547,2026-08-14 01:46:29.755011,DEPOSIT,5252.33,ATM,UAE,0
TXN_0003484,ACC_000850,ACC_000097,2026-06-27 01:36:12.755011,PAYMENT,7502.41,MOBILE,Singapore,0
TXN_0003485,ACC_000520,ACC_000608,2026-07-05 05:19:16.755011,PAYMENT,2409.76,MOBILE,UK,0
TXN_0003486,ACC_000688,ACC_000446,2026-04-29 10:33:58.755011,TRANSFER,4366.59,BRANCH,Hong Kong,0
TXN_0003487,ACC_000594,ACC_000883,2026-04-02 23:14:43.755011,TRANSFER,50829.6,BRANCH,UK,0
TXN_0003488,ACC_000784,ACC_000633,2026-04-04 04:12:45.755011,DEPOSIT,17996.14,BRANCH,UAE,0
TXN_0003489,ACC_000449,ACC_000588,2026-05-05 14:13:29.755011,DEPOSIT,15881.25,BRANCH,India,1
TXN_0003490,ACC_000801,ACC_000610,2026-06-22 21:24:16.755011,DEPOSIT,1191.4,MOBILE,Hong Kong,0
TXN_0003491,ACC_000573,ACC_000361,2026-04-25 23:03:33.755011,WITHDRAWAL,5472.98,BRANCH,UK,0
TXN_0003492,ACC_000199,ACC_000822,2026-06-14 07:28:43.755011,WITHDRAWAL,6272.01,ONLINE,Singapore,0
TXN_0003493,ACC_000860,ACC_000470,2026-05-02 13:48:52.755011,WITHDRAWAL,14697.59,ATM,Singapore,0
TXN_0003494,ACC_000828,ACC_000547,2026-06-19 15:03:34.755011,TRANSFER,4262.54,BRANCH,UK,0
TXN_0003495,ACC_000029,ACC_000272,2026-06-19 02:20:02.755011,WITHDRAWAL,14969.94,MOBILE,India,0
TXN_0003496,ACC_000679,ACC_000656,2026-04-08 19:48:31.755011,DEPOSIT,82634.69,ONLINE,UK,0
TXN_0003497,ACC_000033,ACC_000168,2026-03-30 10:15:32.755011,DEPOSIT,378065.81,ATM,Singapore,1
TXN_0003498,ACC_000297,ACC_000567,2026-05-24 04:13:41.755011,TRANSFER,7648.72,ONLINE,UAE,0
TXN_0003499,ACC_000854,ACC_000259,2026-06-19 06:42:04.755011,WITHDRAWAL,6504.3,ONLINE,USA,0
TXN_0003500,ACC_000553,ACC_000587,2026-08-24 19:25:09.755011,PAYMENT,5281.64,ONLINE,UK,0
TXN_0003501,ACC_000835,ACC_000554,2026-07-14 22:24:23.755011,PAYMENT,33415.3,BRANCH,UK,0
TXN_0003502,ACC_000109,ACC_000567,2026-07-29 20:06:47.755011,WITHDRAWAL,3817.01,BRANCH,USA,0
TXN_0003503,ACC_000984,ACC_000458,2026-09-03 04:01:19.755011,WITHDRAWAL,8554.97,ONLINE,India,0
TXN_0003504,ACC_000696,ACC_000354,2026-03-16 09:06:53.755011,DEPOSIT,8616.53,BRANCH,India,0
TXN_0003505,ACC_000798,ACC_000611,2026-08-23 06:58:13.755011,WITHDRAWAL,4437.56,ATM,India,0
TXN_0003506,ACC_000397,ACC_000300,2026-05-15 20:51:59.755011,TRANSFER,1560.94,MOBILE,UAE,0
TXN_0003507,ACC_000555,ACC_000681,2026-05-31 13:36:04.755011,WITHDRAWAL,11939.05,BRANCH,Singapore,0
TXN_0003508,ACC_000780,ACC_000492,2026-06-13 01:37:40.755011,TRANSFER,7531.09,ONLINE,UAE,0
TXN_0003509,ACC_000900,ACC_000659,2026-05-26 22:32:51.755011,TRANSFER,14769.04,ONLINE,India,0
TXN_0003510,ACC_000438,ACC_000382,2026-04-16 02:00:37.755011,TRANSFER,4271.33,ONLINE,USA,0
TXN_0003511,ACC_000311,ACC_000973,2026-05-03 20:48:40.755011,WITHDRAWAL,35065.94,ATM,UAE,0
TXN_0003512,ACC_000403,ACC_000496,2026-03-15 20:43:32.755011,WITHDRAWAL,2829.55,MOBILE,Singapore,0
TXN_0003513,ACC_000839,ACC_000939,2026-05-24 07:16:42.755011,WITHDRAWAL,63224.57,ATM,UK,0
TXN_0003514,ACC_000146,ACC_000807,2026-05-19 19:54:24.755011,PAYMENT,995.09,ONLINE,UK,0
TXN_0003515,ACC_000612,ACC_000447,2026-07-04 03:52:19.755011,DEPOSIT,13653.13,ATM,UK,0
TXN_0003516,ACC_000183,ACC_000189,2026-08-03 14:47:00.755011,PAYMENT,14335.82,ONLINE,UAE,0
TXN_0003517,ACC_000221,ACC_000955,2026-04-22 06:31:15.755011,WITHDRAWAL,3119.2,BRANCH,India,0
TXN_0003518,ACC_000492,ACC_000923,2026-05-06 03:13:43.755011,DEPOSIT,13484.18,MOBILE,UAE,0
TXN_0003519,ACC_000334,ACC_000382,2026-08-06 23:38:07.755011,PAYMENT,37624.94,BRANCH,UK,0
TXN_0003520,ACC_000844,ACC_000838,2026-08-19 03:32:21.755011,PAYMENT,566.69,ATM,UK,0
TXN_0003521,ACC_000084,ACC_000993,2026-08-15 17:12:27.755011,PAYMENT,14813.49,MOBILE,UK,0
TXN_0003522,ACC_000105,ACC_000171,2026-04-18 19:47:52.755011,TRANSFER,406.7,ONLINE,Hong Kong,0
TXN_0003523,ACC_000675,ACC_000190,2026-04-01 06:20:15.755011,TRANSFER,2543.26,ONLINE,Hong Kong,0
TXN_0003524,ACC_000946,ACC_000798,2026-04-22 10:47:35.755011,PAYMENT,57239.51,BRANCH,Singapore,0
TXN_0003525,ACC_000278,ACC_000549,2026-08-04 10:44:28.755011,PAYMENT,4031.37,MOBILE,UAE,0
TXN_0003526,ACC_000329,ACC_000568,2026-07-16 13:19:04.755011,WITHDRAWAL,1980.97,ATM,USA,0
TXN_0003527,ACC_000175,ACC_000698,2026-05-05 17:46:17.755011,WITHDRAWAL,6389.91,ATM,Hong Kong,0
TXN_0003528,ACC_000416,ACC_000119,2026-03-27 03:39:54.755011,WITHDRAWAL,96905.12,BRANCH,UK,0
TXN_0003529,ACC_000069,ACC_000057,2026-06-02 13:50:38.755011,WITHDRAWAL,899.63,ONLINE,UAE,0
TXN_0003530,ACC_000372,ACC_000316,2026-03-16 14:53:26.755011,TRANSFER,2294.86,MOBILE,Singapore,0
TXN_0003531,ACC_000483,ACC_000236,2026-04-28 17:51:53.755011,WITHDRAWAL,48869.95,ATM,UK,0
TXN_0003532,ACC_000449,ACC_000895,2026-05-04 05:50:12.755011,WITHDRAWAL,75300.56,ONLINE,Singapore,0
TXN_0003533,ACC_000308,ACC_000720,2026-06-28 04:47:44.755011,DEPOSIT,7157.26,ATM,UK,0
TXN_0003534,ACC_000618,ACC_000209,2026-08-29 11:27:50.755011,TRANSFER,1831.95,MOBILE,USA,0
TXN_0003535,ACC_000032,ACC_000228,2026-06-19 05:11:00.755011,PAYMENT,100208.89,ONLINE,UAE,0
TXN_0003536,ACC_000895,ACC_000807,2026-03-23 14:34:48.755011,TRANSFER,54903.42,ATM,USA,0
TXN_0003537,ACC_000941,ACC_000616,2026-06-16 15:54:00.755011,PAYMENT,18301.46,BRANCH,India,0
TXN_0003538,ACC_000548,ACC_000911,2026-06-13 17:21:06.755011,PAYMENT,3056.78,ONLINE,UK,0
TXN_0003539,ACC_000557,ACC_000487,2026-06-08 15:40:37.755011,PAYMENT,7640.09,ONLINE,UK,0
TXN_0003540,ACC_000189,ACC_000324,2026-05-30 21:23:00.755011,TRANSFER,6684.64,MOBILE,USA,0
TXN_0003541,ACC_000314,ACC_000419,2026-07-19 17:45:36.755011,WITHDRAWAL,12052.43,ATM,UK,0
TXN_0003542,ACC_000832,ACC_000826,2026-06-09 04:18:55.755011,TRANSFER,46221.56,ONLINE,UAE,0
TXN_0003543,ACC_000365,ACC_000436,2026-03-28 07:31:08.755011,DEPOSIT,23278.85,ATM,UK,0
TXN_0003544,ACC_000509,ACC_000090,2026-05-20 13:05:07.755011,DEPOSIT,2224.19,BRANCH,Hong Kong,0
TXN_0003545,ACC_000607,ACC_000829,2026-04-08 00:47:40.755011,DEPOSIT,42268.43,ONLINE,UK,0
TXN_0003546,ACC_000406,ACC_000140,2026-08-12 10:53:42.755011,WITHDRAWAL,11798.86,BRANCH,Hong Kong,0
TXN_0003547,ACC_000995,ACC_000928,2026-04-27 08:04:07.755011,WITHDRAWAL,18480.64,ONLINE,UAE,0
TXN_0003548,ACC_000810,ACC_000030,2026-06-29 05:17:29.755011,TRANSFER,47091.56,ONLINE,India,0
TXN_0003549,ACC_000349,ACC_000492,2026-06-23 01:24:07.755011,PAYMENT,2134.75,ONLINE,UAE,0
TXN_0003550,ACC_000954,ACC_000701,2026-08-16 03:34:13.755011,WITHDRAWAL,7762.11,ATM,India,0
TXN_0003551,ACC_000609,ACC_000420,2026-06-20 09:05:05.755011,WITHDRAWAL,4282.34,MOBILE,USA,0
TXN_0003552,ACC_000284,ACC_000754,2026-05-22 03:58:58.755011,WITHDRAWAL,1234.68,BRANCH,UAE,0
TXN_0003553,ACC_000575,ACC_000933,2026-04-09 14:35:45.755011,WITHDRAWAL,12283.99,BRANCH,UK,0
TXN_0003554,ACC_000357,ACC_000773,2026-06-26 08:12:48.755011,PAYMENT,165027.58,ONLINE,UAE,0
TXN_0003555,ACC_000074,ACC_000452,2026-04-04 07:39:38.755011,DEPOSIT,890.61,ONLINE,USA,0
TXN_0003556,ACC_000193,ACC_000655,2026-06-20 09:45:43.755011,DEPOSIT,7795.2,ONLINE,Singapore,0
TXN_0003557,ACC_000769,ACC_000595,2026-05-10 04:27:27.755011,WITHDRAWAL,17477.18,MOBILE,UK,0
TXN_0003558,ACC_000273,ACC_000814,2026-08-07 20:19:41.755011,PAYMENT,9392.75,BRANCH,Singapore,0
TXN_0003559,ACC_000536,ACC_000401,2026-04-07 12:10:05.755011,TRANSFER,7074.46,ONLINE,USA,0
TXN_0003560,ACC_000031,ACC_000215,2026-07-09 09:17:52.755011,WITHDRAWAL,1704.35,BRANCH,UAE,0
TXN_0003561,ACC_000592,ACC_000252,2026-03-23 08:50:54.755011,DEPOSIT,10714.4,ONLINE,UK,0
TXN_0003562,ACC_000591,ACC_000012,2026-05-11 19:34:21.755011,TRANSFER,3267.84,ATM,India,0
TXN_0003563,ACC_000049,ACC_000380,2026-06-27 12:32:12.755011,WITHDRAWAL,585.28,ATM,UAE,0
TXN_0003564,ACC_000434,ACC_000600,2026-09-03 00:05:41.755011,PAYMENT,33979.43,ATM,UK,0
TXN_0003565,ACC_000673,ACC_000321,2026-08-15 10:47:12.755011,TRANSFER,25592.71,BRANCH,Hong Kong,0
TXN_0003566,ACC_000685,ACC_000327,2026-08-16 19:45:41.755011,PAYMENT,8621.32,ATM,Hong Kong,0
TXN_0003567,ACC_000763,ACC_000125,2026-07-30 08:18:16.755011,TRANSFER,10666.78,ATM,UAE,0
TXN_0003568,ACC_000982,ACC_000879,2026-04-24 17:44:39.755011,PAYMENT,29412.69,BRANCH,UK,0
TXN_0003569,ACC_000323,ACC_000358,2026-08-22 15:35:42.755011,TRANSFER,10606.34,ATM,Hong Kong,0
TXN_0003570,ACC_000061,ACC_000707,2026-06-26 21:58:33.755011,WITHDRAWAL,23976.3,ONLINE,UAE,0
TXN_0003571,ACC_000291,ACC_000336,2026-03-15 18:09:55.755011,TRANSFER,5670.44,ATM,UK,0
TXN_0003572,ACC_000212,ACC_000411,2026-06-04 23:41:15.755011,TRANSFER,39119.66,MOBILE,Hong Kong,0
TXN_0003573,ACC_000509,ACC_000211,2026-06-18 13:24:13.755011,DEPOSIT,11907.73,BRANCH,USA,0
TXN_0003574,ACC_000223,ACC_000707,2026-03-22 18:38:02.755011,WITHDRAWAL,10227.77,BRANCH,UAE,0
TXN_0003575,ACC_000248,ACC_000818,2026-05-15 01:15:45.755011,TRANSFER,1765.04,ONLINE,Hong Kong,0
TXN_0003576,ACC_000999,ACC_000895,2026-05-08 22:35:20.755011,DEPOSIT,11434.0,ONLINE,UK,0
TXN_0003577,ACC_000462,ACC_000682,2026-05-03 03:26:20.755011,PAYMENT,2985.89,ONLINE,Hong Kong,0
TXN_0003578,ACC_000841,ACC_000385,2026-05-21 09:12:32.755011,PAYMENT,3767.1,BRANCH,UAE,0
TXN_0003579,ACC_000809,ACC_000899,2026-05-13 18:54:43.755011,TRANSFER,3045.89,ONLINE,Singapore,0
TXN_0003580,ACC_000980,ACC_000696,2026-05-22 18:04:48.755011,TRANSFER,2254.13,ATM,UAE,0
TXN_0003581,ACC_000498,ACC_000187,2026-06-07 00:36:46.755011,DEPOSIT,103748.57,ONLINE,USA,0
TXN_0003582,ACC_000785,ACC_000666,2026-05-28 08:56:07.755011,DEPOSIT,40038.9,BRANCH,India,0
TXN_0003583,ACC_000303,ACC_000182,2026-04-24 21:15:33.755011,TRANSFER,81181.36,BRANCH,UK,0
TXN_0003584,ACC_000722,ACC_000700,2026-08-13 02:35:21.755011,DEPOSIT,1867.82,ONLINE,India,0
TXN_0003585,ACC_000714,ACC_000473,2026-07-06 12:35:18.755011,WITHDRAWAL,8826.42,ATM,UK,0
TXN_0003586,ACC_000651,ACC_000942,2026-08-13 07:52:44.755011,WITHDRAWAL,1716.07,BRANCH,UK,0
TXN_0003587,ACC_000987,ACC_000128,2026-05-18 22:49:10.755011,TRANSFER,3516.31,ATM,Hong Kong,0
TXN_0003588,ACC_000139,ACC_000503,2026-03-07 16:47:20.755011,PAYMENT,2692.56,ONLINE,UK,0
TXN_0003589,ACC_000214,ACC_000433,2026-05-27 23:01:43.755011,PAYMENT,35864.41,ONLINE,UK,0
TXN_0003590,ACC_000278,ACC_000465,2026-07-16 19:29:41.755011,TRANSFER,5036.79,ATM,UAE,0
TXN_0003591,ACC_000949,ACC_000023,2026-04-17 12:21:20.755011,DEPOSIT,29203.83,ONLINE,Singapore,0
TXN_0003592,ACC_000712,ACC_000775,2026-04-26 23:22:31.755011,TRANSFER,16729.77,ATM,USA,0
TXN_0003593,ACC_000879,ACC_000285,2026-08-02 17:24:22.755011,DEPOSIT,128587.71,MOBILE,UK,0
TXN_0003594,ACC_000115,ACC_000877,2026-05-14 13:01:47.755011,PAYMENT,1372.88,MOBILE,UAE,0
TXN_0003595,ACC_000140,ACC_000867,2026-06-03 13:22:07.755011,DEPOSIT,36720.11,ONLINE,Singapore,0
TXN_0003596,ACC_000022,ACC_000658,2026-04-14 15:03:46.755011,DEPOSIT,32071.69,ONLINE,India,0
TXN_0003597,ACC_000853,ACC_000841,2026-08-17 09:47:07.755011,WITHDRAWAL,2519.83,ONLINE,USA,0
TXN_0003598,ACC_000605,ACC_000516,2026-04-16 21:40:31.755011,TRANSFER,27134.47,BRANCH,USA,0
TXN_0003599,ACC_000668,ACC_000766,2026-06-01 12:29:43.755011,WITHDRAWAL,12129.24,ATM,Hong Kong,0
TXN_0003600,ACC_000291,ACC_000780,2026-05-25 01:08:41.755011,DEPOSIT,6167.37,BRANCH,India,0
TXN_0003601,ACC_000239,ACC_000735,2026-03-25 18:31:47.755011,TRANSFER,3014.77,ONLINE,UAE,0
TXN_0003602,ACC_000198,ACC_000525,2026-05-14 06:02:49.755011,DEPOSIT,3418.88,ONLINE,USA,0
TXN_0003603,ACC_000137,ACC_000358,2026-05-23 08:06:38.755011,WITHDRAWAL,94823.69,ATM,India,0
TXN_0003604,ACC_000671,ACC_000868,2026-03-20 15:09:24.755011,PAYMENT,8109.73,ATM,India,0
TXN_0003605,ACC_000669,ACC_000365,2026-07-26 01:55:40.755011,DEPOSIT,20713.81,BRANCH,USA,0
TXN_0003606,ACC_000287,ACC_000068,2026-08-01 15:27:02.755011,TRANSFER,3136.68,ONLINE,Hong Kong,0
TXN_0003607,ACC_000606,ACC_000859,2026-07-19 08:14:29.755011,WITHDRAWAL,3178.54,ONLINE,UAE,0
TXN_0003608,ACC_000381,ACC_000800,2026-04-29 00:45:03.755011,PAYMENT,29684.54,ONLINE,India,0
TXN_0003609,ACC_000631,ACC_000317,2026-07-24 05:18:32.755011,TRANSFER,1604.41,ATM,USA,0
TXN_0003610,ACC_000975,ACC_000477,2026-06-21 02:15:04.755011,TRANSFER,4923.35,BRANCH,USA,0
TXN_0003611,ACC_000887,ACC_000956,2026-04-26 03:01:01.755011,DEPOSIT,8440.8,ATM,USA,0
TXN_0003612,ACC_000508,ACC_000863,2026-03-22 15:11:52.755011,WITHDRAWAL,9261.74,ATM,USA,0
TXN_0003613,ACC_000853,ACC_000912,2026-04-27 22:09:01.755011,PAYMENT,6536.05,ATM,Singapore,0
TXN_0003614,ACC_000849,ACC_000637,2026-06-19 01:42:21.755011,TRANSFER,13029.66,ONLINE,USA,0
TXN_0003615,ACC_000442,ACC_000102,2026-06-17 13:41:11.755011,DEPOSIT,18609.49,ATM,India,0
TXN_0003616,ACC_000560,ACC_000409,2026-04-05 10:55:26.755011,DEPOSIT,19566.32,ATM,India,0
TXN_0003617,ACC_000798,ACC_000036,2026-04-05 20:53:01.755011,TRANSFER,2482.53,MOBILE,USA,0
TXN_0003618,ACC_000425,ACC_000739,2026-08-10 07:25:18.755011,PAYMENT,5761.85,ONLINE,UAE,0
TXN_0003619,ACC_000982,ACC_000557,2026-05-25 22:25:45.755011,TRANSFER,33986.39,ONLINE,UK,0
TXN_0003620,ACC_000321,ACC_000031,2026-07-02 22:12:04.755011,TRANSFER,23708.21,ONLINE,Singapore,0
TXN_0003621,ACC_000979,ACC_000818,2026-05-11 05:29:36.755011,TRANSFER,1560.2,ONLINE,Singapore,0
TXN_0003622,ACC_000092,ACC_000195,2026-06-05 01:44:27.755011,TRANSFER,12354.5,BRANCH,USA,0
TXN_0003623,ACC_000210,ACC_000554,2026-03-28 15:48:03.755011,DEPOSIT,754.56,ONLINE,Hong Kong,0
TXN_0003624,ACC_000078,ACC_000671,2026-08-26 05:37:28.755011,DEPOSIT,8572.56,BRANCH,USA,0
TXN_0003625,ACC_000824,ACC_000844,2026-03-12 07:22:32.755011,WITHDRAWAL,79009.27,MOBILE,Hong Kong,0
TXN_0003626,ACC_000418,ACC_000812,2026-07-29 19:58:01.755011,TRANSFER,2598.08,BRANCH,India,0
TXN_0003627,ACC_000828,ACC_000988,2026-06-21 17:01:54.755011,TRANSFER,2977.42,BRANCH,India,0
TXN_0003628,ACC_000251,ACC_000417,2026-05-05 22:59:17.755011,TRANSFER,20268.75,ATM,USA,0
TXN_0003629,ACC_000878,ACC_000806,2026-05-03 09:12:13.755011,PAYMENT,1272.37,ATM,UK,0
TXN_0003630,ACC_000407,ACC_000016,2026-07-11 06:44:18.755011,PAYMENT,3792.17,MOBILE,USA,0
TXN_0003631,ACC_000277,ACC_000774,2026-06-29 14:02:02.755011,TRANSFER,16576.3,ATM,Hong Kong,0
TXN_0003632,ACC_000748,ACC_000018,2026-07-14 11:02:34.755011,WITHDRAWAL,3785.21,MOBILE,Hong Kong,0
TXN_0003633,ACC_000863,ACC_000486,2026-08-09 09:16:43.755011,PAYMENT,6104.83,BRANCH,UAE,0
TXN_0003634,ACC_000188,ACC_000431,2026-07-16 10:02:15.755011,WITHDRAWAL,19791.8,MOBILE,India,0
TXN_0003635,ACC_000482,ACC_000419,2026-04-01 19:29:57.755011,TRANSFER,13438.18,BRANCH,UAE,0
TXN_0003636,ACC_000571,ACC_000025,2026-07-25 07:28:04.755011,PAYMENT,11161.01,MOBILE,UK,0
TXN_0003637,ACC_000599,ACC_000554,2026-05-16 04:34:27.755011,WITHDRAWAL,5394.06,ONLINE,Singapore,0
TXN_0003638,ACC_000109,ACC_000589,2026-03-28 00:00:36.755011,TRANSFER,12633.07,MOBILE,UAE,0
TXN_0003639,ACC_000094,ACC_000175,2026-08-17 21:12:10.755011,DEPOSIT,6985.0,BRANCH,Hong Kong,0
TXN_0003640,ACC_000822,ACC_000549,2026-07-03 06:17:15.755011,DEPOSIT,14035.8,MOBILE,Singapore,0
TXN_0003641,ACC_000900,ACC_000931,2026-08-08 02:10:56.755011,DEPOSIT,4463.47,ATM,USA,0
TXN_0003642,ACC_000930,ACC_000010,2026-03-18 21:03:41.755011,WITHDRAWAL,6508.84,MOBILE,Singapore,0
TXN_0003643,ACC_000768,ACC_000237,2026-06-14 17:19:32.755011,DEPOSIT,2470.19,ONLINE,UAE,0
TXN_0003644,ACC_000503,ACC_000299,2026-03-13 18:41:18.755011,PAYMENT,7769.73,ONLINE,Singapore,0
TXN_0003645,ACC_000414,ACC_000585,2026-03-17 05:44:56.755011,PAYMENT,3061.92,BRANCH,UAE,0
TXN_0003646,ACC_000203,ACC_000805,2026-07-06 21:19:42.755011,WITHDRAWAL,14724.26,ATM,UK,1
TXN_0003647,ACC_000448,ACC_000277,2026-06-14 11:13:08.755011,DEPOSIT,11052.29,ONLINE,UAE,0
TXN_0003648,ACC_000588,ACC_000989,2026-04-19 23:00:52.755011,DEPOSIT,10459.73,MOBILE,UK,0
TXN_0003649,ACC_000732,ACC_000877,2026-04-05 04:58:53.755011,TRANSFER,20732.31,ATM,India,0
TXN_0003650,ACC_000504,ACC_000703,2026-04-15 03:54:22.755011,PAYMENT,78018.86,ONLINE,UK,1
TXN_0003651,ACC_000900,ACC_000214,2026-03-07 18:02:11.755011,PAYMENT,13222.34,ONLINE,India,0
TXN_0003652,ACC_000532,ACC_000386,2026-06-21 23:29:28.755011,PAYMENT,15692.8,MOBILE,Hong Kong,0
TXN_0003653,ACC_000465,ACC_000246,2026-05-24 18:38:05.755011,TRANSFER,13818.02,ONLINE,India,0
TXN_0003654,ACC_000787,ACC_000797,2026-06-26 11:34:51.755011,TRANSFER,3008.56,ONLINE,UK,0
TXN_0003655,ACC_000003,ACC_000024,2026-08-09 11:32:19.755011,TRANSFER,9693.75,BRANCH,UAE,0
TXN_0003656,ACC_000156,ACC_000841,2026-07-07 08:44:18.755011,PAYMENT,12543.63,ATM,Hong Kong,0
TXN_0003657,ACC_000760,ACC_000852,2026-06-04 03:41:03.755011,DEPOSIT,8173.19,ONLINE,Singapore,0
TXN_0003658,ACC_000751,ACC_000345,2026-08-08 20:47:27.755011,WITHDRAWAL,662.64,ONLINE,UAE,0
TXN_0003659,ACC_000398,ACC_000251,2026-04-26 13:31:15.755011,TRANSFER,9824.04,ONLINE,India,0
TXN_0003660,ACC_000862,ACC_000996,2026-08-12 21:37:40.755011,WITHDRAWAL,115270.55,ATM,USA,0
TXN_0003661,ACC_000100,ACC_000741,2026-08-27 08:16:39.755011,PAYMENT,5260.35,BRANCH,India,0
TXN_0003662,ACC_000904,ACC_000088,2026-06-17 02:16:22.755011,WITHDRAWAL,3382.29,ONLINE,Hong Kong,0
TXN_0003663,ACC_000379,ACC_000711,2026-07-10 20:33:36.755011,WITHDRAWAL,12683.01,MOBILE,UAE,0
TXN_0003664,ACC_000986,ACC_000825,2026-06-26 19:00:31.755011,WITHDRAWAL,11788.19,ATM,India,0
TXN_0003665,ACC_000825,ACC_000869,2026-04-26 21:43:40.755011,TRANSFER,33903.79,ONLINE,UK,0
TXN_0003666,ACC_000245,ACC_000285,2026-08-02 13:14:53.755011,DEPOSIT,1791.05,BRANCH,India,0
TXN_0003667,ACC_000967,ACC_000589,2026-05-19 07:00:25.755011,WITHDRAWAL,19489.99,MOBILE,UAE,0
TXN_0003668,ACC_000884,ACC_000415,2026-04-29 12:56:26.755011,DEPOSIT,16457.0,BRANCH,USA,0
TXN_0003669,ACC_000060,ACC_000564,2026-03-26 00:06:37.755011,PAYMENT,6832.35,MOBILE,Hong Kong,0
TXN_0003670,ACC_000143,ACC_000724,2026-08-11 18:29:38.755011,TRANSFER,12166.3,ATM,USA,0
TXN_0003671,ACC_000458,ACC_000611,2026-06-15 03:25:30.755011,WITHDRAWAL,27871.19,ONLINE,USA,0
TXN_0003672,ACC_000544,ACC_000355,2026-05-22 09:39:59.755011,TRANSFER,164132.95,BRANCH,UK,1
TXN_0003673,ACC_000140,ACC_000479,2026-08-30 03:55:35.755011,PAYMENT,2055.71,MOBILE,Hong Kong,0
TXN_0003674,ACC_000974,ACC_000953,2026-05-26 09:13:16.755011,PAYMENT,209732.84,MOBILE,Singapore,1
TXN_0003675,ACC_000090,ACC_000164,2026-05-03 16:18:13.755011,TRANSFER,7497.87,ATM,UAE,0
TXN_0003676,ACC_000563,ACC_000119,2026-03-28 06:36:02.755011,DEPOSIT,8843.6,ONLINE,Hong Kong,0
TXN_0003677,ACC_000998,ACC_000336,2026-07-08 02:18:46.755011,WITHDRAWAL,8847.02,ONLINE,UK,0
TXN_0003678,ACC_000408,ACC_000118,2026-08-27 17:17:54.755011,TRANSFER,6766.29,ONLINE,Singapore,0
TXN_0003679,ACC_000057,ACC_000271,2026-04-19 00:00:03.755011,DEPOSIT,33862.01,BRANCH,India,0
TXN_0003680,ACC_000576,ACC_000249,2026-04-01 06:37:19.755011,PAYMENT,7328.59,BRANCH,India,0
TXN_0003681,ACC_000901,ACC_000764,2026-07-25 22:24:35.755011,PAYMENT,2114.44,ATM,USA,0
TXN_0003682,ACC_000643,ACC_000438,2026-09-03 02:58:39.755011,TRANSFER,5053.14,MOBILE,India,0
TXN_0003683,ACC_000927,ACC_000271,2026-07-12 14:58:46.755011,WITHDRAWAL,10041.02,ONLINE,Singapore,0
TXN_0003684,ACC_000770,ACC_000333,2026-05-30 23:23:35.755011,PAYMENT,35420.91,MOBILE,UK,0
TXN_0003685,ACC_000994,ACC_000897,2026-03-16 09:29:02.755011,WITHDRAWAL,16709.18,ATM,USA,0
TXN_0003686,ACC_000873,ACC_000650,2026-05-27 19:35:46.755011,WITHDRAWAL,57856.81,BRANCH,India,1
TXN_0003687,ACC_000341,ACC_000243,2026-03-24 13:43:35.755011,TRANSFER,159887.85,MOBILE,Singapore,0
TXN_0003688,ACC_000641,ACC_000210,2026-08-09 12:36:10.755011,WITHDRAWAL,11133.68,BRANCH,USA,0
TXN_0003689,ACC_000572,ACC_000985,2026-05-14 08:54:59.755011,DEPOSIT,37439.02,ONLINE,Singapore,0
TXN_0003690,ACC_000963,ACC_000326,2026-06-19 07:14:43.755011,TRANSFER,50901.82,ATM,Singapore,1
TXN_0003691,ACC_000404,ACC_000464,2026-04-12 01:12:20.755011,TRANSFER,15367.82,BRANCH,Singapore,0
TXN_0003692,ACC_000958,ACC_000360,2026-05-21 16:37:55.755011,DEPOSIT,22189.23,ATM,USA,0
TXN_0003693,ACC_000980,ACC_000949,2026-03-22 08:01:12.755011,DEPOSIT,34955.59,BRANCH,UAE,0
TXN_0003694,ACC_000865,ACC_000277,2026-08-20 17:32:58.755011,WITHDRAWAL,28820.49,BRANCH,Singapore,0
TXN_0003695,ACC_000164,ACC_000593,2026-07-14 02:03:36.755011,TRANSFER,23078.03,ATM,UK,0
TXN_0003696,ACC_000999,ACC_000956,2026-05-26 14:47:27.755011,TRANSFER,5551.9,MOBILE,UAE,0
TXN_0003697,ACC_000997,ACC_000150,2026-05-04 23:25:30.755011,PAYMENT,4080.21,ATM,UK,0
TXN_0003698,ACC_000215,ACC_000315,2026-08-12 01:51:54.755011,TRANSFER,12077.86,MOBILE,Hong Kong,0
TXN_0003699,ACC_000772,ACC_000388,2026-07-28 22:42:44.755011,PAYMENT,24828.65,ONLINE,USA,0
TXN_0003700,ACC_000653,ACC_000444,2026-08-07 23:41:40.755011,WITHDRAWAL,6202.67,MOBILE,USA,0
TXN_0003701,ACC_000805,ACC_000177,2026-06-27 02:00:13.755011,TRANSFER,29091.65,BRANCH,Hong Kong,0
TXN_0003702,ACC_000290,ACC_000659,2026-08-10 00:09:42.755011,TRANSFER,46311.25,ONLINE,India,0
TXN_0003703,ACC_000505,ACC_000793,2026-07-04 09:21:30.755011,PAYMENT,2698.4,ONLINE,UAE,0
TXN_0003704,ACC_000003,ACC_000878,2026-04-24 19:52:41.755011,DEPOSIT,2968.15,ATM,UK,0
TXN_0003705,ACC_000601,ACC_000808,2026-07-16 22:55:29.755011,WITHDRAWAL,6846.89,ATM,Hong Kong,0
TXN_0003706,ACC_000284,ACC_000601,2026-06-15 19:38:05.755011,DEPOSIT,11720.97,ONLINE,Singapore,0
TXN_0003707,ACC_000793,ACC_000019,2026-08-22 15:44:35.755011,WITHDRAWAL,4317.88,ONLINE,India,0
TXN_0003708,ACC_000835,ACC_000900,2026-04-11 18:05:04.755011,WITHDRAWAL,261375.17,MOBILE,USA,1
TXN_0003709,ACC_000085,ACC_000822,2026-04-30 15:10:03.755011,PAYMENT,13478.89,ATM,India,0
TXN_0003710,ACC_000053,ACC_000319,2026-05-24 09:58:41.755011,DEPOSIT,8495.88,ONLINE,USA,0
TXN_0003711,ACC_000731,ACC_000748,2026-03-26 23:21:48.755011,DEPOSIT,1446.51,ONLINE,India,0
TXN_0003712,ACC_000716,ACC_000207,2026-03-19 14:16:45.755011,TRANSFER,1670.74,BRANCH,UAE,0
TXN_0003713,ACC_000619,ACC_000935,2026-07-06 10:00:20.755011,TRANSFER,11352.7,ONLINE,India,0
TXN_0003714,ACC_000961,ACC_000014,2026-03-13 18:14:39.755011,PAYMENT,626.96,MOBILE,Singapore,0
TXN_0003715,ACC_000110,ACC_000769,2026-04-23 04:50:39.755011,DEPOSIT,27314.28,ONLINE,UAE,0
TXN_0003716,ACC_000668,ACC_000569,2026-08-02 09:55:55.755011,DEPOSIT,6702.36,ONLINE,Hong Kong,0
TXN_0003717,ACC_000776,ACC_000398,2026-07-07 20:41:38.755011,PAYMENT,397007.94,MOBILE,Hong Kong,0
TXN_0003718,ACC_000053,ACC_000740,2026-07-31 08:11:53.755011,WITHDRAWAL,129249.45,ONLINE,UAE,0
TXN_0003719,ACC_000652,ACC_000478,2026-08-18 14:56:47.755011,WITHDRAWAL,6517.6,MOBILE,India,0
TXN_0003720,ACC_000211,ACC_000982,2026-03-22 10:07:50.755011,DEPOSIT,7132.35,MOBILE,USA,0
TXN_0003721,ACC_000724,ACC_000123,2026-04-08 15:04:12.755011,TRANSFER,26760.92,BRANCH,USA,0
TXN_0003722,ACC_000889,ACC_000858,2026-07-16 17:27:38.755011,DEPOSIT,62555.36,ONLINE,Singapore,0
TXN_0003723,ACC_000614,ACC_000779,2026-06-06 08:02:47.755011,TRANSFER,1134.97,ATM,Singapore,0
TXN_0003724,ACC_000109,ACC_000437,2026-05-27 03:28:14.755011,TRANSFER,949.89,ONLINE,UAE,0
TXN_0003725,ACC_000159,ACC_000133,2026-08-16 13:29:36.755011,PAYMENT,3841.27,BRANCH,UK,0
TXN_0003726,ACC_000124,ACC_000549,2026-08-04 22:21:34.755011,PAYMENT,16305.95,BRANCH,UK,0
TXN_0003727,ACC_000459,ACC_000900,2026-03-15 06:59:22.755011,DEPOSIT,14709.49,ONLINE,India,0
TXN_0003728,ACC_000561,ACC_000016,2026-05-02 03:39:29.755011,WITHDRAWAL,29252.66,MOBILE,Singapore,0
TXN_0003729,ACC_000033,ACC_000016,2026-06-12 15:35:50.755011,PAYMENT,1920.54,MOBILE,Hong Kong,0
TXN_0003730,ACC_000818,ACC_000787,2026-04-14 03:55:06.755011,PAYMENT,503.02,ATM,Singapore,0
TXN_0003731,ACC_000125,ACC_000401,2026-04-07 23:19:18.755011,TRANSFER,443656.31,BRANCH,UAE,1
TXN_0003732,ACC_000565,ACC_000361,2026-05-20 17:19:47.755011,DEPOSIT,2999.39,MOBILE,Singapore,0
TXN_0003733,ACC_000399,ACC_000821,2026-03-11 07:56:26.755011,DEPOSIT,718.97,MOBILE,India,0
TXN_0003734,ACC_000122,ACC_000252,2026-07-19 11:09:40.755011,WITHDRAWAL,9643.86,ATM,India,0
TXN_0003735,ACC_000119,ACC_000859,2026-07-28 08:10:05.755011,DEPOSIT,20990.2,MOBILE,USA,0
TXN_0003736,ACC_000492,ACC_000951,2026-03-08 07:39:10.755011,TRANSFER,6999.06,ATM,USA,0
TXN_0003737,ACC_000665,ACC_000536,2026-08-12 09:40:18.755011,WITHDRAWAL,4677.79,ATM,UK,0
TXN_0003738,ACC_000767,ACC_000712,2026-07-21 22:27:12.755011,TRANSFER,6692.65,ATM,UAE,0
TXN_0003739,ACC_000876,ACC_000300,2026-06-20 16:11:59.755011,TRANSFER,5194.21,ATM,India,0
TXN_0003740,ACC_000110,ACC_000757,2026-08-31 17:23:48.755011,DEPOSIT,1607.35,ONLINE,India,0
TXN_0003741,ACC_000048,ACC_000151,2026-04-20 20:35:59.755011,TRANSFER,3437.1,MOBILE,India,0
TXN_0003742,ACC_000374,ACC_000782,2026-07-25 05:06:53.755011,DEPOSIT,15146.67,MOBILE,Singapore,0
TXN_0003743,ACC_000237,ACC_000684,2026-04-24 01:11:31.755011,WITHDRAWAL,11920.49,ATM,UK,0
TXN_0003744,ACC_000004,ACC_000334,2026-03-25 14:42:18.755011,TRANSFER,9913.69,ONLINE,UK,0
TXN_0003745,ACC_000266,ACC_000788,2026-05-28 03:16:55.755011,PAYMENT,2454.85,BRANCH,UAE,0
TXN_0003746,ACC_000807,ACC_000435,2026-06-29 02:21:29.755011,TRANSFER,6517.17,MOBILE,Singapore,0
TXN_0003747,ACC_000329,ACC_000763,2026-05-11 21:26:23.755011,TRANSFER,594.38,ATM,UAE,0
TXN_0003748,ACC_000460,ACC_000930,2026-08-30 08:34:45.755011,DEPOSIT,10038.39,MOBILE,India,0
TXN_0003749,ACC_000382,ACC_000784,2026-06-30 11:17:43.755011,DEPOSIT,45009.52,ONLINE,UK,0
TXN_0003750,ACC_000386,ACC_000875,2026-04-06 12:20:49.755011,TRANSFER,1381.66,BRANCH,USA,0
TXN_0003751,ACC_000020,ACC_000158,2026-05-20 21:38:37.755011,WITHDRAWAL,4011.36,MOBILE,Singapore,0
TXN_0003752,ACC_000379,ACC_000791,2026-08-18 01:46:48.755011,WITHDRAWAL,12027.23,BRANCH,Singapore,0
TXN_0003753,ACC_000367,ACC_000067,2026-03-14 14:01:34.755011,DEPOSIT,36439.59,ONLINE,India,0
TXN_0003754,ACC_000847,ACC_000513,2026-03-19 08:03:13.755011,DEPOSIT,4732.13,ONLINE,UK,0
TXN_0003755,ACC_000773,ACC_000668,2026-04-27 15:26:17.755011,DEPOSIT,3530.87,ATM,Singapore,0
TXN_0003756,ACC_000222,ACC_000101,2026-03-19 08:18:41.755011,DEPOSIT,763.03,MOBILE,UK,0
TXN_0003757,ACC_000191,ACC_000910,2026-06-18 09:25:36.755011,DEPOSIT,48064.14,MOBILE,India,1
TXN_0003758,ACC_000867,ACC_000333,2026-06-13 04:25:47.755011,DEPOSIT,93947.49,ATM,Singapore,0
TXN_0003759,ACC_000177,ACC_000341,2026-06-24 17:06:11.755011,WITHDRAWAL,11303.08,BRANCH,Hong Kong,0
TXN_0003760,ACC_000915,ACC_000462,2026-04-05 02:29:40.755011,PAYMENT,7889.32,MOBILE,India,0
TXN_0003761,ACC_000257,ACC_000140,2026-05-29 16:33:47.755011,TRANSFER,11926.27,BRANCH,Hong Kong,0
TXN_0003762,ACC_000212,ACC_000148,2026-07-18 03:00:02.755011,DEPOSIT,7995.94,ONLINE,Hong Kong,0
TXN_0003763,ACC_000214,ACC_000745,2026-05-12 03:29:07.755011,DEPOSIT,3054.54,BRANCH,Singapore,0
TXN_0003764,ACC_000619,ACC_000129,2026-05-16 00:07:12.755011,PAYMENT,21762.33,BRANCH,Hong Kong,0
TXN_0003765,ACC_000622,ACC_000054,2026-06-07 17:36:27.755011,DEPOSIT,10624.46,ONLINE,UK,0
TXN_0003766,ACC_000403,ACC_000606,2026-06-17 01:55:09.755011,PAYMENT,8276.17,ATM,India,0
TXN_0003767,ACC_000380,ACC_000797,2026-08-05 22:57:27.755011,PAYMENT,2513.82,MOBILE,India,0
TXN_0003768,ACC_000704,ACC_000538,2026-03-12 09:27:42.755011,PAYMENT,38723.79,BRANCH,USA,0
TXN_0003769,ACC_000086,ACC_000980,2026-07-29 14:00:43.755011,WITHDRAWAL,17991.29,BRANCH,Singapore,0
TXN_0003770,ACC_000197,ACC_000699,2026-08-05 05:53:55.755011,WITHDRAWAL,21420.26,BRANCH,Singapore,1
TXN_0003771,ACC_000513,ACC_000610,2026-06-07 10:38:51.755011,DEPOSIT,26962.16,BRANCH,Hong Kong,0
TXN_0003772,ACC_000163,ACC_000447,2026-04-25 22:02:18.755011,TRANSFER,4460.05,ONLINE,USA,0
TXN_0003773,ACC_000266,ACC_000151,2026-06-17 18:56:40.755011,PAYMENT,3170.35,BRANCH,USA,0
TXN_0003774,ACC_000858,ACC_000134,2026-07-31 00:23:03.755011,DEPOSIT,3256.33,ATM,USA,0
TXN_0003775,ACC_000180,ACC_000967,2026-04-10 15:36:31.755011,PAYMENT,967.5,BRANCH,India,0
TXN_0003776,ACC_000856,ACC_000476,2026-03-22 00:40:12.755011,WITHDRAWAL,14269.09,BRANCH,Singapore,0
TXN_0003777,ACC_000110,ACC_000434,2026-06-10 23:08:19.755011,PAYMENT,900.21,ONLINE,UK,0
TXN_0003778,ACC_000557,ACC_000381,2026-08-25 22:21:39.755011,TRANSFER,1855.42,MOBILE,UK,0
TXN_0003779,ACC_000591,ACC_000567,2026-05-24 22:33:35.755011,PAYMENT,671.35,ONLINE,UK,0
TXN_0003780,ACC_000856,ACC_000436,2026-03-27 13:44:30.755011,TRANSFER,7307.94,ATM,UAE,0
TXN_0003781,ACC_000192,ACC_000031,2026-04-11 06:05:25.755011,PAYMENT,6765.66,BRANCH,UAE,0
TXN_0003782,ACC_000098,ACC_000912,2026-03-10 03:56:13.755011,WITHDRAWAL,5475.09,ATM,Hong Kong,0
TXN_0003783,ACC_000849,ACC_000080,2026-06-11 16:04:58.755011,TRANSFER,2319.04,BRANCH,UAE,0
TXN_0003784,ACC_000462,ACC_000476,2026-03-21 08:05:12.755011,TRANSFER,1984.89,ATM,India,0
TXN_0003785,ACC_000457,ACC_000909,2026-04-14 03:16:56.755011,TRANSFER,14146.8,MOBILE,Hong Kong,0
TXN_0003786,ACC_000299,ACC_000598,2026-03-13 20:24:31.755011,PAYMENT,4185.32,ATM,USA,0
TXN_0003787,ACC_000188,ACC_000260,2026-06-04 13:25:56.755011,WITHDRAWAL,11844.63,BRANCH,UAE,0
TXN_0003788,ACC_000884,ACC_000828,2026-03-29 10:19:39.755011,DEPOSIT,2800.92,ATM,UAE,0
TXN_0003789,ACC_000444,ACC_000248,2026-06-01 14:25:26.755011,TRANSFER,10069.59,ATM,UAE,0
TXN_0003790,ACC_000775,ACC_000952,2026-05-23 16:30:06.755011,WITHDRAWAL,38713.11,MOBILE,India,0
TXN_0003791,ACC_000631,ACC_000747,2026-05-14 09:15:02.755011,WITHDRAWAL,16373.16,ONLINE,Hong Kong,0
TXN_0003792,ACC_000620,ACC_000231,2026-07-28 19:10:03.755011,PAYMENT,4939.92,BRANCH,Hong Kong,0
TXN_0003793,ACC_000506,ACC_000185,2026-08-01 16:08:37.755011,TRANSFER,11032.92,ATM,UAE,0
TXN_0003794,ACC_000228,ACC_000357,2026-05-21 17:31:01.755011,TRANSFER,6070.53,MOBILE,UAE,0
TXN_0003795,ACC_000129,ACC_000851,2026-03-19 00:22:51.755011,DEPOSIT,8180.07,BRANCH,Singapore,0
TXN_0003796,ACC_000844,ACC_000176,2026-05-10 18:15:32.755011,DEPOSIT,5482.23,ATM,UAE,0
TXN_0003797,ACC_000211,ACC_000603,2026-05-15 13:41:44.755011,DEPOSIT,6652.83,MOBILE,UAE,0
TXN_0003798,ACC_000383,ACC_000024,2026-06-29 07:50:25.755011,DEPOSIT,10451.62,ONLINE,UAE,0
TXN_0003799,ACC_000309,ACC_000836,2026-05-30 21:38:08.755011,TRANSFER,2460.13,BRANCH,Hong Kong,0
TXN_0003800,ACC_000772,ACC_000423,2026-05-17 00:36:09.755011,TRANSFER,2394.54,ATM,India,0
TXN_0003801,ACC_000733,ACC_000945,2026-07-14 14:43:01.755011,TRANSFER,1531.11,ATM,UAE,0
TXN_0003802,ACC_000791,ACC_000080,2026-04-12 14:42:39.755011,WITHDRAWAL,1187.58,MOBILE,USA,0
TXN_0003803,ACC_000266,ACC_000556,2026-04-30 17:37:23.755011,TRANSFER,1880.44,ATM,USA,0
TXN_0003804,ACC_000981,ACC_000198,2026-05-14 03:12:03.755011,PAYMENT,9811.94,ATM,USA,0
TXN_0003805,ACC_000251,ACC_000367,2026-04-09 00:58:11.755011,TRANSFER,2775.69,ONLINE,USA,0
TXN_0003806,ACC_000668,ACC_000825,2026-08-30 08:44:38.755011,WITHDRAWAL,15007.98,MOBILE,India,0
TXN_0003807,ACC_000747,ACC_000232,2026-08-26 06:15:42.755011,WITHDRAWAL,8447.76,MOBILE,UK,0
TXN_0003808,ACC_000920,ACC_000035,2026-07-18 01:52:18.755011,PAYMENT,763.41,BRANCH,UAE,0
TXN_0003809,ACC_000828,ACC_000574,2026-06-23 02:42:32.755011,WITHDRAWAL,17782.51,ATM,UAE,0
TXN_0003810,ACC_000252,ACC_000198,2026-08-05 02:25:06.755011,PAYMENT,21438.82,MOBILE,USA,0
TXN_0003811,ACC_000607,ACC_000437,2026-04-08 03:42:44.755011,PAYMENT,2458.64,ONLINE,UAE,0
TXN_0003812,ACC_000765,ACC_000759,2026-06-25 01:03:49.755011,PAYMENT,13416.36,ONLINE,USA,0
TXN_0003813,ACC_000276,ACC_000771,2026-08-07 14:30:53.755011,WITHDRAWAL,2899.23,ONLINE,USA,0
TXN_0003814,ACC_000455,ACC_000799,2026-03-18 15:12:42.755011,WITHDRAWAL,9110.7,BRANCH,UK,0
TXN_0003815,ACC_000616,ACC_000630,2026-07-04 05:57:13.755011,PAYMENT,1776.86,ONLINE,India,0
TXN_0003816,ACC_000412,ACC_000203,2026-06-11 20:32:39.755011,TRANSFER,942.25,BRANCH,Singapore,0
TXN_0003817,ACC_000285,ACC_000164,2026-05-18 15:19:03.755011,TRANSFER,5118.51,ONLINE,Singapore,0
TXN_0003818,ACC_000888,ACC_000275,2026-08-04 22:15:59.755011,TRANSFER,6985.03,ATM,Singapore,0
TXN_0003819,ACC_000101,ACC_000601,2026-08-09 04:35:18.755011,PAYMENT,5028.03,ATM,Singapore,0
TXN_0003820,ACC_000235,ACC_000103,2026-07-21 23:15:57.755011,DEPOSIT,1956.99,MOBILE,USA,0
TXN_0003821,ACC_000967,ACC_000434,2026-04-01 08:07:21.755011,WITHDRAWAL,5014.66,BRANCH,UK,0
TXN_0003822,ACC_000521,ACC_000645,2026-08-20 02:34:46.755011,DEPOSIT,11194.23,MOBILE,Singapore,0
TXN_0003823,ACC_000146,ACC_000719,2026-08-30 07:59:21.755011,TRANSFER,7678.11,BRANCH,India,0
TXN_0003824,ACC_000235,ACC_000028,2026-08-03 07:01:11.755011,TRANSFER,10086.98,ATM,Hong Kong,0
TXN_0003825,ACC_000925,ACC_000276,2026-06-18 23:16:01.755011,WITHDRAWAL,3625.91,ATM,UK,0
TXN_0003826,ACC_000723,ACC_000109,2026-04-08 17:42:42.755011,TRANSFER,33059.41,MOBILE,Hong Kong,0
TXN_0003827,ACC_000364,ACC_000011,2026-05-10 21:41:41.755011,WITHDRAWAL,1975.53,ONLINE,UK,0
TXN_0003828,ACC_000143,ACC_000103,2026-08-04 08:22:28.755011,TRANSFER,14546.02,MOBILE,USA,0
TXN_0003829,ACC_000530,ACC_000872,2026-03-17 01:10:12.755011,DEPOSIT,33465.47,BRANCH,UAE,0
TXN_0003830,ACC_000268,ACC_000478,2026-04-03 13:56:37.755011,PAYMENT,14430.36,MOBILE,Hong Kong,0
TXN_0003831,ACC_000135,ACC_000158,2026-08-21 10:50:26.755011,TRANSFER,6354.83,ATM,Hong Kong,0
TXN_0003832,ACC_000818,ACC_000692,2026-07-07 11:06:04.755011,WITHDRAWAL,4298.6,ONLINE,UAE,0
TXN_0003833,ACC_000310,ACC_000791,2026-03-08 21:41:20.755011,DEPOSIT,28093.83,BRANCH,India,0
TXN_0003834,ACC_000392,ACC_000850,2026-07-08 13:58:01.755011,PAYMENT,1469.14,ATM,USA,0
TXN_0003835,ACC_000604,ACC_000572,2026-06-29 19:37:10.755011,DEPOSIT,2529.69,MOBILE,India,0
TXN_0003836,ACC_000966,ACC_000059,2026-07-05 08:54:11.755011,PAYMENT,5028.77,MOBILE,Singapore,0
TXN_0003837,ACC_000297,ACC_000984,2026-07-14 16:36:13.755011,DEPOSIT,35781.44,MOBILE,India,0
TXN_0003838,ACC_000652,ACC_000516,2026-05-11 05:31:03.755011,WITHDRAWAL,12781.08,ATM,Hong Kong,0
TXN_0003839,ACC_000329,ACC_000717,2026-08-04 22:05:48.755011,DEPOSIT,2536.0,BRANCH,USA,0
TXN_0003840,ACC_000019,ACC_000758,2026-04-09 20:12:33.755011,WITHDRAWAL,5583.83,BRANCH,Singapore,0
TXN_0003841,ACC_000798,ACC_000173,2026-06-28 23:03:52.755011,WITHDRAWAL,3876.98,MOBILE,USA,0
TXN_0003842,ACC_000896,ACC_000327,2026-07-09 06:44:49.755011,WITHDRAWAL,3457.33,ONLINE,UAE,0
TXN_0003843,ACC_000163,ACC_000177,2026-06-23 07:40:22.755011,PAYMENT,26230.22,MOBILE,India,0
TXN_0003844,ACC_000188,ACC_000362,2026-06-19 00:22:26.755011,DEPOSIT,1562.29,ATM,UK,0
TXN_0003845,ACC_000422,ACC_000194,2026-06-22 17:47:31.755011,WITHDRAWAL,55856.27,ATM,Hong Kong,0
TXN_0003846,ACC_000969,ACC_000174,2026-08-19 17:25:12.755011,PAYMENT,21891.98,ATM,UK,0
TXN_0003847,ACC_000588,ACC_000180,2026-06-26 02:14:02.755011,TRANSFER,30002.44,ONLINE,UAE,0
TXN_0003848,ACC_000404,ACC_000175,2026-05-27 12:48:31.755011,DEPOSIT,4649.3,ONLINE,USA,0
TXN_0003849,ACC_000269,ACC_000941,2026-03-07 12:14:31.755011,WITHDRAWAL,6768.75,ONLINE,UAE,0
TXN_0003850,ACC_000190,ACC_000069,2026-04-14 04:09:16.755011,DEPOSIT,1451.3,MOBILE,Hong Kong,0
TXN_0003851,ACC_000238,ACC_000630,2026-07-24 17:22:36.755011,TRANSFER,4317.38,ONLINE,Hong Kong,0
TXN_0003852,ACC_000225,ACC_000252,2026-06-27 02:25:02.755011,WITHDRAWAL,14652.79,ATM,UAE,0
TXN_0003853,ACC_000165,ACC_000306,2026-04-02 13:45:43.755011,DEPOSIT,38379.38,ONLINE,India,0
TXN_0003854,ACC_000392,ACC_000873,2026-04-19 14:35:08.755011,TRANSFER,2146.11,ONLINE,Singapore,0
TXN_0003855,ACC_000498,ACC_000675,2026-06-18 03:50:09.755011,TRANSFER,37383.87,MOBILE,Singapore,1
TXN_0003856,ACC_000946,ACC_000702,2026-03-28 23:54:39.755011,DEPOSIT,6757.72,ONLINE,Singapore,0
TXN_0003857,ACC_000289,ACC_000224,2026-08-23 11:01:23.755011,WITHDRAWAL,10544.48,ONLINE,India,1
TXN_0003858,ACC_000475,ACC_000178,2026-04-20 18:54:13.755011,PAYMENT,16475.33,MOBILE,Singapore,0
TXN_0003859,ACC_000436,ACC_000675,2026-08-14 21:17:16.755011,PAYMENT,3398.92,ATM,Hong Kong,0
TXN_0003860,ACC_000908,ACC_000203,2026-08-22 21:13:14.755011,DEPOSIT,6409.47,ONLINE,India,0
TXN_0003861,ACC_000633,ACC_000266,2026-08-08 08:42:32.755011,WITHDRAWAL,4711.02,ONLINE,Singapore,0
TXN_0003862,ACC_000733,ACC_000102,2026-04-15 07:23:27.755011,DEPOSIT,3142.56,MOBILE,UK,0
TXN_0003863,ACC_000120,ACC_000938,2026-05-02 07:53:48.755011,PAYMENT,8034.87,BRANCH,USA,0
TXN_0003864,ACC_000917,ACC_000398,2026-07-13 07:53:20.755011,WITHDRAWAL,6255.83,BRANCH,Singapore,0
TXN_0003865,ACC_000033,ACC_000433,2026-07-31 11:54:28.755011,PAYMENT,5186.27,MOBILE,UAE,0
TXN_0003866,ACC_000999,ACC_000047,2026-07-06 13:37:53.755011,WITHDRAWAL,3380.73,BRANCH,India,0
TXN_0003867,ACC_000349,ACC_000103,2026-08-21 03:17:01.755011,DEPOSIT,11889.72,ONLINE,India,0
TXN_0003868,ACC_000635,ACC_000631,2026-06-11 11:13:46.755011,PAYMENT,58943.86,ATM,UK,0
TXN_0003869,ACC_000904,ACC_000173,2026-03-15 10:59:16.755011,WITHDRAWAL,9584.14,ATM,Singapore,0
TXN_0003870,ACC_000274,ACC_000080,2026-08-04 06:31:20.755011,DEPOSIT,26778.16,ATM,USA,0
TXN_0003871,ACC_000800,ACC_000344,2026-05-29 15:35:02.755011,PAYMENT,1528.03,BRANCH,UAE,0
TXN_0003872,ACC_000780,ACC_000012,2026-06-26 04:45:18.755011,PAYMENT,9791.93,MOBILE,UK,0
TXN_0003873,ACC_000764,ACC_000231,2026-05-18 06:07:36.755011,DEPOSIT,2171.47,ATM,Singapore,0
TXN_0003874,ACC_000288,ACC_000705,2026-03-15 12:19:16.755011,DEPOSIT,1377.04,ATM,USA,0
TXN_0003875,ACC_000724,ACC_000273,2026-07-27 23:30:38.755011,TRANSFER,3336.76,ONLINE,India,0
TXN_0003876,ACC_000513,ACC_000896,2026-04-20 13:37:30.755011,WITHDRAWAL,33869.81,MOBILE,Singapore,0
TXN_0003877,ACC_000179,ACC_000094,2026-04-28 11:40:31.755011,DEPOSIT,25336.95,MOBILE,USA,0
TXN_0003878,ACC_000618,ACC_000017,2026-06-30 00:32:05.755011,TRANSFER,10846.59,ATM,Singapore,0
TXN_0003879,ACC_000689,ACC_000438,2026-04-27 07:24:10.755011,TRANSFER,1287.89,MOBILE,Singapore,0
TXN_0003880,ACC_000421,ACC_000755,2026-07-08 18:49:51.755011,TRANSFER,6402.62,MOBILE,USA,0
TXN_0003881,ACC_000536,ACC_000269,2026-08-30 11:49:29.755011,WITHDRAWAL,11638.11,ATM,Singapore,0
TXN_0003882,ACC_000385,ACC_000085,2026-07-26 18:36:47.755011,DEPOSIT,10003.03,MOBILE,Singapore,0
TXN_0003883,ACC_000870,ACC_000479,2026-05-26 20:54:33.755011,PAYMENT,886.65,BRANCH,USA,0
TXN_0003884,ACC_000829,ACC_000923,2026-09-03 00:06:59.755011,TRANSFER,2783.93,MOBILE,Hong Kong,0
TXN_0003885,ACC_000090,ACC_000532,2026-07-20 05:23:54.755011,WITHDRAWAL,7503.36,ONLINE,India,0
TXN_0003886,ACC_000947,ACC_000713,2026-06-07 18:30:50.755011,PAYMENT,15421.98,ONLINE,India,0
TXN_0003887,ACC_000343,ACC_000042,2026-05-06 06:46:52.755011,DEPOSIT,580.94,BRANCH,India,0
TXN_0003888,ACC_000373,ACC_000422,2026-04-22 07:48:27.755011,DEPOSIT,6670.51,ONLINE,UK,0
TXN_0003889,ACC_000723,ACC_000254,2026-04-20 17:09:12.755011,DEPOSIT,9620.57,MOBILE,Singapore,0
TXN_0003890,ACC_000217,ACC_000028,2026-04-24 03:53:26.755011,DEPOSIT,22460.97,BRANCH,Hong Kong,0
TXN_0003891,ACC_000023,ACC_000838,2026-04-17 10:22:42.755011,DEPOSIT,18609.53,BRANCH,Hong Kong,0
TXN_0003892,ACC_000124,ACC_000562,2026-08-30 03:35:45.755011,PAYMENT,16302.69,ATM,Hong Kong,0
TXN_0003893,ACC_000910,ACC_000879,2026-05-26 03:17:15.755011,DEPOSIT,3102.83,MOBILE,India,0
TXN_0003894,ACC_000525,ACC_000463,2026-08-04 04:39:58.755011,DEPOSIT,820.9,MOBILE,USA,0
TXN_0003895,ACC_000693,ACC_000613,2026-05-10 10:37:43.755011,TRANSFER,5056.03,BRANCH,Singapore,0
TXN_0003896,ACC_000425,ACC_000210,2026-06-26 15:47:35.755011,WITHDRAWAL,26955.92,ATM,Hong Kong,0
TXN_0003897,ACC_000890,ACC_000869,2026-07-05 10:47:44.755011,DEPOSIT,43137.39,BRANCH,India,0
TXN_0003898,ACC_000818,ACC_000653,2026-05-07 14:41:28.755011,WITHDRAWAL,19008.83,ONLINE,Hong Kong,0
TXN_0003899,ACC_000142,ACC_000143,2026-06-26 08:09:10.755011,TRANSFER,13564.47,BRANCH,India,0
TXN_0003900,ACC_000575,ACC_000433,2026-08-20 18:25:38.755011,TRANSFER,12779.12,BRANCH,Hong Kong,0
TXN_0003901,ACC_000417,ACC_000401,2026-03-13 05:41:18.755011,PAYMENT,4157.45,ATM,India,0
TXN_0003902,ACC_000782,ACC_000167,2026-05-24 13:34:09.755011,TRANSFER,6932.17,BRANCH,USA,0
TXN_0003903,ACC_000596,ACC_000182,2026-06-28 03:05:51.755011,TRANSFER,60047.03,ATM,Singapore,0
TXN_0003904,ACC_000429,ACC_000720,2026-04-06 08:24:15.755011,WITHDRAWAL,2614.77,ATM,USA,0
TXN_0003905,ACC_000756,ACC_000937,2026-06-04 07:23:18.755011,TRANSFER,56259.74,BRANCH,UK,0
TXN_0003906,ACC_000415,ACC_000602,2026-04-09 18:52:45.755011,WITHDRAWAL,5505.85,ATM,India,0
TXN_0003907,ACC_000606,ACC_000549,2026-07-20 12:09:08.755011,PAYMENT,39756.1,ONLINE,Hong Kong,0
TXN_0003908,ACC_000310,ACC_000704,2026-05-09 22:15:12.755011,TRANSFER,1497.9,ONLINE,UK,0
TXN_0003909,ACC_000626,ACC_000429,2026-06-25 06:53:23.755011,DEPOSIT,16368.03,ONLINE,Singapore,0
TXN_0003910,ACC_000632,ACC_000349,2026-03-19 19:04:02.755011,DEPOSIT,3347.19,ATM,India,0
TXN_0003911,ACC_000544,ACC_000167,2026-07-03 09:07:13.755011,WITHDRAWAL,1482.79,ATM,UAE,0
TXN_0003912,ACC_000795,ACC_000285,2026-07-29 15:23:20.755011,PAYMENT,10532.71,ONLINE,Hong Kong,0
TXN_0003913,ACC_000711,ACC_000695,2026-08-23 16:52:50.755011,TRANSFER,27210.72,BRANCH,Hong Kong,0
TXN_0003914,ACC_000483,ACC_000515,2026-05-26 21:48:05.755011,TRANSFER,2939.72,BRANCH,Hong Kong,0
TXN_0003915,ACC_000278,ACC_000680,2026-07-09 21:52:14.755011,PAYMENT,1341.01,ONLINE,UK,0
TXN_0003916,ACC_000594,ACC_000885,2026-06-17 22:22:14.755011,TRANSFER,7257.47,ONLINE,Singapore,0
TXN_0003917,ACC_000904,ACC_000791,2026-04-25 12:16:58.755011,PAYMENT,7295.97,ONLINE,UK,0
TXN_0003918,ACC_000794,ACC_000048,2026-06-02 14:30:14.755011,TRANSFER,15646.2,BRANCH,India,0
TXN_0003919,ACC_000423,ACC_000646,2026-04-06 18:27:31.755011,WITHDRAWAL,25324.14,ONLINE,Singapore,0
TXN_0003920,ACC_000032,ACC_000526,2026-04-15 23:52:36.755011,TRANSFER,7545.46,ONLINE,Singapore,0
TXN_0003921,ACC_000542,ACC_000170,2026-04-05 15:10:49.755011,DEPOSIT,75102.11,ATM,Hong Kong,0
TXN_0003922,ACC_000853,ACC_000307,2026-05-03 22:28:13.755011,WITHDRAWAL,10605.01,ONLINE,Hong Kong,0
TXN_0003923,ACC_000151,ACC_000529,2026-06-04 07:51:52.755011,WITHDRAWAL,5346.99,ATM,Hong Kong,0
TXN_0003924,ACC_000283,ACC_000091,2026-07-08 01:22:38.755011,TRANSFER,1171.59,BRANCH,UAE,0
TXN_0003925,ACC_000702,ACC_000116,2026-06-30 11:34:46.755011,DEPOSIT,5912.41,ONLINE,USA,0
TXN_0003926,ACC_000402,ACC_000136,2026-05-25 07:51:46.755011,TRANSFER,5411.79,ONLINE,UAE,0
TXN_0003927,ACC_000246,ACC_000640,2026-03-10 17:07:14.755011,TRANSFER,25651.72,BRANCH,India,0
TXN_0003928,ACC_000180,ACC_000945,2026-08-10 16:10:09.755011,DEPOSIT,14114.82,ATM,Hong Kong,0
TXN_0003929,ACC_000288,ACC_000276,2026-04-27 20:02:35.755011,PAYMENT,1967.97,MOBILE,UAE,0
TXN_0003930,ACC_000189,ACC_000658,2026-07-11 20:47:20.755011,WITHDRAWAL,9963.71,MOBILE,UAE,0
TXN_0003931,ACC_000497,ACC_000922,2026-08-24 09:05:50.755011,TRANSFER,18139.32,ONLINE,USA,0
TXN_0003932,ACC_000303,ACC_000830,2026-07-30 09:28:08.755011,PAYMENT,50697.79,MOBILE,USA,0
TXN_0003933,ACC_000221,ACC_000418,2026-05-19 01:45:20.755011,TRANSFER,23505.85,ONLINE,USA,0
TXN_0003934,ACC_000010,ACC_000188,2026-06-04 11:59:37.755011,WITHDRAWAL,211273.11,BRANCH,Singapore,1
TXN_0003935,ACC_000722,ACC_000061,2026-09-03 10:30:08.755011,PAYMENT,8708.92,BRANCH,Hong Kong,0
TXN_0003936,ACC_000136,ACC_000941,2026-03-07 14:40:36.755011,WITHDRAWAL,12912.8,ATM,Singapore,0
TXN_0003937,ACC_000784,ACC_000913,2026-08-18 10:34:07.755011,WITHDRAWAL,36293.93,ONLINE,UK,0
TXN_0003938,ACC_000783,ACC_000436,2026-07-21 01:52:39.755011,WITHDRAWAL,1637.08,ONLINE,Hong Kong,0
TXN_0003939,ACC_000809,ACC_000377,2026-05-31 19:50:54.755011,WITHDRAWAL,5327.69,ONLINE,USA,0
TXN_0003940,ACC_000719,ACC_000279,2026-08-15 01:30:48.755011,PAYMENT,3206.44,ONLINE,UK,0
TXN_0003941,ACC_000463,ACC_000511,2026-06-26 03:16:39.755011,PAYMENT,12771.66,MOBILE,UK,0
TXN_0003942,ACC_000421,ACC_000156,2026-05-24 03:32:01.755011,PAYMENT,35463.76,ATM,USA,0
TXN_0003943,ACC_000413,ACC_000827,2026-05-20 11:25:27.755011,DEPOSIT,3958.54,BRANCH,UK,0
TXN_0003944,ACC_000382,ACC_000596,2026-04-01 13:53:47.755011,WITHDRAWAL,460.19,BRANCH,Hong Kong,0
TXN_0003945,ACC_000767,ACC_000052,2026-04-02 15:43:04.755011,WITHDRAWAL,4941.06,ATM,UAE,0
TXN_0003946,ACC_000170,ACC_000985,2026-04-12 07:00:45.755011,DEPOSIT,24249.92,ATM,India,0
TXN_0003947,ACC_000075,ACC_000990,2026-05-23 18:37:46.755011,DEPOSIT,15446.78,BRANCH,USA,0
TXN_0003948,ACC_000387,ACC_000625,2026-05-13 09:45:21.755011,PAYMENT,13545.69,ATM,USA,0
TXN_0003949,ACC_000753,ACC_000489,2026-06-22 19:32:29.755011,DEPOSIT,5790.7,BRANCH,Hong Kong,0
TXN_0003950,ACC_000192,ACC_000382,2026-07-04 02:09:45.755011,DEPOSIT,1746.14,ONLINE,UK,0
TXN_0003951,ACC_000538,ACC_000177,2026-04-25 22:34:43.755011,TRANSFER,15038.26,MOBILE,UAE,0
TXN_0003952,ACC_000336,ACC_000205,2026-03-26 00:49:59.755011,PAYMENT,2977.57,ONLINE,USA,0
TXN_0003953,ACC_000005,ACC_000919,2026-05-24 14:38:58.755011,TRANSFER,573467.74,MOBILE,UK,1
TXN_0003954,ACC_000716,ACC_000478,2026-07-13 06:38:24.755011,DEPOSIT,16068.38,ATM,UAE,0
TXN_0003955,ACC_000980,ACC_000812,2026-03-20 12:54:49.755011,WITHDRAWAL,4036.86,ATM,India,0
TXN_0003956,ACC_000959,ACC_000578,2026-07-27 10:12:53.755011,TRANSFER,3890.67,ATM,UK,0
TXN_0003957,ACC_000529,ACC_000832,2026-04-16 02:23:05.755011,DEPOSIT,7247.9,MOBILE,USA,0
TXN_0003958,ACC_000557,ACC_000482,2026-08-18 06:37:48.755011,PAYMENT,6079.01,ONLINE,UAE,0
TXN_0003959,ACC_000660,ACC_000336,2026-05-30 21:18:28.755011,DEPOSIT,30952.24,MOBILE,USA,0
TXN_0003960,ACC_000963,ACC_000715,2026-07-15 00:08:24.755011,PAYMENT,10134.49,MOBILE,India,0
TXN_0003961,ACC_000665,ACC_000155,2026-07-23 05:14:00.755011,TRANSFER,3367.89,ATM,USA,0
TXN_0003962,ACC_000032,ACC_000584,2026-04-21 12:53:05.755011,DEPOSIT,78317.69,BRANCH,Singapore,0
TXN_0003963,ACC_000105,ACC_000638,2026-08-09 21:13:29.755011,WITHDRAWAL,8597.01,BRANCH,USA,0
TXN_0003964,ACC_000963,ACC_000848,2026-06-25 19:57:30.755011,TRANSFER,20386.08,MOBILE,Singapore,0
TXN_0003965,ACC_000005,ACC_000088,2026-08-25 05:08:42.755011,DEPOSIT,3905.45,MOBILE,USA,0
TXN_0003966,ACC_000460,ACC_000631,2026-03-08 00:02:21.755011,DEPOSIT,12528.22,BRANCH,India,0
TXN_0003967,ACC_000586,ACC_000342,2026-05-30 01:53:46.755011,DEPOSIT,11770.27,ATM,Hong Kong,0
TXN_0003968,ACC_000987,ACC_000790,2026-07-10 02:49:14.755011,WITHDRAWAL,839.18,ONLINE,UK,0
TXN_0003969,ACC_000503,ACC_000264,2026-05-06 03:27:50.755011,TRANSFER,90974.1,ATM,UK,0
TXN_0003970,ACC_000673,ACC_000199,2026-03-21 13:09:54.755011,DEPOSIT,38130.64,MOBILE,Singapore,0
TXN_0003971,ACC_000509,ACC_000502,2026-03-17 12:38:11.755011,DEPOSIT,5030.96,ATM,Hong Kong,0
TXN_0003972,ACC_000994,ACC_000359,2026-06-11 20:09:11.755011,TRANSFER,2158.73,ATM,Singapore,0
TXN_0003973,ACC_000781,ACC_000680,2026-06-27 05:34:36.755011,PAYMENT,12296.55,ONLINE,USA,0
TXN_0003974,ACC_000637,ACC_000763,2026-08-16 06:40:22.755011,TRANSFER,8991.52,ATM,UAE,0
TXN_0003975,ACC_000471,ACC_000042,2026-04-17 05:36:37.755011,PAYMENT,12416.76,MOBILE,Hong Kong,0
TXN_0003976,ACC_000873,ACC_000318,2026-05-03 12:52:25.755011,WITHDRAWAL,10197.45,BRANCH,UK,0
TXN_0003977,ACC_000799,ACC_000278,2026-03-07 11:29:25.755011,DEPOSIT,14875.77,BRANCH,India,0
TXN_0003978,ACC_000426,ACC_000887,2026-06-19 06:15:10.755011,PAYMENT,46017.03,ATM,UK,0
TXN_0003979,ACC_000006,ACC_000709,2026-09-02 16:36:25.755011,DEPOSIT,312914.77,BRANCH,UK,1
TXN_0003980,ACC_000623,ACC_000074,2026-08-01 11:13:37.755011,DEPOSIT,2299.42,ONLINE,Hong Kong,0
TXN_0003981,ACC_000999,ACC_000366,2026-08-06 03:58:31.755011,TRANSFER,41567.56,BRANCH,Hong Kong,0
TXN_0003982,ACC_000171,ACC_000885,2026-07-13 02:50:40.755011,WITHDRAWAL,58031.28,ONLINE,UK,0
TXN_0003983,ACC_000995,ACC_000262,2026-04-13 20:36:23.755011,TRANSFER,355922.43,ONLINE,UAE,0
TXN_0003984,ACC_000002,ACC_000353,2026-06-14 06:39:40.755011,WITHDRAWAL,2104.45,ONLINE,Hong Kong,0
TXN_0003985,ACC_000329,ACC_000917,2026-03-25 23:51:25.755011,DEPOSIT,10844.99,MOBILE,UK,0
TXN_0003986,ACC_000402,ACC_000686,2026-07-05 16:33:41.755011,WITHDRAWAL,666.13,ATM,UAE,0
TXN_0003987,ACC_000408,ACC_000049,2026-09-02 11:06:37.755011,DEPOSIT,15737.14,BRANCH,India,0
TXN_0003988,ACC_000602,ACC_000252,2026-03-09 15:47:27.755011,TRANSFER,4197.14,MOBILE,UK,0
TXN_0003989,ACC_000553,ACC_000283,2026-03-30 05:25:19.755011,TRANSFER,81481.8,ATM,UAE,0
TXN_0003990,ACC_000560,ACC_000154,2026-07-23 16:31:20.755011,PAYMENT,3198.58,ONLINE,UAE,0
TXN_0003991,ACC_000603,ACC_000392,2026-04-17 01:07:52.755011,DEPOSIT,1067.4,ATM,Hong Kong,0
TXN_0003992,ACC_000527,ACC_000381,2026-04-22 18:48:13.755011,DEPOSIT,4603.09,MOBILE,Hong Kong,0
TXN_0003993,ACC_000456,ACC_000547,2026-07-29 21:11:11.755011,TRANSFER,4024.14,ATM,Singapore,1
TXN_0003994,ACC_000715,ACC_000347,2026-07-03 12:57:09.755011,TRANSFER,19956.68,BRANCH,UK,0
TXN_0003995,ACC_000615,ACC_000212,2026-07-23 04:38:30.755011,PAYMENT,679.87,ATM,UK,0
TXN_0003996,ACC_000205,ACC_000057,2026-04-02 02:57:40.755011,PAYMENT,8384.58,BRANCH,UK,0
TXN_0003997,ACC_000516,ACC_000930,2026-03-11 11:23:53.755011,TRANSFER,669.56,BRANCH,Singapore,0
TXN_0003998,ACC_000989,ACC_000620,2026-07-25 05:45:46.755011,DEPOSIT,5517.29,ONLINE,UAE,0
TXN_0003999,ACC_000733,ACC_000121,2026-07-17 09:47:11.755011,TRANSFER,58224.05,MOBILE,USA,0
TXN_0004000,ACC_000698,ACC_000877,2026-04-15 05:43:30.755011,PAYMENT,12491.17,BRANCH,Singapore,0
TXN_0004001,ACC_000551,ACC_000283,2026-05-11 13:38:13.755011,WITHDRAWAL,2875.0,ONLINE,UK,0
TXN_0004002,ACC_000247,ACC_000191,2026-05-24 00:09:17.755011,TRANSFER,7805.28,ONLINE,UAE,0
TXN_0004003,ACC_000303,ACC_000466,2026-03-13 17:50:50.755011,PAYMENT,8280.18,ATM,India,0
TXN_0004004,ACC_000927,ACC_000482,2026-07-02 02:10:58.755011,TRANSFER,14287.73,BRANCH,Singapore,0
TXN_0004005,ACC_000304,ACC_000492,2026-05-17 00:27:55.755011,TRANSFER,24621.2,ATM,Hong Kong,1
TXN_0004006,ACC_000455,ACC_000769,2026-03-22 23:35:05.755011,TRANSFER,16499.42,MOBILE,Singapore,0
TXN_0004007,ACC_000633,ACC_000587,2026-08-14 05:57:51.755011,WITHDRAWAL,315.68,ATM,UAE,0
TXN_0004008,ACC_000812,ACC_000498,2026-08-24 15:24:31.755011,DEPOSIT,3805.26,BRANCH,USA,0
TXN_0004009,ACC_000255,ACC_000335,2026-04-11 09:01:48.755011,DEPOSIT,4510.09,ONLINE,UK,0
TXN_0004010,ACC_000142,ACC_000768,2026-03-10 02:31:00.755011,DEPOSIT,17326.5,ONLINE,Hong Kong,0
TXN_0004011,ACC_000133,ACC_000383,2026-03-10 15:43:34.755011,DEPOSIT,8326.15,BRANCH,India,0
TXN_0004012,ACC_000530,ACC_000411,2026-05-21 20:31:20.755011,TRANSFER,1500.16,MOBILE,India,0
TXN_0004013,ACC_000406,ACC_000406,2026-03-15 12:38:09.755011,PAYMENT,2484.95,BRANCH,India,0
TXN_0004014,ACC_000749,ACC_000544,2026-04-01 13:30:50.755011,TRANSFER,10284.73,BRANCH,UK,0
TXN_0004015,ACC_000559,ACC_000602,2026-07-06 14:25:02.755011,TRANSFER,7369.6,ONLINE,USA,0
TXN_0004016,ACC_000122,ACC_000169,2026-06-30 11:42:50.755011,TRANSFER,4044.25,ATM,Hong Kong,0
TXN_0004017,ACC_000139,ACC_000024,2026-05-17 07:21:12.755011,WITHDRAWAL,4550.53,MOBILE,USA,0
TXN_0004018,ACC_000966,ACC_000472,2026-08-03 11:24:03.755011,WITHDRAWAL,18683.6,BRANCH,Hong Kong,0
TXN_0004019,ACC_000879,ACC_000115,2026-04-21 08:51:58.755011,PAYMENT,4353.65,BRANCH,India,0
TXN_0004020,ACC_000547,ACC_000441,2026-07-24 14:43:36.755011,TRANSFER,7290.23,ATM,Singapore,0
TXN_0004021,ACC_000971,ACC_000505,2026-08-12 15:59:52.755011,WITHDRAWAL,109526.73,MOBILE,UK,0
TXN_0004022,ACC_000605,ACC_000975,2026-07-07 19:52:17.755011,PAYMENT,1467.89,ONLINE,UK,0
TXN_0004023,ACC_000986,ACC_000620,2026-06-23 14:08:24.755011,WITHDRAWAL,878.12,MOBILE,UK,0
TXN_0004024,ACC_000128,ACC_000571,2026-03-25 01:08:46.755011,TRANSFER,20750.13,ONLINE,Hong Kong,0
TXN_0004025,ACC_000357,ACC_000645,2026-05-22 01:18:48.755011,WITHDRAWAL,3589.0,ATM,UK,0
TXN_0004026,ACC_000290,ACC_000781,2026-08-18 14:19:39.755011,WITHDRAWAL,5530.95,BRANCH,Singapore,0
TXN_0004027,ACC_000612,ACC_000814,2026-04-09 01:26:30.755011,WITHDRAWAL,3173.57,ATM,India,0
TXN_0004028,ACC_000054,ACC_000323,2026-06-11 14:09:11.755011,DEPOSIT,5932.73,BRANCH,India,0
TXN_0004029,ACC_000419,ACC_000106,2026-08-12 01:30:16.755011,DEPOSIT,55173.92,ATM,UK,0
TXN_0004030,ACC_000459,ACC_000011,2026-03-13 09:09:17.755011,WITHDRAWAL,21216.92,BRANCH,Hong Kong,0
TXN_0004031,ACC_000924,ACC_000944,2026-05-28 07:53:15.755011,DEPOSIT,22803.47,ONLINE,USA,0
TXN_0004032,ACC_000065,ACC_000375,2026-08-09 18:19:23.755011,WITHDRAWAL,1481.08,ONLINE,India,0
TXN_0004033,ACC_000698,ACC_000005,2026-04-15 02:43:19.755011,TRANSFER,2035.74,BRANCH,USA,0
TXN_0004034,ACC_000974,ACC_000093,2026-07-08 17:30:49.755011,DEPOSIT,268.57,BRANCH,India,0
TXN_0004035,ACC_000356,ACC_000540,2026-03-17 22:36:14.755011,DEPOSIT,3067.88,ONLINE,UK,0
TXN_0004036,ACC_000310,ACC_000077,2026-04-26 02:33:16.755011,PAYMENT,25541.09,ATM,UAE,0
TXN_0004037,ACC_000581,ACC_000272,2026-06-01 08:32:06.755011,TRANSFER,15068.11,BRANCH,UK,0
TXN_0004038,ACC_000219,ACC_000100,2026-05-17 09:49:30.755011,WITHDRAWAL,6211.66,BRANCH,UAE,0
TXN_0004039,ACC_000472,ACC_000127,2026-07-25 19:02:02.755011,TRANSFER,7889.12,BRANCH,Singapore,0
TXN_0004040,ACC_000415,ACC_000595,2026-05-04 18:47:52.755011,PAYMENT,62799.62,BRANCH,UK,1
TXN_0004041,ACC_000568,ACC_000241,2026-03-31 08:34:18.755011,PAYMENT,10360.03,MOBILE,Hong Kong,0
TXN_0004042,ACC_000643,ACC_000687,2026-04-27 16:41:25.755011,DEPOSIT,20313.76,BRANCH,UAE,0
TXN_0004043,ACC_000051,ACC_000791,2026-05-19 03:14:54.755011,PAYMENT,17832.73,ATM,Hong Kong,1
TXN_0004044,ACC_000486,ACC_000821,2026-08-19 01:01:52.755011,TRANSFER,11609.48,MOBILE,USA,0
TXN_0004045,ACC_000658,ACC_000103,2026-08-10 21:58:34.755011,PAYMENT,24808.01,ATM,India,0
TXN_0004046,ACC_000501,ACC_000248,2026-05-30 10:37:33.755011,PAYMENT,4924.02,ATM,USA,0
TXN_0004047,ACC_000716,ACC_000491,2026-07-02 16:33:30.755011,PAYMENT,18785.5,ATM,USA,0
TXN_0004048,ACC_000415,ACC_000297,2026-08-21 13:49:48.755011,WITHDRAWAL,237419.84,ONLINE,USA,0
TXN_0004049,ACC_000137,ACC_000330,2026-09-02 09:52:12.755011,PAYMENT,7149.44,ATM,Singapore,0
TXN_0004050,ACC_000988,ACC_000472,2026-08-28 09:40:50.755011,DEPOSIT,12990.43,ATM,UK,0
TXN_0004051,ACC_000941,ACC_000243,2026-06-07 09:17:08.755011,PAYMENT,3342.02,ATM,Hong Kong,0
TXN_0004052,ACC_000668,ACC_000145,2026-05-12 02:58:29.755011,TRANSFER,10071.87,ATM,USA,0
TXN_0004053,ACC_000590,ACC_000097,2026-03-11 16:10:48.755011,WITHDRAWAL,14077.4,ONLINE,India,0
TXN_0004054,ACC_000234,ACC_000780,2026-04-13 03:25:29.755011,PAYMENT,10237.48,MOBILE,UK,0
TXN_0004055,ACC_000507,ACC_000676,2026-05-04 02:51:03.755011,TRANSFER,2383.6,ATM,UAE,0
TXN_0004056,ACC_000495,ACC_000340,2026-07-16 01:57:05.755011,WITHDRAWAL,10379.98,ONLINE,UK,0
TXN_0004057,ACC_000351,ACC_000130,2026-07-19 10:55:41.755011,DEPOSIT,46846.67,ONLINE,Singapore,0
TXN_0004058,ACC_000707,ACC_000624,2026-06-25 20:00:01.755011,TRANSFER,13882.2,ATM,UAE,0
TXN_0004059,ACC_000734,ACC_000853,2026-03-31 14:27:06.755011,DEPOSIT,139874.07,MOBILE,USA,1
TXN_0004060,ACC_000189,ACC_000793,2026-04-06 12:09:54.755011,DEPOSIT,6097.2,ATM,USA,0
TXN_0004061,ACC_000479,ACC_000224,2026-06-06 05:31:04.755011,PAYMENT,19927.98,ONLINE,Singapore,0
TXN_0004062,ACC_000717,ACC_000984,2026-06-13 18:18:16.755011,TRANSFER,11329.0,BRANCH,Singapore,0
TXN_0004063,ACC_000490,ACC_000029,2026-07-27 05:39:59.755011,DEPOSIT,2588.69,ONLINE,USA,0
TXN_0004064,ACC_000244,ACC_000388,2026-03-17 15:06:26.755011,TRANSFER,11875.41,MOBILE,UAE,0
TXN_0004065,ACC_000516,ACC_000816,2026-07-06 14:41:59.755011,WITHDRAWAL,2465.04,ATM,Hong Kong,0
TXN_0004066,ACC_000844,ACC_000039,2026-07-26 19:28:25.755011,DEPOSIT,3791.6,MOBILE,Hong Kong,0
TXN_0004067,ACC_000508,ACC_000277,2026-08-28 19:10:31.755011,TRANSFER,10169.96,BRANCH,Singapore,0
TXN_0004068,ACC_000519,ACC_000172,2026-05-17 16:36:55.755011,DEPOSIT,11576.04,BRANCH,Singapore,0
TXN_0004069,ACC_000949,ACC_000003,2026-06-25 23:38:18.755011,DEPOSIT,1944.81,ATM,India,0
TXN_0004070,ACC_000724,ACC_000415,2026-04-24 01:23:19.755011,PAYMENT,28703.75,MOBILE,Hong Kong,0
TXN_0004071,ACC_000967,ACC_000414,2026-08-11 15:58:26.755011,WITHDRAWAL,16097.31,BRANCH,Hong Kong,0
TXN_0004072,ACC_000459,ACC_000274,2026-06-26 20:37:08.755011,WITHDRAWAL,3478.39,BRANCH,Hong Kong,0
TXN_0004073,ACC_000536,ACC_000948,2026-03-27 18:02:16.755011,PAYMENT,1280.36,BRANCH,Hong Kong,0
TXN_0004074,ACC_000726,ACC_000285,2026-06-20 15:31:12.755011,TRANSFER,6809.78,MOBILE,UAE,0
TXN_0004075,ACC_000438,ACC_000036,2026-06-13 17:37:27.755011,WITHDRAWAL,4745.1,MOBILE,India,0
TXN_0004076,ACC_000720,ACC_000820,2026-07-01 10:19:03.755011,PAYMENT,9281.41,ATM,Singapore,0
TXN_0004077,ACC_000304,ACC_000222,2026-05-31 05:24:58.755011,PAYMENT,5240.96,ATM,Hong Kong,0
TXN_0004078,ACC_000264,ACC_000915,2026-06-30 02:55:02.755011,DEPOSIT,728.55,ONLINE,USA,0
TXN_0004079,ACC_000562,ACC_000600,2026-07-25 00:00:56.755011,TRANSFER,5084.66,ONLINE,UK,0
TXN_0004080,ACC_000956,ACC_000348,2026-06-24 15:59:44.755011,PAYMENT,5615.34,MOBILE,India,0
TXN_0004081,ACC_000187,ACC_000702,2026-03-21 16:23:18.755011,DEPOSIT,17333.45,BRANCH,Hong Kong,0
TXN_0004082,ACC_000897,ACC_000168,2026-09-01 22:54:14.755011,PAYMENT,3505.75,ATM,UAE,0
TXN_0004083,ACC_000962,ACC_000510,2026-07-22 00:14:13.755011,WITHDRAWAL,1137798.36,ATM,Hong Kong,1
TXN_0004084,ACC_000733,ACC_000473,2026-05-23 16:28:11.755011,DEPOSIT,817.32,ONLINE,UAE,0
TXN_0004085,ACC_000145,ACC_000931,2026-06-17 16:05:11.755011,PAYMENT,39081.36,ATM,Singapore,0
TXN_0004086,ACC_000665,ACC_000495,2026-06-21 11:48:19.755011,TRANSFER,6190.79,MOBILE,Hong Kong,0
TXN_0004087,ACC_000298,ACC_000070,2026-08-19 02:13:12.755011,DEPOSIT,22731.38,ONLINE,Singapore,0
TXN_0004088,ACC_000205,ACC_000715,2026-07-27 11:08:16.755011,WITHDRAWAL,8917.42,MOBILE,Singapore,0
TXN_0004089,ACC_000589,ACC_000614,2026-07-30 15:07:47.755011,WITHDRAWAL,31807.79,BRANCH,India,0
TXN_0004090,ACC_000528,ACC_000439,2026-05-09 11:41:07.755011,DEPOSIT,5090.67,MOBILE,UAE,0
TXN_0004091,ACC_000198,ACC_000905,2026-05-21 13:48:24.755011,PAYMENT,2168.21,ONLINE,UAE,0
TXN_0004092,ACC_000158,ACC_000207,2026-06-01 19:53:21.755011,DEPOSIT,44560.59,ONLINE,India,0
TXN_0004093,ACC_000588,ACC_000902,2026-03-18 23:42:06.755011,PAYMENT,7071.47,BRANCH,India,0
TXN_0004094,ACC_000008,ACC_000102,2026-04-02 04:09:37.755011,DEPOSIT,10571.01,MOBILE,UK,0
TXN_0004095,ACC_000461,ACC_000701,2026-07-27 16:34:46.755011,DEPOSIT,35657.05,MOBILE,UK,0
TXN_0004096,ACC_000536,ACC_000970,2026-09-03 10:14:32.755011,DEPOSIT,2348.79,MOBILE,UK,0
TXN_0004097,ACC_000910,ACC_000506,2026-05-16 01:42:06.755011,WITHDRAWAL,16557.41,ONLINE,USA,0
TXN_0004098,ACC_000282,ACC_000006,2026-05-30 03:28:50.755011,TRANSFER,3992.31,ONLINE,Singapore,0
TXN_0004099,ACC_000534,ACC_000806,2026-05-12 00:19:19.755011,DEPOSIT,6914.64,ATM,UK,0
TXN_0004100,ACC_000074,ACC_000425,2026-05-15 20:45:32.755011,DEPOSIT,8837.28,MOBILE,UK,0
TXN_0004101,ACC_000180,ACC_000914,2026-04-06 08:20:50.755011,WITHDRAWAL,1339.07,MOBILE,UK,0
TXN_0004102,ACC_000603,ACC_000627,2026-06-14 22:32:48.755011,DEPOSIT,3182.41,MOBILE,India,0
TXN_0004103,ACC_000854,ACC_000207,2026-08-19 03:11:55.755011,PAYMENT,40998.37,BRANCH,UAE,0
TXN_0004104,ACC_000239,ACC_000857,2026-03-10 18:15:52.755011,WITHDRAWAL,297781.7,BRANCH,India,1
TXN_0004105,ACC_000021,ACC_000982,2026-06-03 08:31:32.755011,PAYMENT,7516.32,BRANCH,USA,0
TXN_0004106,ACC_000306,ACC_000830,2026-07-06 06:48:19.755011,WITHDRAWAL,10848.13,ATM,USA,0
TXN_0004107,ACC_000063,ACC_000178,2026-05-26 07:28:48.755011,TRANSFER,5692.52,MOBILE,Hong Kong,0
TXN_0004108,ACC_000754,ACC_000548,2026-07-04 04:43:07.755011,PAYMENT,41270.37,ONLINE,UAE,0
TXN_0004109,ACC_000765,ACC_000071,2026-04-30 10:33:32.755011,PAYMENT,6371.42,MOBILE,Hong Kong,0
TXN_0004110,ACC_000789,ACC_000444,2026-06-28 20:10:42.755011,TRANSFER,10702.26,BRANCH,UAE,0
TXN_0004111,ACC_000942,ACC_000841,2026-08-18 11:22:14.755011,DEPOSIT,32055.89,ATM,UK,0
TXN_0004112,ACC_000569,ACC_000276,2026-04-06 03:27:19.755011,TRANSFER,3188.02,ATM,UK,0
TXN_0004113,ACC_000540,ACC_000014,2026-04-28 22:47:23.755011,WITHDRAWAL,52603.98,MOBILE,India,0
TXN_0004114,ACC_000772,ACC_000789,2026-05-15 04:33:37.755011,DEPOSIT,1291.35,BRANCH,UK,0
TXN_0004115,ACC_000511,ACC_000656,2026-03-10 05:05:09.755011,PAYMENT,778647.26,MOBILE,Hong Kong,1
TXN_0004116,ACC_000599,ACC_000849,2026-05-11 20:36:42.755011,TRANSFER,5181.19,ATM,Hong Kong,0
TXN_0004117,ACC_000632,ACC_000257,2026-03-07 16:10:15.755011,WITHDRAWAL,45592.38,ATM,Hong Kong,1
TXN_0004118,ACC_000046,ACC_000821,2026-08-20 19:12:00.755011,PAYMENT,838.81,ONLINE,UK,0
TXN_0004119,ACC_000999,ACC_000782,2026-07-02 01:27:36.755011,PAYMENT,4694.97,MOBILE,UAE,0
TXN_0004120,ACC_000892,ACC_000018,2026-08-17 20:54:50.755011,DEPOSIT,2326.76,ATM,UK,0
TXN_0004121,ACC_000099,ACC_000578,2026-04-20 14:39:20.755011,DEPOSIT,3908.17,BRANCH,Singapore,0
TXN_0004122,ACC_000472,ACC_000372,2026-05-31 06:39:51.755011,WITHDRAWAL,6872.11,ONLINE,Hong Kong,0
TXN_0004123,ACC_000921,ACC_000436,2026-06-15 04:06:25.755011,WITHDRAWAL,25574.47,ATM,USA,0
TXN_0004124,ACC_000773,ACC_000742,2026-06-16 19:42:20.755011,PAYMENT,10395.46,MOBILE,Hong Kong,0
TXN_0004125,ACC_000714,ACC_000527,2026-05-23 10:35:53.755011,WITHDRAWAL,11721.87,ONLINE,UAE,0
TXN_0004126,ACC_000663,ACC_000785,2026-04-23 23:26:32.755011,PAYMENT,2176.29,ATM,Singapore,0
TXN_0004127,ACC_000370,ACC_000740,2026-07-10 06:52:26.755011,DEPOSIT,2816.06,MOBILE,USA,0
TXN_0004128,ACC_000493,ACC_000300,2026-08-17 07:27:17.755011,PAYMENT,70155.54,ONLINE,Singapore,0
TXN_0004129,ACC_000394,ACC_000413,2026-03-07 22:41:11.755011,PAYMENT,3353.5,ATM,Hong Kong,0
TXN_0004130,ACC_000381,ACC_000095,2026-09-01 02:10:27.755011,TRANSFER,899962.48,BRANCH,UAE,1
TXN_0004131,ACC_000798,ACC_000151,2026-05-03 17:25:50.755011,DEPOSIT,6053.1,MOBILE,UK,0
TXN_0004132,ACC_000638,ACC_000562,2026-05-26 21:57:39.755011,TRANSFER,8125.36,BRANCH,USA,0
TXN_0004133,ACC_000743,ACC_000148,2026-06-04 19:37:53.755011,PAYMENT,29273.51,BRANCH,India,0
TXN_0004134,ACC_000969,ACC_000594,2026-06-13 01:19:01.755011,TRANSFER,37282.19,ATM,USA,0
TXN_0004135,ACC_000848,ACC_000587,2026-07-17 08:54:16.755011,TRANSFER,7094.14,ONLINE,Hong Kong,0
TXN_0004136,ACC_000439,ACC_000324,2026-08-02 14:30:42.755011,WITHDRAWAL,5085.3,BRANCH,India,0
TXN_0004137,ACC_000288,ACC_000830,2026-06-22 16:28:49.755011,DEPOSIT,7577.17,BRANCH,UAE,0
TXN_0004138,ACC_000073,ACC_000643,2026-04-26 20:24:13.755011,DEPOSIT,12155.65,BRANCH,Singapore,0
TXN_0004139,ACC_000608,ACC_000538,2026-04-15 18:55:38.755011,TRANSFER,23613.28,ONLINE,Singapore,0
TXN_0004140,ACC_000527,ACC_000068,2026-06-05 07:45:05.755011,WITHDRAWAL,8144.32,ONLINE,UK,0
TXN_0004141,ACC_000572,ACC_000595,2026-03-18 17:45:21.755011,WITHDRAWAL,17028.84,MOBILE,UAE,0
TXN_0004142,ACC_000400,ACC_000172,2026-08-02 10:45:42.755011,DEPOSIT,907651.85,ATM,UAE,1
TXN_0004143,ACC_000454,ACC_000421,2026-06-14 19:54:36.755011,PAYMENT,12804.75,ONLINE,USA,0
TXN_0004144,ACC_000082,ACC_000155,2026-07-18 12:34:43.755011,PAYMENT,143511.84,BRANCH,Hong Kong,1
TXN_0004145,ACC_000959,ACC_000647,2026-03-29 16:46:36.755011,TRANSFER,1309.38,MOBILE,Hong Kong,0
TXN_0004146,ACC_000827,ACC_000560,2026-08-25 01:10:15.755011,TRANSFER,344.85,ATM,UAE,0
TXN_0004147,ACC_000536,ACC_000660,2026-06-20 07:46:10.755011,DEPOSIT,12913.79,ONLINE,UAE,0
TXN_0004148,ACC_000828,ACC_000028,2026-08-12 19:30:05.755011,DEPOSIT,7231.57,ONLINE,Singapore,0
TXN_0004149,ACC_000871,ACC_000989,2026-08-02 02:55:48.755011,TRANSFER,4368.87,ONLINE,India,0
TXN_0004150,ACC_000225,ACC_000493,2026-04-02 02:02:52.755011,PAYMENT,10853.43,ATM,Singapore,0
TXN_0004151,ACC_000237,ACC_000230,2026-08-27 22:56:36.755011,WITHDRAWAL,7536.52,BRANCH,Hong Kong,0
TXN_0004152,ACC_000466,ACC_000944,2026-08-29 15:16:36.755011,TRANSFER,31361.5,ATM,Hong Kong,0
TXN_0004153,ACC_000503,ACC_000336,2026-05-28 03:48:14.755011,DEPOSIT,8985.19,BRANCH,UAE,0
TXN_0004154,ACC_000231,ACC_000998,2026-08-22 10:25:48.755011,PAYMENT,3306.65,MOBILE,UK,0
TXN_0004155,ACC_000820,ACC_000499,2026-03-10 00:56:00.755011,DEPOSIT,26587.58,ATM,Hong Kong,0
TXN_0004156,ACC_000861,ACC_000825,2026-04-09 15:07:03.755011,PAYMENT,6244.41,ONLINE,UK,0
TXN_0004157,ACC_000044,ACC_000698,2026-07-08 05:00:40.755011,WITHDRAWAL,15242.52,BRANCH,Hong Kong,0
TXN_0004158,ACC_000131,ACC_000660,2026-05-15 21:03:10.755011,TRANSFER,4569.26,BRANCH,UAE,0
TXN_0004159,ACC_000757,ACC_000228,2026-08-24 19:01:11.755011,WITHDRAWAL,3715.27,MOBILE,UK,0
TXN_0004160,ACC_000522,ACC_000551,2026-05-17 20:26:22.755011,PAYMENT,8964.27,ONLINE,India,0
TXN_0004161,ACC_000910,ACC_000495,2026-05-06 09:07:36.755011,TRANSFER,8228.79,ONLINE,USA,0
TXN_0004162,ACC_000813,ACC_000331,2026-07-11 07:48:50.755011,TRANSFER,14411.65,ATM,Singapore,0
TXN_0004163,ACC_000117,ACC_000333,2026-06-01 16:08:25.755011,DEPOSIT,5870.09,ONLINE,Hong Kong,0
TXN_0004164,ACC_000449,ACC_000900,2026-07-09 12:26:33.755011,DEPOSIT,894.59,BRANCH,UAE,0
TXN_0004165,ACC_000146,ACC_000238,2026-08-25 19:44:52.755011,WITHDRAWAL,4820.69,MOBILE,UK,0
TXN_0004166,ACC_000270,ACC_000422,2026-05-03 03:32:59.755011,DEPOSIT,21006.39,MOBILE,India,0
TXN_0004167,ACC_000840,ACC_000791,2026-04-21 11:50:10.755011,DEPOSIT,5671.16,BRANCH,UK,0
TXN_0004168,ACC_000443,ACC_000224,2026-03-20 08:30:32.755011,PAYMENT,6029.02,MOBILE,Singapore,0
TXN_0004169,ACC_000519,ACC_000678,2026-06-12 06:46:44.755011,PAYMENT,26466.94,ONLINE,UK,0
TXN_0004170,ACC_000375,ACC_000464,2026-06-12 04:57:47.755011,PAYMENT,3448.28,ATM,Hong Kong,0
TXN_0004171,ACC_000522,ACC_000403,2026-03-27 17:54:49.755011,PAYMENT,1272.37,ONLINE,USA,0
TXN_0004172,ACC_000340,ACC_000573,2026-03-24 16:35:44.755011,WITHDRAWAL,6682.47,MOBILE,Hong Kong,0
TXN_0004173,ACC_000233,ACC_000233,2026-08-14 00:14:16.755011,PAYMENT,4532.33,MOBILE,India,0
TXN_0004174,ACC_000382,ACC_000071,2026-07-28 10:54:32.755011,WITHDRAWAL,2541.49,MOBILE,UAE,0
TXN_0004175,ACC_000817,ACC_000399,2026-05-30 12:22:05.755011,TRANSFER,6565.25,BRANCH,USA,0
TXN_0004176,ACC_000394,ACC_000867,2026-08-08 18:42:19.755011,DEPOSIT,14615.05,MOBILE,Singapore,0
TXN_0004177,ACC_000354,ACC_000761,2026-03-31 05:11:57.755011,WITHDRAWAL,8013.27,MOBILE,Hong Kong,0
TXN_0004178,ACC_000499,ACC_000275,2026-07-07 05:38:38.755011,TRANSFER,11712.09,BRANCH,India,0
TXN_0004179,ACC_000014,ACC_000972,2026-05-11 20:05:19.755011,PAYMENT,71402.58,ATM,India,0
TXN_0004180,ACC_000415,ACC_000579,2026-03-25 17:21:57.755011,TRANSFER,5369.8,MOBILE,India,0
TXN_0004181,ACC_000308,ACC_000858,2026-08-02 15:54:00.755011,WITHDRAWAL,11316.51,BRANCH,Singapore,0
TXN_0004182,ACC_000723,ACC_000605,2026-03-18 20:03:54.755011,WITHDRAWAL,4398.17,ATM,Hong Kong,0
TXN_0004183,ACC_000295,ACC_000027,2026-06-02 19:04:19.755011,PAYMENT,2934.72,ATM,UAE,0
TXN_0004184,ACC_000653,ACC_000248,2026-07-14 11:35:50.755011,PAYMENT,4016.28,ONLINE,USA,0
TXN_0004185,ACC_000650,ACC_000357,2026-08-20 01:09:16.755011,TRANSFER,4561.88,BRANCH,Hong Kong,0
TXN_0004186,ACC_000572,ACC_000913,2026-03-30 02:22:16.755011,PAYMENT,12473.62,BRANCH,Singapore,0
TXN_0004187,ACC_000615,ACC_000765,2026-03-31 08:50:46.755011,DEPOSIT,135793.54,BRANCH,Singapore,0
TXN_0004188,ACC_000002,ACC_000143,2026-03-22 14:24:35.755011,WITHDRAWAL,3431.48,BRANCH,USA,0
TXN_0004189,ACC_000973,ACC_000944,2026-08-12 00:03:36.755011,TRANSFER,4915.01,ATM,USA,0
TXN_0004190,ACC_000226,ACC_000276,2026-07-21 04:25:39.755011,TRANSFER,7511.97,ONLINE,USA,0
TXN_0004191,ACC_000568,ACC_000227,2026-05-28 16:10:14.755011,DEPOSIT,13029.33,BRANCH,UK,0
TXN_0004192,ACC_000097,ACC_000486,2026-03-10 14:20:06.755011,DEPOSIT,11117.34,ONLINE,UK,0
TXN_0004193,ACC_000283,ACC_000834,2026-05-05 13:50:04.755011,DEPOSIT,37832.17,ONLINE,UK,0
TXN_0004194,ACC_000169,ACC_000217,2026-07-05 05:30:06.755011,PAYMENT,440.68,MOBILE,India,0
TXN_0004195,ACC_000405,ACC_000930,2026-08-19 19:12:44.755011,WITHDRAWAL,462.06,BRANCH,UK,0
TXN_0004196,ACC_000386,ACC_000834,2026-08-11 13:19:25.755011,TRANSFER,4469.12,ONLINE,UAE,0
TXN_0004197,ACC_000770,ACC_000132,2026-06-10 12:52:09.755011,DEPOSIT,30235.14,ATM,India,0
TXN_0004198,ACC_000769,ACC_000366,2026-08-06 08:51:00.755011,DEPOSIT,1237.96,MOBILE,UK,0
TXN_0004199,ACC_000655,ACC_000188,2026-04-07 03:11:45.755011,DEPOSIT,219.39,BRANCH,Singapore,0
TXN_0004200,ACC_000832,ACC_000095,2026-04-27 11:24:04.755011,WITHDRAWAL,16081.35,ONLINE,India,0
TXN_0004201,ACC_000992,ACC_000812,2026-08-21 03:07:48.755011,WITHDRAWAL,10855.08,ONLINE,USA,0
TXN_0004202,ACC_000352,ACC_000066,2026-05-11 10:04:49.755011,PAYMENT,2190.2,MOBILE,UK,0
TXN_0004203,ACC_000897,ACC_000563,2026-04-26 03:17:25.755011,DEPOSIT,2483.32,BRANCH,USA,0
TXN_0004204,ACC_000549,ACC_000235,2026-08-31 06:49:08.755011,TRANSFER,2530.84,MOBILE,Singapore,0
TXN_0004205,ACC_000068,ACC_000259,2026-04-21 18:55:56.755011,WITHDRAWAL,9252.44,MOBILE,Singapore,0
TXN_0004206,ACC_000086,ACC_000383,2026-07-20 13:33:09.755011,DEPOSIT,3821.59,MOBILE,UAE,0
TXN_0004207,ACC_000367,ACC_000096,2026-04-05 08:37:45.755011,TRANSFER,14659.98,MOBILE,Hong Kong,0
TXN_0004208,ACC_000539,ACC_000530,2026-06-04 09:28:22.755011,DEPOSIT,263.6,MOBILE,USA,0
TXN_0004209,ACC_000705,ACC_000009,2026-08-24 08:10:55.755011,WITHDRAWAL,2898.0,ONLINE,UAE,0
TXN_0004210,ACC_000452,ACC_000508,2026-04-23 19:33:47.755011,DEPOSIT,2097.99,BRANCH,India,0
TXN_0004211,ACC_000716,ACC_000542,2026-03-17 12:20:46.755011,WITHDRAWAL,5957.41,ONLINE,India,0
TXN_0004212,ACC_000549,ACC_000492,2026-07-20 17:59:50.755011,PAYMENT,4248.59,ONLINE,UK,0
TXN_0004213,ACC_000333,ACC_000095,2026-03-23 19:59:41.755011,TRANSFER,21108.11,MOBILE,USA,0
TXN_0004214,ACC_000423,ACC_000175,2026-06-19 07:43:25.755011,TRANSFER,870.26,ONLINE,Singapore,0
TXN_0004215,ACC_000562,ACC_000468,2026-03-22 12:48:36.755011,TRANSFER,8557.73,ONLINE,UAE,0
TXN_0004216,ACC_000538,ACC_000328,2026-07-07 23:07:16.755011,DEPOSIT,15835.41,MOBILE,USA,0
TXN_0004217,ACC_000860,ACC_000055,2026-06-03 15:32:42.755011,DEPOSIT,75205.3,ONLINE,USA,0
TXN_0004218,ACC_000593,ACC_000673,2026-08-14 01:44:29.755011,PAYMENT,4545.44,ATM,Hong Kong,0
TXN_0004219,ACC_000184,ACC_000724,2026-04-27 14:03:23.755011,PAYMENT,11960.33,ONLINE,Singapore,0
TXN_0004220,ACC_000200,ACC_000056,2026-04-12 07:47:32.755011,PAYMENT,930.17,BRANCH,UK,0
TXN_0004221,ACC_000932,ACC_000713,2026-07-19 17:10:04.755011,TRANSFER,8788.65,MOBILE,USA,1
TXN_0004222,ACC_000098,ACC_000099,2026-07-29 07:56:18.755011,WITHDRAWAL,22330.96,ATM,India,0
TXN_0004223,ACC_000038,ACC_000106,2026-06-08 17:55:00.755011,WITHDRAWAL,8049.2,ONLINE,UK,0
TXN_0004224,ACC_000580,ACC_000146,2026-06-29 19:12:29.755011,TRANSFER,33330.07,ONLINE,Singapore,0
TXN_0004225,ACC_000211,ACC_000870,2026-04-24 23:28:18.755011,PAYMENT,1559.18,ATM,USA,0
TXN_0004226,ACC_000039,ACC_000033,2026-04-30 10:05:06.755011,WITHDRAWAL,15121.65,ATM,UAE,0
TXN_0004227,ACC_000181,ACC_000049,2026-07-14 13:28:03.755011,WITHDRAWAL,76311.69,BRANCH,USA,0
TXN_0004228,ACC_000984,ACC_000680,2026-03-26 00:38:50.755011,TRANSFER,13408.54,ONLINE,India,0
TXN_0004229,ACC_000548,ACC_000315,2026-04-26 04:15:35.755011,PAYMENT,11292.54,ATM,UAE,0
TXN_0004230,ACC_000658,ACC_000179,2026-04-20 16:49:59.755011,WITHDRAWAL,8186.71,ATM,UAE,0
TXN_0004231,ACC_000816,ACC_000220,2026-03-30 03:09:26.755011,PAYMENT,1230.21,ATM,Hong Kong,0
TXN_0004232,ACC_000853,ACC_000881,2026-05-11 14:47:56.755011,DEPOSIT,41220.36,MOBILE,UK,0
TXN_0004233,ACC_000191,ACC_000513,2026-05-05 13:08:11.755011,DEPOSIT,3893.14,MOBILE,UK,0
TXN_0004234,ACC_000813,ACC_000006,2026-05-29 14:38:02.755011,PAYMENT,14844.43,MOBILE,UAE,0
TXN_0004235,ACC_000198,ACC_000275,2026-05-29 20:14:07.755011,PAYMENT,1241.85,ONLINE,Hong Kong,0
TXN_0004236,ACC_000254,ACC_000448,2026-05-15 17:00:42.755011,DEPOSIT,1967.75,BRANCH,Hong Kong,0
TXN_0004237,ACC_000249,ACC_000284,2026-08-13 20:58:19.755011,WITHDRAWAL,45347.25,ATM,UAE,0
TXN_0004238,ACC_000365,ACC_000415,2026-04-21 12:32:21.755011,TRANSFER,5341.37,MOBILE,Hong Kong,0
TXN_0004239,ACC_000983,ACC_000414,2026-05-20 23:01:22.755011,WITHDRAWAL,46347.87,MOBILE,UAE,0
TXN_0004240,ACC_000500,ACC_000783,2026-04-28 09:47:03.755011,DEPOSIT,7377.01,ATM,UK,0
TXN_0004241,ACC_000655,ACC_000524,2026-08-23 20:28:45.755011,TRANSFER,888.67,BRANCH,Singapore,0
TXN_0004242,ACC_000485,ACC_000802,2026-04-28 05:32:35.755011,WITHDRAWAL,23634.93,ATM,USA,0
TXN_0004243,ACC_000715,ACC_000380,2026-06-28 09:34:03.755011,PAYMENT,3992.33,MOBILE,Singapore,0
TXN_0004244,ACC_000946,ACC_000784,2026-04-29 01:05:16.755011,DEPOSIT,18740.21,BRANCH,Hong Kong,0
TXN_0004245,ACC_000347,ACC_000214,2026-04-21 18:27:59.755011,DEPOSIT,8351.97,ATM,Hong Kong,0
TXN_0004246,ACC_000565,ACC_000910,2026-06-27 10:10:52.755011,WITHDRAWAL,1271.89,ATM,USA,0
TXN_0004247,ACC_000933,ACC_000725,2026-08-24 20:12:40.755011,DEPOSIT,9869.0,BRANCH,UAE,0
TXN_0004248,ACC_000347,ACC_000487,2026-03-27 12:18:29.755011,TRANSFER,113036.69,ATM,Hong Kong,0
TXN_0004249,ACC_000715,ACC_000957,2026-07-10 16:21:49.755011,DEPOSIT,14641.04,ATM,Hong Kong,0
TXN_0004250,ACC_000332,ACC_000278,2026-04-20 01:49:47.755011,PAYMENT,7562.66,MOBILE,Singapore,0
TXN_0004251,ACC_000768,ACC_000440,2026-06-12 14:14:44.755011,PAYMENT,29448.91,ONLINE,Singapore,0
TXN_0004252,ACC_000749,ACC_000552,2026-05-22 19:59:10.755011,PAYMENT,10433.76,MOBILE,UAE,0
TXN_0004253,ACC_000243,ACC_000631,2026-07-09 12:39:15.755011,TRANSFER,10419.57,BRANCH,India,0
TXN_0004254,ACC_000690,ACC_000970,2026-04-20 01:49:11.755011,TRANSFER,2186.48,ONLINE,Singapore,0
TXN_0004255,ACC_000672,ACC_000202,2026-06-15 12:25:12.755011,DEPOSIT,10728.06,ONLINE,India,0
TXN_0004256,ACC_000826,ACC_000214,2026-06-11 23:45:32.755011,DEPOSIT,28072.12,ATM,Singapore,0
TXN_0004257,ACC_000171,ACC_000794,2026-07-19 16:00:25.755011,TRANSFER,2971.21,ONLINE,UK,0
TXN_0004258,ACC_000835,ACC_000494,2026-05-28 17:16:06.755011,TRANSFER,44774.54,ATM,Singapore,0
TXN_0004259,ACC_000213,ACC_000121,2026-06-26 21:23:03.755011,PAYMENT,7258.68,ONLINE,UK,0
TXN_0004260,ACC_000607,ACC_000787,2026-04-14 14:39:32.755011,WITHDRAWAL,2792.46,BRANCH,Singapore,0
TXN_0004261,ACC_000285,ACC_000859,2026-07-10 05:05:58.755011,PAYMENT,26826.85,ATM,Singapore,0
TXN_0004262,ACC_000353,ACC_000769,2026-05-04 01:03:29.755011,DEPOSIT,5743.63,ATM,USA,0
TXN_0004263,ACC_000143,ACC_000767,2026-06-04 18:53:30.755011,WITHDRAWAL,20159.24,ONLINE,USA,0
TXN_0004264,ACC_000269,ACC_000518,2026-06-26 15:52:09.755011,TRANSFER,5709.52,ONLINE,USA,0
TXN_0004265,ACC_000933,ACC_000393,2026-07-21 21:03:12.755011,WITHDRAWAL,7541.74,BRANCH,India,0
TXN_0004266,ACC_000689,ACC_000027,2026-06-03 03:13:28.755011,DEPOSIT,14651.12,ATM,USA,0
TXN_0004267,ACC_000114,ACC_000034,2026-07-01 23:40:43.755011,TRANSFER,11488.21,BRANCH,India,0
TXN_0004268,ACC_000792,ACC_000585,2026-08-06 22:42:10.755011,TRANSFER,739.05,ONLINE,Singapore,0
TXN_0004269,ACC_000582,ACC_000617,2026-04-24 09:43:21.755011,WITHDRAWAL,2110.14,ONLINE,India,0
TXN_0004270,ACC_000279,ACC_000996,2026-04-21 10:32:14.755011,WITHDRAWAL,24718.12,ATM,Singapore,0
TXN_0004271,ACC_000854,ACC_000494,2026-05-27 20:59:42.755011,PAYMENT,6914.92,MOBILE,UAE,0
TXN_0004272,ACC_000047,ACC_000846,2026-05-01 02:43:46.755011,WITHDRAWAL,4322.21,ONLINE,Hong Kong,0
TXN_0004273,ACC_000886,ACC_000445,2026-03-21 06:42:58.755011,DEPOSIT,1587.18,ATM,India,0
TXN_0004274,ACC_000931,ACC_000558,2026-04-25 05:02:54.755011,TRANSFER,2217.9,ONLINE,Singapore,0
TXN_0004275,ACC_000593,ACC_000671,2026-05-01 09:37:18.755011,TRANSFER,716.12,ONLINE,India,0
TXN_0004276,ACC_000921,ACC_000945,2026-07-12 21:00:22.755011,PAYMENT,7175.75,ONLINE,USA,0
TXN_0004277,ACC_000903,ACC_000428,2026-08-15 18:52:17.755011,DEPOSIT,3951.6,ONLINE,Singapore,0
TXN_0004278,ACC_000766,ACC_000988,2026-03-13 20:47:30.755011,TRANSFER,2540.44,ONLINE,USA,0
TXN_0004279,ACC_000978,ACC_000866,2026-03-31 03:37:29.755011,PAYMENT,7467.02,MOBILE,UAE,0
TXN_0004280,ACC_000310,ACC_000567,2026-05-10 08:56:00.755011,WITHDRAWAL,12541.08,ATM,India,0
TXN_0004281,ACC_000077,ACC_000436,2026-04-14 19:25:26.755011,TRANSFER,99891.26,BRANCH,UAE,0
TXN_0004282,ACC_000962,ACC_000951,2026-03-26 03:16:09.755011,TRANSFER,16221.91,ATM,UAE,1
TXN_0004283,ACC_000332,ACC_000807,2026-03-22 23:09:42.755011,DEPOSIT,32573.59,ONLINE,Hong Kong,0
TXN_0004284,ACC_000508,ACC_000119,2026-08-08 00:05:39.755011,PAYMENT,26048.67,ATM,Hong Kong,0
TXN_0004285,ACC_000317,ACC_000949,2026-07-17 20:43:15.755011,TRANSFER,3181.44,ATM,UK,0
TXN_0004286,ACC_000889,ACC_000005,2026-07-15 08:53:25.755011,PAYMENT,10341.12,ONLINE,UK,0
TXN_0004287,ACC_000861,ACC_000547,2026-04-02 04:40:48.755011,DEPOSIT,4679.0,MOBILE,UK,0
TXN_0004288,ACC_000957,ACC_000714,2026-06-09 13:23:36.755011,TRANSFER,10125.64,ATM,Singapore,0
TXN_0004289,ACC_000378,ACC_000503,2026-06-14 12:13:14.755011,DEPOSIT,49560.89,MOBILE,Singapore,0
TXN_0004290,ACC_000245,ACC_000568,2026-03-21 09:27:36.755011,TRANSFER,16759.62,ONLINE,Hong Kong,0
TXN_0004291,ACC_000994,ACC_000114,2026-07-04 19:38:39.755011,DEPOSIT,14918.09,ONLINE,UAE,0
TXN_0004292,ACC_000156,ACC_000122,2026-04-09 08:10:37.755011,WITHDRAWAL,42269.9,MOBILE,India,1
TXN_0004293,ACC_000085,ACC_000943,2026-04-22 13:46:33.755011,WITHDRAWAL,1365.3,ATM,UK,0
TXN_0004294,ACC_000680,ACC_000444,2026-07-01 08:26:15.755011,PAYMENT,6309.67,BRANCH,India,0
TXN_0004295,ACC_000834,ACC_000353,2026-04-25 15:25:12.755011,WITHDRAWAL,34472.93,ATM,UK,0
TXN_0004296,ACC_000509,ACC_000758,2026-07-12 20:13:05.755011,WITHDRAWAL,1296.47,ONLINE,India,0
TXN_0004297,ACC_000290,ACC_000499,2026-05-17 00:07:08.755011,TRANSFER,2284.48,BRANCH,UAE,0
TXN_0004298,ACC_000629,ACC_000283,2026-07-22 07:38:09.755011,WITHDRAWAL,9428.77,BRANCH,Singapore,0
TXN_0004299,ACC_000584,ACC_000973,2026-06-13 20:24:31.755011,PAYMENT,2485.96,ONLINE,India,0
TXN_0004300,ACC_000644,ACC_000718,2026-06-30 04:38:20.755011,WITHDRAWAL,3130.57,BRANCH,Singapore,0
TXN_0004301,ACC_000940,ACC_000412,2026-07-14 06:47:51.755011,PAYMENT,4874.06,MOBILE,UK,0
TXN_0004302,ACC_000908,ACC_000150,2026-05-03 23:41:16.755011,PAYMENT,1573.82,BRANCH,Hong Kong,0
TXN_0004303,ACC_000160,ACC_000400,2026-06-03 22:44:13.755011,DEPOSIT,2517.58,ATM,Hong Kong,0
TXN_0004304,ACC_000027,ACC_000266,2026-05-17 17:14:31.755011,DEPOSIT,18847.08,ONLINE,Singapore,0
TXN_0004305,ACC_000085,ACC_000302,2026-03-15 18:42:37.755011,WITHDRAWAL,1687.76,ONLINE,USA,0
TXN_0004306,ACC_000388,ACC_000522,2026-08-13 09:10:03.755011,DEPOSIT,1191.01,ATM,UK,0
TXN_0004307,ACC_000525,ACC_000456,2026-07-21 11:20:59.755011,TRANSFER,3804.61,ONLINE,India,0
TXN_0004308,ACC_000555,ACC_000614,2026-08-12 06:41:32.755011,TRANSFER,218004.71,MOBILE,India,1
TXN_0004309,ACC_000145,ACC_000008,2026-06-19 14:25:30.755011,DEPOSIT,6397.7,BRANCH,USA,0
TXN_0004310,ACC_000114,ACC_000125,2026-07-25 07:04:17.755011,WITHDRAWAL,4640.15,ATM,USA,0
TXN_0004311,ACC_000152,ACC_000186,2026-06-22 16:35:48.755011,PAYMENT,8546.1,ATM,UK,0
TXN_0004312,ACC_000483,ACC_000335,2026-04-30 09:21:06.755011,PAYMENT,997.4,ATM,UK,0
TXN_0004313,ACC_000033,ACC_000002,2026-06-30 05:36:33.755011,WITHDRAWAL,204406.61,ONLINE,India,1
TXN_0004314,ACC_000275,ACC_000464,2026-06-23 02:03:36.755011,TRANSFER,12837.45,ATM,UK,0
TXN_0004315,ACC_000722,ACC_000119,2026-03-27 05:25:14.755011,PAYMENT,4958.36,MOBILE,Hong Kong,0
TXN_0004316,ACC_000969,ACC_000793,2026-08-20 02:19:55.755011,WITHDRAWAL,27095.13,ATM,UK,0
TXN_0004317,ACC_000169,ACC_000785,2026-06-01 11:36:16.755011,PAYMENT,39614.16,ONLINE,Singapore,1
TXN_0004318,ACC_000718,ACC_000959,2026-07-09 15:38:31.755011,WITHDRAWAL,31366.35,BRANCH,UAE,0
TXN_0004319,ACC_000537,ACC_000247,2026-07-01 17:40:44.755011,TRANSFER,159837.9,ATM,UAE,1
TXN_0004320,ACC_000025,ACC_000917,2026-03-21 14:18:30.755011,WITHDRAWAL,5410.72,ONLINE,UAE,0
TXN_0004321,ACC_000730,ACC_000966,2026-08-22 18:18:32.755011,WITHDRAWAL,7912.12,ATM,UK,0
TXN_0004322,ACC_000893,ACC_000778,2026-05-11 02:35:41.755011,PAYMENT,7124.41,ONLINE,Hong Kong,0
TXN_0004323,ACC_000570,ACC_000420,2026-06-06 15:15:54.755011,DEPOSIT,35043.29,MOBILE,Hong Kong,0
TXN_0004324,ACC_000564,ACC_000038,2026-04-01 11:46:34.755011,PAYMENT,2226.05,ONLINE,Hong Kong,0
TXN_0004325,ACC_000949,ACC_000625,2026-06-23 07:44:57.755011,PAYMENT,3245.34,ONLINE,Singapore,0
TXN_0004326,ACC_000510,ACC_000935,2026-05-13 07:53:34.755011,TRANSFER,28101.09,ATM,Singapore,0
TXN_0004327,ACC_000119,ACC_000684,2026-08-04 14:02:27.755011,PAYMENT,3965.38,ONLINE,USA,0
TXN_0004328,ACC_000743,ACC_000927,2026-07-05 23:08:06.755011,DEPOSIT,23876.25,MOBILE,USA,0
TXN_0004329,ACC_000611,ACC_000590,2026-05-24 14:51:58.755011,TRANSFER,62275.49,MOBILE,UK,0
TXN_0004330,ACC_000937,ACC_000505,2026-05-13 08:29:17.755011,WITHDRAWAL,5003.26,MOBILE,Hong Kong,0
TXN_0004331,ACC_000778,ACC_000285,2026-06-21 05:43:25.755011,PAYMENT,18354.59,ONLINE,Singapore,0
TXN_0004332,ACC_000581,ACC_000653,2026-05-29 22:41:23.755011,TRANSFER,2029.55,MOBILE,UK,0
TXN_0004333,ACC_000623,ACC_000821,2026-06-16 09:38:16.755011,DEPOSIT,20043.9,ONLINE,Singapore,0
TXN_0004334,ACC_000398,ACC_000340,2026-03-16 20:58:59.755011,DEPOSIT,10293.92,BRANCH,USA,0
TXN_0004335,ACC_000280,ACC_000381,2026-08-01 06:59:17.755011,DEPOSIT,14294.73,ONLINE,India,0
TXN_0004336,ACC_000455,ACC_000425,2026-04-04 09:43:20.755011,TRANSFER,3734.29,ATM,Singapore,0
TXN_0004337,ACC_000307,ACC_000602,2026-03-20 21:10:40.755011,TRANSFER,1104.01,ATM,UK,0
TXN_0004338,ACC_000525,ACC_000288,2026-03-11 10:36:32.755011,PAYMENT,14822.51,BRANCH,Hong Kong,0
TXN_0004339,ACC_000165,ACC_000656,2026-07-04 15:31:01.755011,DEPOSIT,681.24,MOBILE,UK,0
TXN_0004340,ACC_000858,ACC_000511,2026-08-04 17:35:49.755011,PAYMENT,5536.84,MOBILE,India,0
TXN_0004341,ACC_000189,ACC_000247,2026-07-16 14:16:29.755011,PAYMENT,25069.78,MOBILE,USA,0
TXN_0004342,ACC_000005,ACC_000786,2026-06-14 22:30:27.755011,TRANSFER,10201.37,MOBILE,India,0
TXN_0004343,ACC_000316,ACC_000114,2026-03-31 22:23:00.755011,WITHDRAWAL,83952.9,MOBILE,USA,0
TXN_0004344,ACC_000615,ACC_000111,2026-05-23 19:23:57.755011,WITHDRAWAL,27726.14,MOBILE,UK,0
TXN_0004345,ACC_000980,ACC_000599,2026-08-18 17:00:48.755011,TRANSFER,3697.17,BRANCH,USA,0
TXN_0004346,ACC_000829,ACC_000388,2026-06-24 19:19:35.755011,TRANSFER,8373.07,ATM,UK,0
TXN_0004347,ACC_000063,ACC_000245,2026-06-03 06:23:46.755011,PAYMENT,7655.31,ATM,Hong Kong,0
TXN_0004348,ACC_000347,ACC_000692,2026-08-08 19:15:36.755011,WITHDRAWAL,1213.65,MOBILE,USA,0
TXN_0004349,ACC_000085,ACC_000330,2026-08-19 04:33:58.755011,PAYMENT,2621.55,BRANCH,USA,0
TXN_0004350,ACC_000934,ACC_000849,2026-03-11 09:29:27.755011,PAYMENT,4134.36,BRANCH,Singapore,0
TXN_0004351,ACC_000707,ACC_000633,2026-08-25 16:19:40.755011,TRANSFER,703.83,BRANCH,USA,0
TXN_0004352,ACC_000975,ACC_000161,2026-05-03 20:10:44.755011,PAYMENT,8578.31,ATM,India,0
TXN_0004353,ACC_000476,ACC_000555,2026-05-25 13:06:43.755011,PAYMENT,6009.6,ONLINE,UK,0
TXN_0004354,ACC_000181,ACC_000922,2026-06-30 02:16:38.755011,DEPOSIT,1088.47,BRANCH,UAE,0
TXN_0004355,ACC_000855,ACC_000006,2026-08-21 03:42:09.755011,DEPOSIT,13161.56,ATM,USA,0
TXN_0004356,ACC_000034,ACC_000995,2026-07-31 09:26:56.755011,PAYMENT,19130.65,ONLINE,USA,0
TXN_0004357,ACC_000047,ACC_000310,2026-06-12 13:46:53.755011,WITHDRAWAL,10640.7,ONLINE,USA,0
TXN_0004358,ACC_000098,ACC_000688,2026-05-27 15:03:07.755011,TRANSFER,5492.39,ONLINE,UAE,0
TXN_0004359,ACC_000217,ACC_000383,2026-04-23 17:58:16.755011,PAYMENT,16477.16,BRANCH,UAE,0
TXN_0004360,ACC_000064,ACC_000003,2026-07-02 16:33:04.755011,TRANSFER,18329.45,ONLINE,USA,0
TXN_0004361,ACC_000350,ACC_000441,2026-07-11 07:08:09.755011,TRANSFER,11718.03,BRANCH,USA,0
TXN_0004362,ACC_000386,ACC_000733,2026-05-12 13:59:35.755011,WITHDRAWAL,3012.32,BRANCH,India,0
TXN_0004363,ACC_000363,ACC_000994,2026-05-18 00:16:09.755011,WITHDRAWAL,11292.8,ONLINE,Hong Kong,0
TXN_0004364,ACC_000832,ACC_000921,2026-07-06 04:11:12.755011,PAYMENT,34015.68,ATM,India,0
TXN_0004365,ACC_000353,ACC_000745,2026-08-05 20:27:34.755011,PAYMENT,3960.18,ATM,Hong Kong,0
TXN_0004366,ACC_000667,ACC_000643,2026-05-21 05:39:07.755011,DEPOSIT,100461.23,BRANCH,UAE,0
TXN_0004367,ACC_000340,ACC_000386,2026-05-01 18:39:13.755011,WITHDRAWAL,4312.37,BRANCH,Hong Kong,0
TXN_0004368,ACC_000455,ACC_000014,2026-04-24 01:10:04.755011,TRANSFER,8424.41,MOBILE,UK,0
TXN_0004369,ACC_000717,ACC_000935,2026-07-04 17:50:20.755011,TRANSFER,3615.62,ONLINE,Hong Kong,0
TXN_0004370,ACC_000439,ACC_000993,2026-06-12 08:22:58.755011,DEPOSIT,10592.75,BRANCH,UK,0
TXN_0004371,ACC_000675,ACC_000483,2026-04-10 19:01:02.755011,DEPOSIT,1001.58,ONLINE,USA,0
TXN_0004372,ACC_000164,ACC_000568,2026-06-27 05:06:37.755011,TRANSFER,4208.03,MOBILE,Singapore,0
TXN_0004373,ACC_000679,ACC_000076,2026-05-25 10:49:18.755011,TRANSFER,2185.18,ATM,USA,0
TXN_0004374,ACC_000117,ACC_000401,2026-07-16 13:37:25.755011,DEPOSIT,9531.96,BRANCH,India,0
TXN_0004375,ACC_000490,ACC_000648,2026-08-14 20:05:29.755011,DEPOSIT,26724.52,ATM,UK,0
TXN_0004376,ACC_000204,ACC_000701,2026-04-05 19:35:20.755011,DEPOSIT,17592.14,ONLINE,UAE,0
TXN_0004377,ACC_000074,ACC_000890,2026-04-06 14:54:01.755011,PAYMENT,470.6,BRANCH,Hong Kong,0
TXN_0004378,ACC_000663,ACC_000525,2026-05-01 16:52:59.755011,WITHDRAWAL,93946.77,BRANCH,USA,0
TXN_0004379,ACC_000086,ACC_000293,2026-03-23 17:34:22.755011,PAYMENT,11548.79,MOBILE,USA,0
TXN_0004380,ACC_000962,ACC_000765,2026-03-13 01:51:35.755011,PAYMENT,3191.36,BRANCH,UK,0
TXN_0004381,ACC_000584,ACC_000771,2026-04-24 03:56:31.755011,PAYMENT,9784.49,ATM,Hong Kong,0
TXN_0004382,ACC_000147,ACC_000266,2026-04-16 16:37:00.755011,DEPOSIT,10010.88,MOBILE,UAE,0
TXN_0004383,ACC_000872,ACC_000390,2026-06-12 23:32:11.755011,DEPOSIT,3640.15,ATM,USA,0
TXN_0004384,ACC_000731,ACC_000265,2026-08-01 01:29:15.755011,TRANSFER,200025.82,BRANCH,Hong Kong,1
TXN_0004385,ACC_000700,ACC_000509,2026-08-10 02:06:27.755011,DEPOSIT,3908.99,MOBILE,UAE,0
TXN_0004386,ACC_000918,ACC_000216,2026-05-12 15:27:43.755011,PAYMENT,4987.88,ONLINE,India,0
TXN_0004387,ACC_000684,ACC_000892,2026-04-29 19:42:38.755011,TRANSFER,3556.26,BRANCH,UK,0
TXN_0004388,ACC_000403,ACC_000300,2026-05-29 13:34:41.755011,PAYMENT,1452.14,BRANCH,Singapore,0
TXN_0004389,ACC_000226,ACC_000893,2026-08-24 17:23:23.755011,WITHDRAWAL,9652.8,ONLINE,USA,0
TXN_0004390,ACC_000324,ACC_000966,2026-04-30 18:21:18.755011,WITHDRAWAL,16356.15,ATM,USA,0
TXN_0004391,ACC_000375,ACC_000689,2026-08-16 11:47:02.755011,DEPOSIT,15030.85,MOBILE,Singapore,0
TXN_0004392,ACC_000267,ACC_000542,2026-05-26 05:14:43.755011,DEPOSIT,21674.9,MOBILE,UAE,0
TXN_0004393,ACC_000286,ACC_000834,2026-04-08 10:35:16.755011,WITHDRAWAL,11958.63,MOBILE,India,0
TXN_0004394,ACC_000641,ACC_000142,2026-05-25 10:53:56.755011,WITHDRAWAL,4275.81,ONLINE,Singapore,0
TXN_0004395,ACC_000429,ACC_000335,2026-06-25 15:45:10.755011,DEPOSIT,22194.43,MOBILE,India,0
TXN_0004396,ACC_000056,ACC_000888,2026-07-15 23:37:16.755011,DEPOSIT,1589.19,ATM,Singapore,0
TXN_0004397,ACC_000505,ACC_000184,2026-07-23 12:24:53.755011,PAYMENT,2749.55,MOBILE,Hong Kong,0
TXN_0004398,ACC_000599,ACC_000797,2026-06-01 01:36:01.755011,PAYMENT,2547.73,MOBILE,Hong Kong,0
TXN_0004399,ACC_000142,ACC_000075,2026-08-22 17:08:52.755011,PAYMENT,29615.92,ONLINE,UK,0
TXN_0004400,ACC_000673,ACC_000381,2026-08-06 10:10:55.755011,TRANSFER,25118.16,ATM,USA,0
TXN_0004401,ACC_000915,ACC_000506,2026-05-03 07:12:27.755011,DEPOSIT,14541.56,ONLINE,UK,0
TXN_0004402,ACC_000741,ACC_000581,2026-06-11 03:27:28.755011,DEPOSIT,29328.52,ATM,UK,0
TXN_0004403,ACC_000299,ACC_000715,2026-06-16 09:18:50.755011,TRANSFER,2821.04,BRANCH,India,0
TXN_0004404,ACC_000626,ACC_000543,2026-07-11 15:03:13.755011,PAYMENT,12311.81,ONLINE,UK,0
TXN_0004405,ACC_000862,ACC_000970,2026-07-17 15:04:40.755011,PAYMENT,6972.93,ATM,USA,0
TXN_0004406,ACC_000902,ACC_000160,2026-07-27 10:26:08.755011,TRANSFER,22387.51,MOBILE,UK,0
TXN_0004407,ACC_000405,ACC_000500,2026-09-02 14:23:19.755011,DEPOSIT,7056.69,BRANCH,India,0
TXN_0004408,ACC_000646,ACC_000225,2026-05-25 11:49:54.755011,PAYMENT,5105.47,BRANCH,USA,0
TXN_0004409,ACC_000142,ACC_000905,2026-03-20 13:01:45.755011,PAYMENT,15507.67,ONLINE,India,0
TXN_0004410,ACC_000693,ACC_000531,2026-07-25 06:43:42.755011,WITHDRAWAL,23188.3,MOBILE,USA,0
TXN_0004411,ACC_000792,ACC_000988,2026-04-25 14:45:02.755011,PAYMENT,3633.62,ATM,USA,0
TXN_0004412,ACC_000692,ACC_000591,2026-06-03 02:34:37.755011,DEPOSIT,7530.44,ONLINE,UAE,0
TXN_0004413,ACC_000554,ACC_000620,2026-07-19 16:57:36.755011,DEPOSIT,2275.31,BRANCH,Hong Kong,0
TXN_0004414,ACC_000715,ACC_000212,2026-03-24 02:55:15.755011,DEPOSIT,404.37,ONLINE,UK,0
TXN_0004415,ACC_000622,ACC_000940,2026-04-25 15:03:52.755011,WITHDRAWAL,10306.72,BRANCH,UAE,0
TXN_0004416,ACC_000380,ACC_000940,2026-06-24 15:33:33.755011,DEPOSIT,16826.1,MOBILE,UAE,0
TXN_0004417,ACC_000117,ACC_000888,2026-03-17 13:25:23.755011,PAYMENT,11097.56,ATM,UK,0
TXN_0004418,ACC_000888,ACC_000096,2026-08-02 17:42:56.755011,PAYMENT,780.96,MOBILE,India,0
TXN_0004419,ACC_000896,ACC_000001,2026-08-27 06:47:16.755011,TRANSFER,5318.68,ONLINE,UK,0
TXN_0004420,ACC_000487,ACC_000354,2026-03-28 18:26:42.755011,TRANSFER,565.65,ONLINE,USA,0
TXN_0004421,ACC_000655,ACC_000776,2026-07-27 22:36:27.755011,TRANSFER,530083.54,MOBILE,UK,1
TXN_0004422,ACC_000289,ACC_000063,2026-03-19 08:32:35.755011,WITHDRAWAL,2201.15,ATM,India,0
TXN_0004423,ACC_000916,ACC_000522,2026-05-21 05:08:43.755011,WITHDRAWAL,36551.75,ONLINE,Hong Kong,0
TXN_0004424,ACC_000196,ACC_000535,2026-05-10 13:48:31.755011,TRANSFER,25211.2,MOBILE,UAE,0
TXN_0004425,ACC_000318,ACC_000470,2026-06-08 03:31:35.755011,WITHDRAWAL,2749.82,MOBILE,UAE,0
TXN_0004426,ACC_000640,ACC_000655,2026-03-15 15:07:08.755011,TRANSFER,2081.11,ONLINE,Singapore,0
TXN_0004427,ACC_000391,ACC_000289,2026-05-08 03:57:59.755011,DEPOSIT,12338.06,ONLINE,Singapore,0
TXN_0004428,ACC_000563,ACC_000269,2026-06-02 23:59:10.755011,TRANSFER,2941.9,ONLINE,UAE,0
TXN_0004429,ACC_000474,ACC_000810,2026-08-27 00:09:44.755011,TRANSFER,9163.48,BRANCH,UAE,0
TXN_0004430,ACC_000662,ACC_000721,2026-06-23 23:04:37.755011,PAYMENT,4539.66,BRANCH,Hong Kong,0
TXN_0004431,ACC_000110,ACC_000375,2026-03-25 14:24:32.755011,DEPOSIT,955.86,BRANCH,UAE,0
TXN_0004432,ACC_000585,ACC_000482,2026-03-29 08:53:03.755011,DEPOSIT,3499.82,BRANCH,UK,1
TXN_0004433,ACC_000534,ACC_000207,2026-07-23 21:00:45.755011,PAYMENT,10636.23,ATM,Singapore,0
TXN_0004434,ACC_000043,ACC_000737,2026-08-23 08:35:05.755011,WITHDRAWAL,4130.4,ONLINE,UK,0
TXN_0004435,ACC_000195,ACC_000262,2026-06-19 14:28:36.755011,WITHDRAWAL,33842.59,ONLINE,UAE,1
TXN_0004436,ACC_000451,ACC_000723,2026-05-09 23:43:02.755011,PAYMENT,18676.79,MOBILE,USA,0
TXN_0004437,ACC_000254,ACC_000593,2026-04-22 22:50:56.755011,PAYMENT,33127.89,MOBILE,USA,0
TXN_0004438,ACC_000146,ACC_000097,2026-07-13 12:23:23.755011,DEPOSIT,5842.69,BRANCH,UK,0
TXN_0004439,ACC_000698,ACC_000339,2026-03-20 09:10:18.755011,WITHDRAWAL,5384.51,BRANCH,Singapore,0
TXN_0004440,ACC_000890,ACC_000214,2026-07-02 21:26:32.755011,TRANSFER,14767.32,ATM,India,0
TXN_0004441,ACC_000350,ACC_000210,2026-06-15 13:12:34.755011,PAYMENT,1590.3,BRANCH,USA,0
TXN_0004442,ACC_000441,ACC_000607,2026-05-21 01:49:14.755011,PAYMENT,10591.25,MOBILE,UK,0
TXN_0004443,ACC_000831,ACC_000757,2026-05-18 11:57:45.755011,TRANSFER,15713.31,ATM,UK,0
TXN_0004444,ACC_000380,ACC_000967,2026-06-16 00:29:23.755011,WITHDRAWAL,18329.67,BRANCH,India,0
TXN_0004445,ACC_000479,ACC_000838,2026-03-08 07:40:56.755011,PAYMENT,13527.13,ONLINE,UAE,1
TXN_0004446,ACC_000484,ACC_000129,2026-09-02 20:34:52.755011,TRANSFER,3249.88,BRANCH,USA,0
TXN_0004447,ACC_000865,ACC_000171,2026-07-24 07:20:54.755011,DEPOSIT,2824.49,BRANCH,Singapore,0
TXN_0004448,ACC_000973,ACC_000774,2026-07-30 11:52:38.755011,TRANSFER,9134.96,ONLINE,UAE,0
TXN_0004449,ACC_000132,ACC_000710,2026-05-08 09:55:25.755011,DEPOSIT,14427.53,BRANCH,USA,0
TXN_0004450,ACC_000063,ACC_000009,2026-07-02 11:07:41.755011,DEPOSIT,48827.67,ONLINE,USA,0
TXN_0004451,ACC_000145,ACC_000734,2026-08-15 02:29:52.755011,WITHDRAWAL,4474.01,ATM,USA,0
TXN_0004452,ACC_000501,ACC_000222,2026-05-02 19:50:10.755011,TRANSFER,4460.04,MOBILE,Hong Kong,0
TXN_0004453,ACC_000842,ACC_000709,2026-08-19 06:37:47.755011,DEPOSIT,32196.29,BRANCH,India,0
TXN_0004454,ACC_000951,ACC_000803,2026-08-16 10:49:58.755011,DEPOSIT,11566.78,ONLINE,Hong Kong,0
TXN_0004455,ACC_000487,ACC_000111,2026-07-07 23:17:04.755011,DEPOSIT,37092.94,MOBILE,Hong Kong,0
TXN_0004456,ACC_000791,ACC_000409,2026-05-14 09:35:26.755011,DEPOSIT,11458.35,BRANCH,Singapore,0
TXN_0004457,ACC_000625,ACC_000741,2026-07-03 09:06:31.755011,DEPOSIT,2021.23,ATM,USA,0
TXN_0004458,ACC_000017,ACC_000018,2026-04-28 02:48:30.755011,WITHDRAWAL,1636.39,ATM,USA,0
TXN_0004459,ACC_000289,ACC_000968,2026-08-17 12:01:59.755011,PAYMENT,1259.14,BRANCH,Hong Kong,0
TXN_0004460,ACC_000800,ACC_000470,2026-04-14 13:48:27.755011,PAYMENT,17934.15,ATM,USA,0
TXN_0004461,ACC_000078,ACC_000779,2026-06-27 23:33:00.755011,WITHDRAWAL,33735.84,ATM,UAE,0
TXN_0004462,ACC_000022,ACC_000371,2026-06-04 12:34:40.755011,WITHDRAWAL,74550.69,BRANCH,Hong Kong,0
TXN_0004463,ACC_000781,ACC_000117,2026-03-17 04:25:47.755011,WITHDRAWAL,22286.28,BRANCH,Hong Kong,0
TXN_0004464,ACC_000930,ACC_000968,2026-03-23 12:06:38.755011,WITHDRAWAL,32709.02,ONLINE,Hong Kong,0
TXN_0004465,ACC_000071,ACC_000407,2026-03-15 23:28:37.755011,PAYMENT,4039.92,BRANCH,India,0
TXN_0004466,ACC_000138,ACC_000411,2026-03-13 19:28:11.755011,WITHDRAWAL,2022.93,ATM,Hong Kong,0
TXN_0004467,ACC_000932,ACC_000345,2026-06-06 11:30:55.755011,DEPOSIT,22473.57,ATM,USA,0
TXN_0004468,ACC_000513,ACC_000731,2026-06-14 00:40:48.755011,PAYMENT,13375.99,MOBILE,Singapore,0
TXN_0004469,ACC_000192,ACC_000111,2026-07-01 23:52:05.755011,WITHDRAWAL,9218.18,BRANCH,Singapore,0
TXN_0004470,ACC_000259,ACC_000394,2026-08-13 08:11:25.755011,PAYMENT,12898.24,BRANCH,Hong Kong,0
TXN_0004471,ACC_000696,ACC_000852,2026-05-01 12:54:33.755011,PAYMENT,11942.07,ATM,India,0
TXN_0004472,ACC_000966,ACC_000973,2026-03-25 06:04:07.755011,DEPOSIT,37819.5,ATM,Hong Kong,0
TXN_0004473,ACC_000150,ACC_000798,2026-05-17 07:29:47.755011,PAYMENT,38329.79,MOBILE,Singapore,0
TXN_0004474,ACC_000879,ACC_000911,2026-04-27 16:48:49.755011,PAYMENT,15569.43,BRANCH,Hong Kong,0
TXN_0004475,ACC_000041,ACC_000831,2026-03-07 23:16:23.755011,TRANSFER,22358.54,ATM,India,0
TXN_0004476,ACC_000051,ACC_000089,2026-07-14 09:53:11.755011,WITHDRAWAL,15016.05,BRANCH,India,0
TXN_0004477,ACC_000025,ACC_000573,2026-06-29 21:05:42.755011,WITHDRAWAL,4659.19,MOBILE,USA,0
TXN_0004478,ACC_000899,ACC_000118,2026-06-11 16:19:24.755011,DEPOSIT,20087.99,ATM,Hong Kong,0
TXN_0004479,ACC_000713,ACC_000743,2026-07-10 16:50:43.755011,PAYMENT,1520.21,ATM,UK,0
TXN_0004480,ACC_000672,ACC_000932,2026-08-18 13:09:03.755011,PAYMENT,28700.5,BRANCH,UAE,0
TXN_0004481,ACC_000919,ACC_000206,2026-08-16 03:19:02.755011,TRANSFER,1932.51,ONLINE,India,0
TXN_0004482,ACC_000604,ACC_000054,2026-03-14 18:51:45.755011,PAYMENT,11418.2,ONLINE,UAE,0
TXN_0004483,ACC_000745,ACC_000004,2026-03-29 14:10:30.755011,WITHDRAWAL,2938.97,ONLINE,USA,0
TXN_0004484,ACC_000344,ACC_000716,2026-04-21 05:57:25.755011,WITHDRAWAL,15741.67,ONLINE,UK,0
TXN_0004485,ACC_000775,ACC_000185,2026-07-01 23:55:54.755011,TRANSFER,7779.83,ATM,India,0
TXN_0004486,ACC_000226,ACC_000649,2026-07-22 14:34:55.755011,DEPOSIT,1195.47,BRANCH,Singapore,0
TXN_0004487,ACC_000428,ACC_000404,2026-08-04 01:01:03.755011,PAYMENT,13424.54,ONLINE,UAE,0
TXN_0004488,ACC_000144,ACC_000141,2026-03-23 10:51:32.755011,DEPOSIT,4050.09,ONLINE,UK,0
TXN_0004489,ACC_000780,ACC_000586,2026-08-22 11:17:44.755011,WITHDRAWAL,23327.22,BRANCH,Hong Kong,0
TXN_0004490,ACC_000004,ACC_000893,2026-08-03 19:22:28.755011,WITHDRAWAL,96336.5,ATM,India,1
TXN_0004491,ACC_000038,ACC_000358,2026-08-22 01:43:43.755011,PAYMENT,260051.6,ATM,India,1
TXN_0004492,ACC_000510,ACC_000953,2026-05-30 11:23:21.755011,PAYMENT,2568.09,BRANCH,UAE,0
TXN_0004493,ACC_000097,ACC_000572,2026-04-03 13:14:50.755011,TRANSFER,3995.01,MOBILE,USA,0
TXN_0004494,ACC_000239,ACC_000486,2026-07-03 05:08:24.755011,DEPOSIT,4673.36,MOBILE,Hong Kong,0
TXN_0004495,ACC_000107,ACC_000416,2026-07-26 22:01:25.755011,DEPOSIT,22652.9,BRANCH,Singapore,0
TXN_0004496,ACC_000522,ACC_000508,2026-03-26 13:10:25.755011,DEPOSIT,60648.64,BRANCH,USA,0
TXN_0004497,ACC_000830,ACC_000982,2026-06-20 20:13:26.755011,PAYMENT,3083.42,BRANCH,USA,0
TXN_0004498,ACC_000928,ACC_000681,2026-06-17 14:15:53.755011,WITHDRAWAL,29502.13,ONLINE,India,0
TXN_0004499,ACC_000901,ACC_000795,2026-05-23 10:58:23.755011,PAYMENT,599.67,BRANCH,Singapore,0
TXN_0004500,ACC_000189,ACC_000436,2026-04-07 07:41:28.755011,DEPOSIT,1933.28,BRANCH,Singapore,0
TXN_0004501,ACC_000528,ACC_000012,2026-07-19 15:59:26.755011,PAYMENT,2564.36,BRANCH,Hong Kong,0
TXN_0004502,ACC_000837,ACC_000333,2026-05-23 04:44:03.755011,PAYMENT,1598.77,ATM,UAE,0
TXN_0004503,ACC_000693,ACC_000914,2026-07-02 09:40:14.755011,TRANSFER,1211.6,BRANCH,UK,0
TXN_0004504,ACC_000828,ACC_000326,2026-04-23 10:08:11.755011,TRANSFER,13301.06,ATM,UK,0
TXN_0004505,ACC_000492,ACC_000477,2026-06-08 00:18:28.755011,PAYMENT,6267.41,BRANCH,UK,0
TXN_0004506,ACC_000304,ACC_000026,2026-08-16 18:52:56.755011,PAYMENT,158928.54,MOBILE,Hong Kong,1
TXN_0004507,ACC_000031,ACC_000947,2026-05-08 00:49:42.755011,TRANSFER,18556.35,MOBILE,India,0
TXN_0004508,ACC_000914,ACC_000970,2026-03-28 16:44:55.755011,DEPOSIT,11144.93,MOBILE,Singapore,0
TXN_0004509,ACC_000586,ACC_000072,2026-04-13 01:25:50.755011,PAYMENT,17842.09,MOBILE,Singapore,0
TXN_0004510,ACC_000548,ACC_000546,2026-03-25 11:37:48.755011,DEPOSIT,7454.41,ONLINE,Hong Kong,0
TXN_0004511,ACC_000539,ACC_000439,2026-05-06 08:11:59.755011,TRANSFER,1950.05,ONLINE,Hong Kong,0
TXN_0004512,ACC_000005,ACC_000736,2026-03-15 22:13:18.755011,PAYMENT,28835.92,MOBILE,UK,0
TXN_0004513,ACC_000186,ACC_000536,2026-07-09 11:10:10.755011,DEPOSIT,3996.07,BRANCH,UK,0
TXN_0004514,ACC_000642,ACC_000239,2026-03-17 03:07:40.755011,TRANSFER,2636.7,ATM,UAE,0
TXN_0004515,ACC_000105,ACC_000749,2026-03-31 10:36:10.755011,PAYMENT,6545.27,MOBILE,Hong Kong,0
TXN_0004516,ACC_000520,ACC_000401,2026-07-10 11:09:57.755011,TRANSFER,2709.79,BRANCH,UK,0
TXN_0004517,ACC_000993,ACC_000024,2026-07-31 22:05:00.755011,DEPOSIT,4910.27,MOBILE,USA,0
TXN_0004518,ACC_000194,ACC_000418,2026-04-07 22:18:15.755011,PAYMENT,102929.76,ONLINE,Hong Kong,1
TXN_0004519,ACC_000173,ACC_000908,2026-05-21 02:43:14.755011,TRANSFER,12308.07,ONLINE,Singapore,0
TXN_0004520,ACC_000963,ACC_000140,2026-03-11 07:25:38.755011,WITHDRAWAL,2758.95,ATM,Singapore,0
TXN_0004521,ACC_000143,ACC_000266,2026-05-28 16:37:35.755011,DEPOSIT,4513.16,MOBILE,USA,0
TXN_0004522,ACC_000753,ACC_000651,2026-08-08 08:53:57.755011,WITHDRAWAL,29413.22,ONLINE,Hong Kong,0
TXN_0004523,ACC_000906,ACC_000801,2026-06-11 13:06:42.755011,TRANSFER,14701.14,MOBILE,UK,0
TXN_0004524,ACC_000985,ACC_000612,2026-07-14 06:30:19.755011,WITHDRAWAL,97741.16,BRANCH,Hong Kong,0
TXN_0004525,ACC_000262,ACC_000051,2026-06-11 18:47:45.755011,DEPOSIT,33394.74,BRANCH,USA,0
TXN_0004526,ACC_000260,ACC_000963,2026-05-05 11:30:12.755011,WITHDRAWAL,31989.14,ATM,UK,0
TXN_0004527,ACC_000288,ACC_000390,2026-03-20 04:44:00.755011,DEPOSIT,1532.35,BRANCH,UK,0
TXN_0004528,ACC_000204,ACC_000683,2026-06-15 07:02:02.755011,WITHDRAWAL,20264.63,ATM,UK,0
TXN_0004529,ACC_000235,ACC_000678,2026-08-20 17:02:19.755011,WITHDRAWAL,7602.8,BRANCH,Hong Kong,0
TXN_0004530,ACC_000853,ACC_000507,2026-05-27 08:04:50.755011,PAYMENT,4183.16,BRANCH,Singapore,0
TXN_0004531,ACC_000321,ACC_000247,2026-06-15 23:12:50.755011,PAYMENT,9913.16,ONLINE,Hong Kong,0
TXN_0004532,ACC_000374,ACC_000538,2026-06-07 06:19:26.755011,DEPOSIT,25191.3,ONLINE,UAE,0
TXN_0004533,ACC_000250,ACC_000163,2026-05-02 21:58:53.755011,DEPOSIT,14779.52,ATM,Hong Kong,0
TXN_0004534,ACC_000308,ACC_000250,2026-04-25 08:40:08.755011,DEPOSIT,2823.78,MOBILE,UAE,0
TXN_0004535,ACC_000782,ACC_000742,2026-03-12 01:54:40.755011,WITHDRAWAL,19750.83,MOBILE,India,0
TXN_0004536,ACC_000033,ACC_000611,2026-07-25 09:56:31.755011,PAYMENT,3770.24,MOBILE,Singapore,0
TXN_0004537,ACC_000843,ACC_000009,2026-07-27 18:15:50.755011,TRANSFER,10509.34,BRANCH,USA,0
TXN_0004538,ACC_000777,ACC_000618,2026-09-01 16:11:29.755011,PAYMENT,5630.65,ONLINE,Hong Kong,0
TXN_0004539,ACC_000937,ACC_000757,2026-04-20 14:16:39.755011,DEPOSIT,6231.43,ATM,UAE,0
TXN_0004540,ACC_000808,ACC_000945,2026-07-08 18:06:34.755011,WITHDRAWAL,20322.66,ONLINE,USA,0
TXN_0004541,ACC_000065,ACC_000432,2026-03-13 00:16:20.755011,PAYMENT,2325.68,MOBILE,UAE,0
TXN_0004542,ACC_000693,ACC_000136,2026-03-28 19:26:37.755011,TRANSFER,862727.06,MOBILE,UK,1
TXN_0004543,ACC_000983,ACC_000576,2026-04-12 09:12:52.755011,TRANSFER,911.14,MOBILE,USA,0
TXN_0004544,ACC_000067,ACC_000143,2026-08-26 06:10:42.755011,DEPOSIT,3955.25,MOBILE,Hong Kong,0
TXN_0004545,ACC_000239,ACC_000845,2026-07-18 09:18:33.755011,PAYMENT,12635.36,BRANCH,UAE,0
TXN_0004546,ACC_000339,ACC_000193,2026-08-01 17:38:36.755011,TRANSFER,16336.82,ONLINE,India,0
TXN_0004547,ACC_000362,ACC_000590,2026-07-13 00:05:49.755011,TRANSFER,7182.69,MOBILE,USA,0
TXN_0004548,ACC_000907,ACC_000472,2026-04-12 07:37:34.755011,WITHDRAWAL,7563.82,ATM,UAE,0
TXN_0004549,ACC_000390,ACC_000928,2026-07-16 15:49:17.755011,PAYMENT,13262.03,MOBILE,India,0
TXN_0004550,ACC_000373,ACC_000508,2026-06-17 03:07:02.755011,PAYMENT,6140.84,ATM,UAE,0
TXN_0004551,ACC_000357,ACC_000300,2026-05-14 10:39:50.755011,WITHDRAWAL,43123.25,ONLINE,UK,0
TXN_0004552,ACC_000042,ACC_000818,2026-05-30 05:30:36.755011,TRANSFER,22186.05,ATM,UK,0
TXN_0004553,ACC_000682,ACC_000924,2026-06-08 00:22:44.755011,WITHDRAWAL,23095.41,MOBILE,UK,0
TXN_0004554,ACC_000226,ACC_000706,2026-07-18 07:59:22.755011,DEPOSIT,2541.76,ONLINE,Singapore,0
TXN_0004555,ACC_000557,ACC_000866,2026-04-12 16:08:16.755011,TRANSFER,7366.76,BRANCH,Singapore,0
TXN_0004556,ACC_000257,ACC_000395,2026-06-01 08:10:54.755011,TRANSFER,5650.17,ATM,India,0
TXN_0004557,ACC_000488,ACC_000384,2026-08-15 17:17:40.755011,DEPOSIT,2424.25,ATM,Singapore,0
TXN_0004558,ACC_000178,ACC_000772,2026-03-27 04:08:00.755011,DEPOSIT,12483.92,ONLINE,UAE,0
TXN_0004559,ACC_000524,ACC_001000,2026-03-30 11:28:26.755011,DEPOSIT,4250.64,BRANCH,USA,0
TXN_0004560,ACC_000956,ACC_000061,2026-07-06 03:11:42.755011,DEPOSIT,17791.65,ATM,India,0
TXN_0004561,ACC_000247,ACC_000021,2026-05-30 05:58:08.755011,PAYMENT,2243.45,MOBILE,India,0
TXN_0004562,ACC_000964,ACC_000061,2026-06-11 09:38:01.755011,WITHDRAWAL,63757.92,MOBILE,India,0
TXN_0004563,ACC_000631,ACC_000842,2026-07-25 11:40:42.755011,PAYMENT,2763.91,ATM,Hong Kong,0
TXN_0004564,ACC_000452,ACC_000234,2026-05-27 18:42:57.755011,TRANSFER,10542.42,ATM,USA,0
TXN_0004565,ACC_000848,ACC_000795,2026-04-20 23:01:00.755011,TRANSFER,20957.07,MOBILE,UAE,0
TXN_0004566,ACC_000674,ACC_000299,2026-03-25 00:37:36.755011,PAYMENT,4085.63,ONLINE,USA,0
TXN_0004567,ACC_000249,ACC_000411,2026-08-12 21:30:32.755011,WITHDRAWAL,22538.1,MOBILE,India,0
TXN_0004568,ACC_000567,ACC_000180,2026-04-04 13:41:19.755011,PAYMENT,1853.78,ONLINE,USA,0
TXN_0004569,ACC_000371,ACC_000786,2026-06-06 23:53:07.755011,WITHDRAWAL,46283.52,BRANCH,Singapore,0
TXN_0004570,ACC_000625,ACC_000066,2026-07-03 05:01:15.755011,TRANSFER,8241.84,MOBILE,UK,0
TXN_0004571,ACC_000293,ACC_000644,2026-07-30 19:17:39.755011,WITHDRAWAL,3961.22,ATM,India,0
TXN_0004572,ACC_000208,ACC_000663,2026-07-22 19:06:23.755011,WITHDRAWAL,5658.88,ATM,Singapore,0
TXN_0004573,ACC_000231,ACC_000938,2026-05-18 19:07:28.755011,TRANSFER,21390.52,ONLINE,Hong Kong,0
TXN_0004574,ACC_000681,ACC_000600,2026-04-06 21:45:16.755011,DEPOSIT,4018.46,BRANCH,India,0
TXN_0004575,ACC_000329,ACC_000017,2026-03-28 06:41:40.755011,DEPOSIT,3297.01,ATM,Hong Kong,0
TXN_0004576,ACC_000959,ACC_000479,2026-07-16 04:10:57.755011,PAYMENT,6211.49,BRANCH,UK,0
TXN_0004577,ACC_000463,ACC_000219,2026-08-31 02:36:38.755011,PAYMENT,1973.66,ONLINE,Singapore,0
TXN_0004578,ACC_000086,ACC_000762,2026-07-04 18:19:40.755011,TRANSFER,72016.65,BRANCH,USA,0
TXN_0004579,ACC_000161,ACC_000101,2026-04-06 16:19:58.755011,PAYMENT,4106.5,BRANCH,UAE,0
TXN_0004580,ACC_000330,ACC_000454,2026-08-07 06:03:41.755011,PAYMENT,21981.14,BRANCH,Singapore,0
TXN_0004581,ACC_000792,ACC_000028,2026-03-29 13:56:36.755011,WITHDRAWAL,10418.77,ATM,UAE,0
TXN_0004582,ACC_000500,ACC_000002,2026-06-03 01:56:02.755011,DEPOSIT,2486.32,MOBILE,UK,0
TXN_0004583,ACC_000634,ACC_000861,2026-07-29 06:00:10.755011,TRANSFER,8045.39,MOBILE,USA,0
TXN_0004584,ACC_000326,ACC_000053,2026-04-29 16:47:21.755011,TRANSFER,20760.42,ATM,India,0
TXN_0004585,ACC_000387,ACC_000761,2026-07-10 22:36:41.755011,PAYMENT,6464.54,BRANCH,UAE,0
TXN_0004586,ACC_000219,ACC_000763,2026-08-26 17:03:54.755011,WITHDRAWAL,33919.17,MOBILE,India,0
TXN_0004587,ACC_000516,ACC_000410,2026-05-07 20:43:48.755011,DEPOSIT,27606.83,BRANCH,India,0
TXN_0004588,ACC_000049,ACC_000279,2026-08-05 18:00:52.755011,TRANSFER,24408.77,ATM,UK,0
TXN_0004589,ACC_000471,ACC_000696,2026-07-19 09:40:14.755011,WITHDRAWAL,4667.65,MOBILE,Hong Kong,0
TXN_0004590,ACC_000741,ACC_000150,2026-07-23 12:30:53.755011,PAYMENT,2217.62,BRANCH,UAE,0
TXN_0004591,ACC_000078,ACC_000910,2026-03-16 03:11:33.755011,PAYMENT,3880.41,ATM,Singapore,0
TXN_0004592,ACC_000893,ACC_000769,2026-03-16 20:58:13.755011,WITHDRAWAL,10254.68,ONLINE,USA,0
TXN_0004593,ACC_000062,ACC_000103,2026-05-19 08:06:10.755011,WITHDRAWAL,15598.72,ATM,USA,0
TXN_0004594,ACC_000549,ACC_000674,2026-04-22 02:22:16.755011,PAYMENT,598.31,MOBILE,USA,0
TXN_0004595,ACC_000564,ACC_000758,2026-08-04 03:58:17.755011,PAYMENT,8024.58,ONLINE,Hong Kong,0
TXN_0004596,ACC_000742,ACC_000799,2026-03-31 01:35:44.755011,DEPOSIT,9795.78,ATM,Singapore,0
TXN_0004597,ACC_000551,ACC_000579,2026-04-22 14:11:51.755011,TRANSFER,5807.74,BRANCH,USA,0
TXN_0004598,ACC_000013,ACC_000478,2026-07-02 00:22:45.755011,WITHDRAWAL,38159.45,BRANCH,Singapore,0
TXN_0004599,ACC_000044,ACC_000024,2026-03-16 10:16:26.755011,WITHDRAWAL,13441.96,ATM,India,0
TXN_0004600,ACC_000103,ACC_000800,2026-07-24 17:49:08.755011,TRANSFER,39035.64,BRANCH,India,0
TXN_0004601,ACC_000248,ACC_000276,2026-05-30 16:17:17.755011,WITHDRAWAL,6253.19,ONLINE,Hong Kong,0
TXN_0004602,ACC_000622,ACC_000329,2026-08-17 04:13:17.755011,TRANSFER,24958.58,ATM,USA,0
TXN_0004603,ACC_000381,ACC_000083,2026-06-18 04:48:47.755011,TRANSFER,57646.2,ONLINE,UAE,0
TXN_0004604,ACC_000312,ACC_000371,2026-07-10 05:44:31.755011,WITHDRAWAL,39106.04,MOBILE,Singapore,0
TXN_0004605,ACC_000632,ACC_000405,2026-04-03 23:46:45.755011,WITHDRAWAL,2185.13,MOBILE,Singapore,0
TXN_0004606,ACC_000191,ACC_000465,2026-07-01 23:28:49.755011,DEPOSIT,5976.49,BRANCH,India,0
TXN_0004607,ACC_000752,ACC_000701,2026-06-02 02:17:20.755011,TRANSFER,5355.09,BRANCH,USA,0
TXN_0004608,ACC_000599,ACC_000363,2026-04-23 03:59:08.755011,DEPOSIT,14575.62,ONLINE,USA,0
TXN_0004609,ACC_000850,ACC_000391,2026-08-02 23:50:32.755011,DEPOSIT,18464.85,ATM,India,0
TXN_0004610,ACC_000213,ACC_000470,2026-06-11 11:15:04.755011,TRANSFER,2961.14,ATM,UAE,0
TXN_0004611,ACC_000490,ACC_000766,2026-06-17 08:37:04.755011,WITHDRAWAL,8790.32,ONLINE,USA,0
TXN_0004612,ACC_000704,ACC_000672,2026-04-18 16:19:17.755011,WITHDRAWAL,717.73,BRANCH,India,0
TXN_0004613,ACC_000401,ACC_000908,2026-08-07 08:54:59.755011,DEPOSIT,45721.96,ATM,Singapore,0
TXN_0004614,ACC_000224,ACC_000001,2026-07-26 17:35:12.755011,WITHDRAWAL,4381.52,ONLINE,India,0
TXN_0004615,ACC_000798,ACC_000100,2026-05-27 06:14:23.755011,WITHDRAWAL,8664.91,ATM,Hong Kong,0
TXN_0004616,ACC_000191,ACC_000303,2026-05-19 04:49:24.755011,PAYMENT,5588.24,ONLINE,UAE,0
TXN_0004617,ACC_000755,ACC_000432,2026-06-18 17:45:33.755011,PAYMENT,32055.79,BRANCH,UK,0
TXN_0004618,ACC_000257,ACC_000398,2026-08-17 21:47:12.755011,WITHDRAWAL,269.08,BRANCH,UAE,0
TXN_0004619,ACC_000925,ACC_000495,2026-05-21 16:58:09.755011,TRANSFER,110388.84,ATM,Singapore,1
TXN_0004620,ACC_000985,ACC_000237,2026-08-05 19:24:16.755011,TRANSFER,7136.78,ONLINE,UK,0
TXN_0004621,ACC_000700,ACC_000618,2026-06-09 21:58:48.755011,PAYMENT,4701.5,BRANCH,Hong Kong,0
TXN_0004622,ACC_000081,ACC_000784,2026-08-18 03:28:26.755011,WITHDRAWAL,64310.09,ATM,Hong Kong,0
TXN_0004623,ACC_000971,ACC_000609,2026-08-05 19:39:33.755011,TRANSFER,53990.47,ATM,Singapore,1
TXN_0004624,ACC_000338,ACC_000613,2026-05-20 21:24:28.755011,PAYMENT,20458.53,MOBILE,India,0
TXN_0004625,ACC_000052,ACC_000387,2026-04-27 18:27:28.755011,PAYMENT,12425.47,ONLINE,India,0
TXN_0004626,ACC_000132,ACC_000526,2026-04-09 12:55:44.755011,PAYMENT,36820.98,MOBILE,Singapore,0
TXN_0004627,ACC_000021,ACC_000090,2026-04-13 20:34:40.755011,TRANSFER,3638.67,BRANCH,Hong Kong,0
TXN_0004628,ACC_000668,ACC_000055,2026-05-24 05:27:27.755011,DEPOSIT,3362.49,MOBILE,Hong Kong,0
TXN_0004629,ACC_000747,ACC_000810,2026-07-04 11:02:58.755011,WITHDRAWAL,30190.54,BRANCH,UK,0
TXN_0004630,ACC_000640,ACC_000615,2026-06-02 14:37:54.755011,TRANSFER,13499.2,MOBILE,USA,0
TXN_0004631,ACC_000110,ACC_000503,2026-04-02 15:24:27.755011,TRANSFER,1269.12,ONLINE,UK,0
TXN_0004632,ACC_000810,ACC_000344,2026-05-25 22:11:27.755011,DEPOSIT,4242.19,MOBILE,UAE,0
TXN_0004633,ACC_000635,ACC_000548,2026-06-22 19:45:19.755011,TRANSFER,12882.94,ONLINE,Singapore,0
TXN_0004634,ACC_000648,ACC_000821,2026-04-17 11:37:55.755011,WITHDRAWAL,22143.89,BRANCH,USA,0
TXN_0004635,ACC_000205,ACC_000849,2026-05-25 16:12:19.755011,TRANSFER,3586.47,ATM,UAE,0
TXN_0004636,ACC_000853,ACC_000361,2026-05-17 15:12:53.755011,DEPOSIT,245.4,ATM,Hong Kong,0
TXN_0004637,ACC_000106,ACC_000429,2026-05-26 22:25:07.755011,WITHDRAWAL,15182.03,BRANCH,USA,0
TXN_0004638,ACC_000520,ACC_000073,2026-06-24 07:27:42.755011,TRANSFER,1873.6,ATM,UAE,0
TXN_0004639,ACC_000605,ACC_000664,2026-07-23 10:23:22.755011,TRANSFER,719.96,BRANCH,UAE,0
TXN_0004640,ACC_000117,ACC_000782,2026-04-08 19:55:20.755011,PAYMENT,4187.28,ONLINE,Singapore,1
TXN_0004641,ACC_000357,ACC_000194,2026-06-11 08:08:29.755011,PAYMENT,21520.84,ONLINE,Singapore,0
TXN_0004642,ACC_000200,ACC_000432,2026-07-19 15:37:59.755011,TRANSFER,9455.4,ATM,India,0
TXN_0004643,ACC_000540,ACC_000338,2026-08-21 15:33:46.755011,WITHDRAWAL,6180.86,ONLINE,India,0
TXN_0004644,ACC_000855,ACC_000058,2026-07-02 08:51:16.755011,PAYMENT,42908.67,BRANCH,Hong Kong,0
TXN_0004645,ACC_000768,ACC_000303,2026-05-15 20:01:52.755011,WITHDRAWAL,17409.82,MOBILE,UAE,0
TXN_0004646,ACC_000432,ACC_000926,2026-07-20 09:18:09.755011,PAYMENT,56362.54,ONLINE,USA,0
TXN_0004647,ACC_000751,ACC_000224,2026-04-30 12:46:15.755011,PAYMENT,1523.43,ATM,UK,0
TXN_0004648,ACC_000351,ACC_000109,2026-08-27 16:00:08.755011,DEPOSIT,7773.99,MOBILE,India,0
TXN_0004649,ACC_000758,ACC_000189,2026-07-21 11:57:23.755011,WITHDRAWAL,1164.38,ONLINE,Hong Kong,0
TXN_0004650,ACC_000972,ACC_000852,2026-08-29 20:26:32.755011,WITHDRAWAL,6153.28,BRANCH,Singapore,0
TXN_0004651,ACC_000958,ACC_000109,2026-08-30 02:51:02.755011,PAYMENT,6012.89,ATM,Singapore,0
TXN_0004652,ACC_000713,ACC_000556,2026-03-31 01:23:23.755011,DEPOSIT,17187.48,ATM,UAE,0
TXN_0004653,ACC_000265,ACC_000101,2026-05-15 23:31:41.755011,PAYMENT,8558.47,MOBILE,UK,0
TXN_0004654,ACC_000399,ACC_000223,2026-05-07 10:12:40.755011,TRANSFER,17121.47,ATM,India,0
TXN_0004655,ACC_000482,ACC_000613,2026-08-09 23:55:41.755011,DEPOSIT,18847.36,MOBILE,UAE,0
TXN_0004656,ACC_000439,ACC_000713,2026-06-29 11:22:41.755011,WITHDRAWAL,107571.86,MOBILE,UAE,0
TXN_0004657,ACC_000645,ACC_000285,2026-04-02 19:05:13.755011,TRANSFER,5550.5,ATM,Hong Kong,0
TXN_0004658,ACC_000652,ACC_000796,2026-06-09 08:09:23.755011,PAYMENT,2619.59,MOBILE,Hong Kong,0
TXN_0004659,ACC_000096,ACC_000429,2026-09-03 05:18:12.755011,DEPOSIT,10886.73,ONLINE,India,0
TXN_0004660,ACC_000987,ACC_000637,2026-04-18 08:45:31.755011,DEPOSIT,3094.14,ATM,Singapore,0
TXN_0004661,ACC_000710,ACC_000140,2026-06-08 07:45:16.755011,TRANSFER,47971.05,BRANCH,Hong Kong,0
TXN_0004662,ACC_000999,ACC_000012,2026-05-03 11:59:35.755011,PAYMENT,5768.33,MOBILE,USA,0
TXN_0004663,ACC_000175,ACC_000753,2026-07-10 23:15:06.755011,WITHDRAWAL,4110.53,ONLINE,Hong Kong,0
TXN_0004664,ACC_000811,ACC_000860,2026-08-25 06:08:04.755011,PAYMENT,4602.8,ONLINE,Singapore,0
TXN_0004665,ACC_000190,ACC_000752,2026-04-24 03:49:39.755011,PAYMENT,19189.16,BRANCH,UK,0
TXN_0004666,ACC_000097,ACC_000913,2026-03-10 06:16:32.755011,TRANSFER,6705.64,MOBILE,UK,0
TXN_0004667,ACC_000780,ACC_000996,2026-05-04 01:01:34.755011,WITHDRAWAL,3751.83,ATM,Hong Kong,0
TXN_0004668,ACC_000287,ACC_000251,2026-03-13 10:42:41.755011,WITHDRAWAL,439986.66,ONLINE,Hong Kong,1
TXN_0004669,ACC_000422,ACC_000360,2026-05-31 17:59:51.755011,TRANSFER,2900.38,ONLINE,Hong Kong,0
TXN_0004670,ACC_000674,ACC_000067,2026-05-29 03:26:54.755011,WITHDRAWAL,8456.4,BRANCH,UK,0
TXN_0004671,ACC_000590,ACC_000292,2026-08-10 07:58:34.755011,TRANSFER,17725.64,MOBILE,Singapore,0
TXN_0004672,ACC_000553,ACC_000635,2026-07-06 01:08:55.755011,TRANSFER,1144.13,ATM,Singapore,0
TXN_0004673,ACC_000851,ACC_000652,2026-05-06 20:40:19.755011,PAYMENT,14419.15,MOBILE,UK,0
TXN_0004674,ACC_000058,ACC_000521,2026-07-18 08:31:16.755011,PAYMENT,33127.81,BRANCH,India,1
TXN_0004675,ACC_000799,ACC_000073,2026-08-14 01:00:01.755011,TRANSFER,21749.35,ATM,UK,0
TXN_0004676,ACC_000274,ACC_000186,2026-07-05 04:12:14.755011,PAYMENT,2552.48,ONLINE,Hong Kong,0
TXN_0004677,ACC_000729,ACC_000391,2026-04-23 10:15:01.755011,DEPOSIT,227091.63,BRANCH,UAE,1
TXN_0004678,ACC_000584,ACC_000356,2026-04-09 01:28:27.755011,PAYMENT,30546.33,ATM,UAE,0
TXN_0004679,ACC_000257,ACC_000096,2026-06-25 21:20:18.755011,TRANSFER,22781.95,ATM,UAE,0
TXN_0004680,ACC_000637,ACC_000813,2026-08-16 18:05:03.755011,PAYMENT,10955.31,MOBILE,USA,0
TXN_0004681,ACC_000880,ACC_000153,2026-07-07 23:25:15.755011,WITHDRAWAL,6139.13,ONLINE,Singapore,0
TXN_0004682,ACC_000525,ACC_000763,2026-04-10 23:06:58.755011,PAYMENT,4057.4,MOBILE,Singapore,0
TXN_0004683,ACC_000308,ACC_000691,2026-08-10 23:06:26.755011,PAYMENT,47346.19,ATM,UK,0
TXN_0004684,ACC_000105,ACC_000962,2026-05-18 11:44:14.755011,DEPOSIT,3500.31,BRANCH,UAE,0
TXN_0004685,ACC_000520,ACC_000446,2026-03-14 16:50:28.755011,WITHDRAWAL,2334.42,MOBILE,USA,0
TXN_0004686,ACC_000576,ACC_000181,2026-07-26 17:17:38.755011,DEPOSIT,18005.68,ATM,UAE,0
TXN_0004687,ACC_000461,ACC_000276,2026-03-11 12:08:13.755011,PAYMENT,3117.03,MOBILE,India,0
TXN_0004688,ACC_000168,ACC_000998,2026-05-13 22:04:31.755011,WITHDRAWAL,2591.32,MOBILE,Singapore,0
TXN_0004689,ACC_000009,ACC_000255,2026-08-22 13:12:53.755011,DEPOSIT,1433.21,BRANCH,UK,0
TXN_0004690,ACC_000616,ACC_000099,2026-05-09 03:03:26.755011,DEPOSIT,4539.21,BRANCH,UK,0
TXN_0004691,ACC_000128,ACC_000822,2026-06-04 09:05:33.755011,PAYMENT,7337.42,ONLINE,India,0
TXN_0004692,ACC_000603,ACC_000349,2026-08-09 10:49:57.755011,WITHDRAWAL,10847.72,ATM,UAE,0
TXN_0004693,ACC_000218,ACC_000957,2026-06-03 21:04:49.755011,WITHDRAWAL,25376.21,MOBILE,Hong Kong,0
TXN_0004694,ACC_000412,ACC_000683,2026-07-10 17:16:19.755011,DEPOSIT,15249.13,BRANCH,Singapore,0
TXN_0004695,ACC_000626,ACC_000594,2026-06-20 02:31:11.755011,WITHDRAWAL,6444.31,BRANCH,India,0
TXN_0004696,ACC_000469,ACC_000718,2026-03-28 03:22:46.755011,TRANSFER,6387.93,BRANCH,UAE,0
TXN_0004697,ACC_000268,ACC_000637,2026-08-18 19:02:23.755011,DEPOSIT,14945.85,ONLINE,India,0
TXN_0004698,ACC_000221,ACC_000818,2026-08-01 18:58:19.755011,WITHDRAWAL,37312.52,BRANCH,India,0
TXN_0004699,ACC_000850,ACC_000368,2026-06-08 18:04:44.755011,DEPOSIT,9429.3,BRANCH,Hong Kong,0
TXN_0004700,ACC_000347,ACC_000079,2026-07-12 04:31:05.755011,DEPOSIT,4614.89,ONLINE,Hong Kong,0
TXN_0004701,ACC_000679,ACC_000300,2026-06-10 21:09:28.755011,WITHDRAWAL,2461.59,ATM,USA,0
TXN_0004702,ACC_000993,ACC_000989,2026-04-16 18:03:09.755011,WITHDRAWAL,1430.46,BRANCH,UAE,0
TXN_0004703,ACC_000905,ACC_001000,2026-03-11 01:59:29.755011,WITHDRAWAL,18025.16,MOBILE,India,0
TXN_0004704,ACC_000419,ACC_000419,2026-08-06 05:19:54.755011,PAYMENT,16213.09,BRANCH,UK,0
TXN_0004705,ACC_000845,ACC_000730,2026-04-02 19:34:02.755011,WITHDRAWAL,16201.13,ATM,UAE,0
TXN_0004706,ACC_000852,ACC_000720,2026-06-07 01:02:31.755011,PAYMENT,6943.83,MOBILE,Singapore,0
TXN_0004707,ACC_000865,ACC_000134,2026-03-13 22:14:47.755011,WITHDRAWAL,43840.87,ONLINE,Hong Kong,0
TXN_0004708,ACC_000332,ACC_000893,2026-06-20 02:37:43.755011,DEPOSIT,4532.63,BRANCH,Hong Kong,0
TXN_0004709,ACC_000896,ACC_000851,2026-05-19 13:12:23.755011,WITHDRAWAL,25497.18,ONLINE,Hong Kong,0
TXN_0004710,ACC_000256,ACC_000530,2026-08-01 05:43:49.755011,WITHDRAWAL,7734.98,ATM,Hong Kong,0
TXN_0004711,ACC_000890,ACC_000054,2026-06-24 01:33:42.755011,DEPOSIT,3904.87,ATM,UK,0
TXN_0004712,ACC_000020,ACC_000738,2026-04-19 07:47:25.755011,TRANSFER,16498.69,ONLINE,India,0
TXN_0004713,ACC_000450,ACC_000563,2026-04-03 21:36:28.755011,DEPOSIT,13247.49,MOBILE,India,0
TXN_0004714,ACC_000002,ACC_000778,2026-07-03 23:42:55.755011,WITHDRAWAL,183158.41,MOBILE,USA,1
TXN_0004715,ACC_000726,ACC_000502,2026-08-29 22:38:59.755011,DEPOSIT,8933.24,MOBILE,UAE,0
TXN_0004716,ACC_000050,ACC_000913,2026-06-07 16:02:41.755011,PAYMENT,7742.87,BRANCH,UK,0
TXN_0004717,ACC_000969,ACC_000199,2026-03-17 11:35:28.755011,DEPOSIT,142350.33,ATM,UK,0
TXN_0004718,ACC_000217,ACC_000644,2026-05-01 01:51:13.755011,WITHDRAWAL,33560.6,BRANCH,UAE,0
TXN_0004719,ACC_000766,ACC_000757,2026-05-19 18:27:45.755011,PAYMENT,19290.97,ATM,India,0
TXN_0004720,ACC_000987,ACC_000155,2026-07-16 09:23:45.755011,PAYMENT,9266.48,ATM,UK,0
TXN_0004721,ACC_000091,ACC_000489,2026-05-28 08:15:30.755011,TRANSFER,27135.24,BRANCH,USA,0
TXN_0004722,ACC_000458,ACC_000309,2026-08-26 11:43:35.755011,WITHDRAWAL,15087.08,MOBILE,Singapore,0
TXN_0004723,ACC_000178,ACC_000692,2026-05-29 13:45:08.755011,DEPOSIT,8361.94,ATM,Singapore,0
TXN_0004724,ACC_000456,ACC_000552,2026-05-22 15:52:14.755011,WITHDRAWAL,5629.2,ONLINE,UAE,0
TXN_0004725,ACC_000568,ACC_000937,2026-08-31 01:37:18.755011,DEPOSIT,7353.26,BRANCH,UK,0
TXN_0004726,ACC_000880,ACC_000384,2026-08-04 15:19:09.755011,WITHDRAWAL,180.46,MOBILE,Hong Kong,0
TXN_0004727,ACC_000860,ACC_000515,2026-05-01 20:29:55.755011,WITHDRAWAL,10432.92,ATM,UAE,0
TXN_0004728,ACC_000457,ACC_000768,2026-04-13 09:45:35.755011,DEPOSIT,4508.99,MOBILE,India,0
TXN_0004729,ACC_000399,ACC_000477,2026-08-06 16:50:06.755011,DEPOSIT,471187.7,BRANCH,UK,1
TXN_0004730,ACC_000154,ACC_000024,2026-08-23 19:27:46.755011,DEPOSIT,8293.38,BRANCH,Singapore,0
TXN_0004731,ACC_000612,ACC_000456,2026-05-06 07:03:38.755011,WITHDRAWAL,1945.44,ATM,UK,0
TXN_0004732,ACC_000773,ACC_000483,2026-05-08 00:50:20.755011,PAYMENT,7632.29,ATM,India,0
TXN_0004733,ACC_000808,ACC_000034,2026-03-18 18:16:18.755011,TRANSFER,2309.2,MOBILE,Hong Kong,0
TXN_0004734,ACC_000382,ACC_000408,2026-05-25 21:21:44.755011,WITHDRAWAL,14301.06,ATM,USA,0
TXN_0004735,ACC_000270,ACC_000352,2026-07-25 17:29:38.755011,PAYMENT,11488.9,MOBILE,Hong Kong,0
TXN_0004736,ACC_000252,ACC_000351,2026-05-17 10:14:42.755011,PAYMENT,25575.95,ATM,Hong Kong,0
TXN_0004737,ACC_000441,ACC_000033,2026-05-26 09:22:13.755011,TRANSFER,3136.75,ONLINE,UK,0
TXN_0004738,ACC_000585,ACC_000755,2026-08-20 13:51:29.755011,TRANSFER,8440.61,ONLINE,India,0
TXN_0004739,ACC_000316,ACC_000599,2026-08-12 16:57:14.755011,WITHDRAWAL,1574.94,BRANCH,India,0
TXN_0004740,ACC_000784,ACC_000613,2026-07-19 08:05:29.755011,DEPOSIT,18803.41,MOBILE,India,0
TXN_0004741,ACC_000700,ACC_000909,2026-03-27 05:31:31.755011,WITHDRAWAL,15102.95,ATM,Hong Kong,0
TXN_0004742,ACC_000412,ACC_000437,2026-08-07 09:21:59.755011,TRANSFER,278200.11,MOBILE,Hong Kong,1
TXN_0004743,ACC_000436,ACC_000946,2026-06-02 14:04:47.755011,TRANSFER,8118.84,BRANCH,UAE,0
TXN_0004744,ACC_000288,ACC_000738,2026-03-07 11:22:17.755011,DEPOSIT,13329.4,BRANCH,Singapore,0
TXN_0004745,ACC_000801,ACC_000854,2026-08-21 03:59:21.755011,DEPOSIT,55559.34,ATM,Hong Kong,0
TXN_0004746,ACC_000382,ACC_000730,2026-07-29 05:29:07.755011,PAYMENT,5755.36,MOBILE,Singapore,0
TXN_0004747,ACC_000601,ACC_000384,2026-07-02 01:09:13.755011,TRANSFER,9569.86,ONLINE,UK,0
TXN_0004748,ACC_000239,ACC_000709,2026-07-21 15:46:36.755011,PAYMENT,2200.96,ONLINE,Hong Kong,0
TXN_0004749,ACC_000191,ACC_000509,2026-07-22 05:42:07.755011,DEPOSIT,2858.6,MOBILE,India,0
TXN_0004750,ACC_000493,ACC_000697,2026-08-17 05:16:30.755011,PAYMENT,9112.26,BRANCH,USA,0
TXN_0004751,ACC_000260,ACC_000057,2026-03-20 11:43:57.755011,WITHDRAWAL,30476.78,ONLINE,USA,0
TXN_0004752,ACC_000398,ACC_000386,2026-06-18 18:05:05.755011,TRANSFER,5957.84,MOBILE,Singapore,0
TXN_0004753,ACC_000250,ACC_000219,2026-08-22 22:28:13.755011,TRANSFER,6105.22,MOBILE,Singapore,0
TXN_0004754,ACC_000348,ACC_000172,2026-06-12 14:51:29.755011,WITHDRAWAL,4972.8,BRANCH,UK,0
TXN_0004755,ACC_000132,ACC_000003,2026-08-15 04:03:07.755011,PAYMENT,4265.4,MOBILE,UAE,0
TXN_0004756,ACC_000018,ACC_000953,2026-03-27 11:37:37.755011,PAYMENT,11544.52,ATM,UAE,0
TXN_0004757,ACC_000859,ACC_000366,2026-04-20 06:44:43.755011,TRANSFER,1343.85,BRANCH,Singapore,0
TXN_0004758,ACC_000886,ACC_000509,2026-08-22 19:54:13.755011,DEPOSIT,37689.15,MOBILE,India,0
TXN_0004759,ACC_000941,ACC_000376,2026-04-15 23:43:51.755011,TRANSFER,3646.39,ATM,India,0
TXN_0004760,ACC_000383,ACC_000201,2026-06-15 07:02:59.755011,WITHDRAWAL,19269.6,BRANCH,UK,0
TXN_0004761,ACC_000358,ACC_000216,2026-03-22 17:05:27.755011,WITHDRAWAL,1765.17,ATM,Hong Kong,0
TXN_0004762,ACC_000617,ACC_000336,2026-06-22 08:02:11.755011,WITHDRAWAL,18080.84,ONLINE,UAE,0
TXN_0004763,ACC_000908,ACC_000694,2026-07-22 12:44:23.755011,TRANSFER,18148.32,ATM,UAE,0
TXN_0004764,ACC_000532,ACC_000860,2026-05-10 14:21:53.755011,TRANSFER,133826.29,BRANCH,Singapore,1
TXN_0004765,ACC_000183,ACC_000221,2026-07-06 00:23:12.755011,PAYMENT,2456.97,ONLINE,UAE,0
TXN_0004766,ACC_000781,ACC_000978,2026-06-18 20:41:30.755011,TRANSFER,10932.09,ONLINE,Hong Kong,0
TXN_0004767,ACC_000984,ACC_000546,2026-04-14 12:52:54.755011,TRANSFER,1959.28,MOBILE,Singapore,0
TXN_0004768,ACC_000721,ACC_000622,2026-04-01 03:35:07.755011,PAYMENT,5983.04,MOBILE,USA,0
TXN_0004769,ACC_000898,ACC_000379,2026-07-03 13:49:04.755011,DEPOSIT,27869.71,ATM,India,0
TXN_0004770,ACC_000946,ACC_000105,2026-07-28 06:47:47.755011,PAYMENT,21079.21,ONLINE,UAE,0
TXN_0004771,ACC_000927,ACC_000198,2026-06-07 03:37:09.755011,WITHDRAWAL,8252.07,ONLINE,India,0
TXN_0004772,ACC_000091,ACC_000202,2026-05-24 10:34:42.755011,PAYMENT,2515.51,ONLINE,UK,0
TXN_0004773,ACC_000372,ACC_000201,2026-05-15 15:50:34.755011,TRANSFER,17583.31,ONLINE,UK,0
TXN_0004774,ACC_000061,ACC_000828,2026-04-13 07:40:03.755011,WITHDRAWAL,8293.75,MOBILE,India,0
TXN_0004775,ACC_000091,ACC_000688,2026-06-18 22:13:54.755011,TRANSFER,500.51,ONLINE,UAE,0
TXN_0004776,ACC_000629,ACC_000563,2026-07-29 05:36:57.755011,WITHDRAWAL,230247.93,MOBILE,UK,1
TXN_0004777,ACC_000860,ACC_000725,2026-07-29 10:22:14.755011,DEPOSIT,7870.84,ATM,Hong Kong,0
TXN_0004778,ACC_000908,ACC_000311,2026-05-09 16:12:05.755011,TRANSFER,34301.4,ATM,UAE,0
TXN_0004779,ACC_000417,ACC_000962,2026-04-03 21:52:23.755011,WITHDRAWAL,2176.94,MOBILE,USA,0
TXN_0004780,ACC_000701,ACC_000085,2026-05-06 00:49:07.755011,TRANSFER,179.1,ONLINE,Singapore,0
TXN_0004781,ACC_000392,ACC_000657,2026-09-01 15:58:05.755011,DEPOSIT,174672.97,ONLINE,India,1
TXN_0004782,ACC_000910,ACC_000861,2026-07-31 19:50:49.755011,PAYMENT,11497.4,ATM,Hong Kong,0
TXN_0004783,ACC_000758,ACC_000127,2026-08-09 19:39:01.755011,DEPOSIT,1065.49,ATM,Singapore,0
TXN_0004784,ACC_000129,ACC_000156,2026-09-03 02:09:43.755011,TRANSFER,2504.39,BRANCH,UK,0
TXN_0004785,ACC_000175,ACC_000666,2026-05-24 13:03:12.755011,DEPOSIT,221075.88,BRANCH,USA,0
TXN_0004786,ACC_000647,ACC_000278,2026-04-14 01:06:48.755011,DEPOSIT,5615.4,ONLINE,Hong Kong,0
TXN_0004787,ACC_000583,ACC_000236,2026-05-13 12:07:58.755011,PAYMENT,19480.14,MOBILE,Singapore,0
TXN_0004788,ACC_000565,ACC_000643,2026-04-02 05:22:32.755011,DEPOSIT,3711.56,ONLINE,Hong Kong,0
TXN_0004789,ACC_000032,ACC_000048,2026-04-04 18:25:00.755011,DEPOSIT,659.6,MOBILE,UAE,0
TXN_0004790,ACC_000753,ACC_000132,2026-06-11 06:15:00.755011,WITHDRAWAL,6605.71,ATM,UAE,0
TXN_0004791,ACC_000149,ACC_000625,2026-03-31 04:06:13.755011,WITHDRAWAL,5891.55,ONLINE,UK,0
TXN_0004792,ACC_000735,ACC_000831,2026-08-29 09:54:19.755011,TRANSFER,5014.79,MOBILE,Hong Kong,0
TXN_0004793,ACC_000658,ACC_000024,2026-08-26 05:33:09.755011,PAYMENT,133341.81,BRANCH,India,1
TXN_0004794,ACC_000295,ACC_000566,2026-03-15 23:45:50.755011,TRANSFER,11126.91,ATM,USA,0
TXN_0004795,ACC_000802,ACC_000368,2026-05-27 17:29:08.755011,WITHDRAWAL,6767.31,BRANCH,UK,0
TXN_0004796,ACC_000409,ACC_000710,2026-08-10 17:00:11.755011,WITHDRAWAL,1777.91,ONLINE,Hong Kong,0
TXN_0004797,ACC_000892,ACC_000086,2026-04-26 09:37:03.755011,WITHDRAWAL,14522.03,BRANCH,Singapore,0
TXN_0004798,ACC_000097,ACC_000923,2026-04-26 20:50:50.755011,DEPOSIT,6298.77,MOBILE,Hong Kong,1
TXN_0004799,ACC_000825,ACC_000138,2026-05-30 05:37:57.755011,PAYMENT,691.99,BRANCH,UAE,0
TXN_0004800,ACC_000454,ACC_000746,2026-06-14 13:57:48.755011,DEPOSIT,19673.28,MOBILE,Singapore,0
TXN_0004801,ACC_000629,ACC_000639,2026-08-31 10:09:48.755011,PAYMENT,14889.69,ONLINE,USA,0
TXN_0004802,ACC_000427,ACC_000663,2026-03-17 15:36:19.755011,PAYMENT,7563.77,ATM,UAE,0
TXN_0004803,ACC_000101,ACC_000819,2026-03-24 14:03:37.755011,PAYMENT,1518.47,BRANCH,India,0
TXN_0004804,ACC_000851,ACC_000604,2026-06-09 01:20:56.755011,WITHDRAWAL,3465.13,BRANCH,India,0
TXN_0004805,ACC_000016,ACC_000220,2026-07-04 23:03:28.755011,TRANSFER,5911.79,ATM,UK,0
TXN_0004806,ACC_000748,ACC_000263,2026-07-25 11:20:24.755011,WITHDRAWAL,1193.84,ATM,UAE,0
TXN_0004807,ACC_000584,ACC_000297,2026-07-24 22:25:03.755011,WITHDRAWAL,3338.13,ONLINE,UAE,0
TXN_0004808,ACC_000266,ACC_000471,2026-03-31 03:49:03.755011,TRANSFER,17726.15,MOBILE,USA,0
TXN_0004809,ACC_000575,ACC_000246,2026-04-01 08:17:41.755011,WITHDRAWAL,44925.75,ONLINE,Hong Kong,0
TXN_0004810,ACC_000655,ACC_000058,2026-04-18 05:18:40.755011,WITHDRAWAL,4898.47,ATM,USA,0
TXN_0004811,ACC_000506,ACC_000009,2026-05-22 22:32:04.755011,WITHDRAWAL,20086.15,BRANCH,Hong Kong,0
TXN_0004812,ACC_000424,ACC_000855,2026-08-04 00:35:24.755011,WITHDRAWAL,814.95,BRANCH,Hong Kong,0
TXN_0004813,ACC_000913,ACC_000171,2026-06-30 14:40:40.755011,WITHDRAWAL,17878.27,ATM,USA,0
TXN_0004814,ACC_000735,ACC_000550,2026-04-08 10:52:52.755011,TRANSFER,3087.95,ONLINE,UAE,0
TXN_0004815,ACC_000383,ACC_000215,2026-04-24 03:03:44.755011,TRANSFER,11717.22,BRANCH,UAE,0
TXN_0004816,ACC_000549,ACC_000745,2026-05-29 09:29:38.755011,WITHDRAWAL,6019.12,BRANCH,Singapore,0
TXN_0004817,ACC_000508,ACC_000515,2026-07-09 13:41:38.755011,TRANSFER,39517.42,BRANCH,UK,0
TXN_0004818,ACC_000225,ACC_000492,2026-06-22 14:01:59.755011,WITHDRAWAL,2837.5,MOBILE,UAE,0
TXN_0004819,ACC_000487,ACC_000343,2026-06-27 02:02:51.755011,PAYMENT,17207.96,ONLINE,USA,0
TXN_0004820,ACC_000084,ACC_000961,2026-04-15 10:15:50.755011,DEPOSIT,5794.07,MOBILE,UK,0
TXN_0004821,ACC_000338,ACC_000615,2026-07-23 03:49:39.755011,PAYMENT,6701.14,BRANCH,UK,0
TXN_0004822,ACC_000989,ACC_000284,2026-06-04 06:30:58.755011,TRANSFER,6498.82,ONLINE,Hong Kong,0
TXN_0004823,ACC_000396,ACC_000701,2026-06-17 17:03:19.755011,PAYMENT,2937.14,BRANCH,Singapore,0
TXN_0004824,ACC_000860,ACC_000767,2026-03-30 19:43:56.755011,TRANSFER,7967.14,BRANCH,Singapore,0
TXN_0004825,ACC_000275,ACC_000628,2026-04-19 23:05:59.755011,DEPOSIT,7516.25,MOBILE,UK,0
TXN_0004826,ACC_000798,ACC_000657,2026-05-16 00:22:50.755011,DEPOSIT,10823.64,MOBILE,India,0
TXN_0004827,ACC_000543,ACC_000614,2026-06-01 00:26:08.755011,DEPOSIT,8967.89,ATM,Hong Kong,0
TXN_0004828,ACC_000052,ACC_000580,2026-08-11 13:02:39.755011,PAYMENT,21111.93,MOBILE,Hong Kong,0
TXN_0004829,ACC_000063,ACC_000856,2026-04-12 03:07:42.755011,TRANSFER,24543.7,BRANCH,USA,0
TXN_0004830,ACC_000777,ACC_000755,2026-03-24 03:14:08.755011,WITHDRAWAL,2296.75,BRANCH,Hong Kong,0
TXN_0004831,ACC_000945,ACC_000288,2026-04-09 23:14:33.755011,PAYMENT,22983.39,ATM,UAE,0
TXN_0004832,ACC_000811,ACC_000763,2026-06-20 14:25:58.755011,PAYMENT,1951.58,MOBILE,Hong Kong,0
TXN_0004833,ACC_000391,ACC_000421,2026-06-08 14:10:40.755011,TRANSFER,16406.4,MOBILE,Singapore,0
TXN_0004834,ACC_000978,ACC_000085,2026-03-17 00:54:55.755011,TRANSFER,17046.27,MOBILE,India,0
TXN_0004835,ACC_000932,ACC_000308,2026-04-14 15:00:43.755011,TRANSFER,817.64,ONLINE,UK,0
TXN_0004836,ACC_000766,ACC_000248,2026-05-31 15:16:22.755011,WITHDRAWAL,9059.55,BRANCH,Singapore,0
TXN_0004837,ACC_000355,ACC_000335,2026-06-09 19:52:42.755011,WITHDRAWAL,30319.35,MOBILE,Singapore,1
TXN_0004838,ACC_000251,ACC_000600,2026-05-13 11:08:35.755011,PAYMENT,3260.0,BRANCH,India,0
TXN_0004839,ACC_000497,ACC_000877,2026-05-31 09:36:35.755011,WITHDRAWAL,40987.52,BRANCH,Hong Kong,0
TXN_0004840,ACC_000140,ACC_000050,2026-06-11 17:33:36.755011,WITHDRAWAL,3698.14,ATM,Singapore,0
TXN_0004841,ACC_000813,ACC_000307,2026-08-20 00:20:16.755011,TRANSFER,3078.96,ONLINE,UAE,0
TXN_0004842,ACC_000544,ACC_000841,2026-07-23 10:42:57.755011,WITHDRAWAL,8873.58,BRANCH,Singapore,0
TXN_0004843,ACC_000700,ACC_000158,2026-09-03 04:10:23.755011,WITHDRAWAL,18447.93,ONLINE,USA,0
TXN_0004844,ACC_000366,ACC_000994,2026-08-25 05:45:39.755011,WITHDRAWAL,124550.47,ATM,UAE,1
TXN_0004845,ACC_000690,ACC_000510,2026-03-11 06:28:56.755011,DEPOSIT,32847.95,MOBILE,UK,0
TXN_0004846,ACC_000937,ACC_000163,2026-03-24 19:27:02.755011,DEPOSIT,15323.93,ATM,Singapore,0
TXN_0004847,ACC_000380,ACC_000408,2026-07-03 09:30:05.755011,DEPOSIT,593.56,MOBILE,UK,0
TXN_0004848,ACC_000457,ACC_000575,2026-03-07 22:52:19.755011,TRANSFER,4292.56,BRANCH,UK,0
TXN_0004849,ACC_000916,ACC_000577,2026-08-06 04:06:18.755011,TRANSFER,4129.0,ONLINE,Singapore,0
TXN_0004850,ACC_000071,ACC_000157,2026-05-18 08:55:59.755011,WITHDRAWAL,14403.6,MOBILE,India,0
TXN_0004851,ACC_000800,ACC_000170,2026-07-02 18:00:27.755011,WITHDRAWAL,347.31,ATM,Hong Kong,0
TXN_0004852,ACC_000283,ACC_000635,2026-09-01 15:39:52.755011,PAYMENT,172613.74,ATM,UAE,0
TXN_0004853,ACC_000679,ACC_000585,2026-05-11 18:34:09.755011,DEPOSIT,15324.86,MOBILE,Singapore,0
TXN_0004854,ACC_000389,ACC_000799,2026-05-14 12:33:49.755011,WITHDRAWAL,9688.09,ONLINE,Singapore,0
TXN_0004855,ACC_000311,ACC_000743,2026-05-09 19:01:54.755011,WITHDRAWAL,33452.48,ATM,Hong Kong,0
TXN_0004856,ACC_000785,ACC_000443,2026-04-19 16:44:24.755011,DEPOSIT,134912.93,BRANCH,India,0
TXN_0004857,ACC_000820,ACC_000578,2026-05-26 04:17:15.755011,PAYMENT,23037.9,ATM,Hong Kong,0
TXN_0004858,ACC_000273,ACC_000787,2026-06-28 12:37:57.755011,TRANSFER,25300.41,BRANCH,Singapore,0
TXN_0004859,ACC_000247,ACC_000306,2026-07-20 05:03:25.755011,TRANSFER,9478.94,MOBILE,USA,0
TXN_0004860,ACC_000478,ACC_000128,2026-06-05 12:37:00.755011,TRANSFER,6837.44,ONLINE,India,0
TXN_0004861,ACC_000659,ACC_000259,2026-05-11 03:06:19.755011,DEPOSIT,4578.13,BRANCH,USA,0
TXN_0004862,ACC_000985,ACC_000270,2026-07-04 19:09:23.755011,PAYMENT,3006.9,ONLINE,Hong Kong,0
TXN_0004863,ACC_000496,ACC_000137,2026-06-19 15:38:28.755011,PAYMENT,3553.13,MOBILE,UK,0
TXN_0004864,ACC_000345,ACC_000411,2026-06-12 15:30:18.755011,WITHDRAWAL,1602.52,ONLINE,USA,0
TXN_0004865,ACC_000990,ACC_000749,2026-07-11 07:43:35.755011,DEPOSIT,7397.92,MOBILE,India,0
TXN_0004866,ACC_000897,ACC_000665,2026-05-10 07:24:23.755011,WITHDRAWAL,1073.2,BRANCH,USA,0
TXN_0004867,ACC_000156,ACC_000244,2026-05-07 10:46:56.755011,PAYMENT,10189.37,MOBILE,UK,0
TXN_0004868,ACC_000855,ACC_000794,2026-03-10 21:21:39.755011,WITHDRAWAL,7757.41,BRANCH,Hong Kong,0
TXN_0004869,ACC_000500,ACC_000371,2026-08-16 04:31:17.755011,TRANSFER,9665.54,BRANCH,Singapore,0
TXN_0004870,ACC_000920,ACC_000932,2026-08-07 08:42:40.755011,WITHDRAWAL,4330.52,ONLINE,USA,0
TXN_0004871,ACC_000219,ACC_000760,2026-04-22 17:49:09.755011,WITHDRAWAL,325211.96,BRANCH,India,0
TXN_0004872,ACC_000105,ACC_000258,2026-06-05 18:12:52.755011,DEPOSIT,41445.69,BRANCH,Hong Kong,0
TXN_0004873,ACC_000748,ACC_000505,2026-04-25 21:04:48.755011,DEPOSIT,1819.92,ATM,UK,0
TXN_0004874,ACC_000731,ACC_000328,2026-05-14 06:56:44.755011,WITHDRAWAL,10715.45,ONLINE,UAE,0
TXN_0004875,ACC_000962,ACC_000291,2026-06-12 10:03:46.755011,WITHDRAWAL,3906.48,BRANCH,India,0
TXN_0004876,ACC_000196,ACC_000624,2026-03-12 09:27:24.755011,DEPOSIT,2398.56,ONLINE,India,0
TXN_0004877,ACC_000631,ACC_000695,2026-05-14 00:35:06.755011,TRANSFER,1622.81,ONLINE,India,0
TXN_0004878,ACC_000963,ACC_000393,2026-03-14 07:26:35.755011,DEPOSIT,13611.36,MOBILE,UAE,0
TXN_0004879,ACC_000443,ACC_000718,2026-06-20 21:38:13.755011,PAYMENT,3577.23,MOBILE,UK,0
TXN_0004880,ACC_000926,ACC_000721,2026-05-23 17:17:37.755011,PAYMENT,25884.28,ONLINE,Hong Kong,0
TXN_0004881,ACC_000830,ACC_000800,2026-06-27 18:10:10.755011,PAYMENT,26703.2,BRANCH,Singapore,0
TXN_0004882,ACC_000362,ACC_000203,2026-04-25 00:06:52.755011,DEPOSIT,42137.66,BRANCH,USA,0
TXN_0004883,ACC_000815,ACC_000365,2026-07-16 07:15:33.755011,DEPOSIT,2913.57,ONLINE,Singapore,0
TXN_0004884,ACC_000137,ACC_000547,2026-04-01 08:01:17.755011,PAYMENT,14334.7,MOBILE,India,0
TXN_0004885,ACC_000840,ACC_000110,2026-04-21 05:13:30.755011,PAYMENT,294461.62,ONLINE,India,1
TXN_0004886,ACC_000619,ACC_000480,2026-03-16 14:43:34.755011,WITHDRAWAL,4587.02,ATM,Singapore,0
TXN_0004887,ACC_000233,ACC_000443,2026-07-04 18:48:24.755011,DEPOSIT,3209.51,ATM,UK,0
TXN_0004888,ACC_000745,ACC_000582,2026-08-04 08:21:52.755011,DEPOSIT,55905.88,BRANCH,India,0
TXN_0004889,ACC_000023,ACC_000201,2026-04-28 12:12:11.755011,TRANSFER,136301.91,ONLINE,Singapore,1
TXN_0004890,ACC_000824,ACC_000373,2026-04-20 19:10:28.755011,DEPOSIT,17381.49,MOBILE,UAE,0
TXN_0004891,ACC_000845,ACC_000026,2026-05-22 03:50:26.755011,PAYMENT,3021.5,MOBILE,USA,0
TXN_0004892,ACC_000426,ACC_000243,2026-07-15 10:40:06.755011,DEPOSIT,1875.93,MOBILE,Hong Kong,0
TXN_0004893,ACC_000145,ACC_000908,2026-03-20 17:26:15.755011,DEPOSIT,4091.47,BRANCH,UAE,0
TXN_0004894,ACC_000130,ACC_000689,2026-08-11 19:07:15.755011,PAYMENT,6982.58,ATM,USA,0
TXN_0004895,ACC_000674,ACC_000171,2026-07-07 03:22:01.755011,WITHDRAWAL,2259.58,ATM,Singapore,0
TXN_0004896,ACC_000600,ACC_000501,2026-03-28 11:21:57.755011,PAYMENT,8007.92,MOBILE,UAE,0
TXN_0004897,ACC_000777,ACC_000777,2026-05-23 00:43:50.755011,WITHDRAWAL,1068.27,BRANCH,UK,0
TXN_0004898,ACC_000387,ACC_000937,2026-04-29 10:39:28.755011,WITHDRAWAL,2113.17,ATM,USA,0
TXN_0004899,ACC_000325,ACC_000287,2026-08-13 11:46:43.755011,WITHDRAWAL,18125.83,ONLINE,India,0
TXN_0004900,ACC_000792,ACC_000705,2026-08-09 06:44:42.755011,WITHDRAWAL,16723.14,ONLINE,USA,0
TXN_0004901,ACC_000193,ACC_000524,2026-06-02 20:55:19.755011,TRANSFER,5063.17,MOBILE,USA,0
TXN_0004902,ACC_000846,ACC_000664,2026-06-22 18:28:24.755011,TRANSFER,2389.13,ATM,Singapore,0
TXN_0004903,ACC_000440,ACC_000526,2026-07-25 17:08:49.755011,WITHDRAWAL,2361.65,ONLINE,UAE,0
TXN_0004904,ACC_000883,ACC_000509,2026-04-30 17:27:44.755011,TRANSFER,5177.5,MOBILE,Singapore,0
TXN_0004905,ACC_000029,ACC_000969,2026-04-08 15:50:04.755011,TRANSFER,17560.76,MOBILE,Hong Kong,0
TXN_0004906,ACC_000249,ACC_000332,2026-04-14 23:21:34.755011,WITHDRAWAL,24683.61,ONLINE,India,0
TXN_0004907,ACC_000174,ACC_000555,2026-06-01 11:13:47.755011,PAYMENT,4465.61,BRANCH,India,0
TXN_0004908,ACC_000494,ACC_000900,2026-06-14 03:16:52.755011,DEPOSIT,2030.04,MOBILE,Singapore,0
TXN_0004909,ACC_000750,ACC_000587,2026-03-16 10:26:45.755011,TRANSFER,11174.75,BRANCH,Hong Kong,0
TXN_0004910,ACC_000112,ACC_000995,2026-05-31 00:37:31.755011,PAYMENT,3016.22,BRANCH,Singapore,0
TXN_0004911,ACC_000383,ACC_000003,2026-07-02 16:32:19.755011,DEPOSIT,4350.72,BRANCH,Hong Kong,0
TXN_0004912,ACC_000068,ACC_000652,2026-08-17 06:01:43.755011,DEPOSIT,39748.66,ATM,India,0
TXN_0004913,ACC_000289,ACC_000559,2026-03-15 13:52:43.755011,DEPOSIT,21862.73,ONLINE,Hong Kong,0
TXN_0004914,ACC_000400,ACC_000834,2026-06-12 17:56:22.755011,PAYMENT,9794.43,ONLINE,USA,0
TXN_0004915,ACC_000166,ACC_000397,2026-07-15 19:30:46.755011,WITHDRAWAL,1761.11,MOBILE,Singapore,0
TXN_0004916,ACC_000479,ACC_000306,2026-05-29 20:14:23.755011,TRANSFER,10442.88,ONLINE,Singapore,0
TXN_0004917,ACC_000928,ACC_000702,2026-07-24 20:51:38.755011,PAYMENT,29003.99,ONLINE,Singapore,0
TXN_0004918,ACC_000816,ACC_000817,2026-04-25 00:58:52.755011,TRANSFER,5162.83,BRANCH,Hong Kong,0
TXN_0004919,ACC_000134,ACC_000345,2026-05-04 09:35:13.755011,TRANSFER,41000.39,BRANCH,Hong Kong,0
TXN_0004920,ACC_000071,ACC_000756,2026-06-22 17:02:59.755011,WITHDRAWAL,38226.89,ONLINE,USA,0
TXN_0004921,ACC_000146,ACC_000594,2026-06-21 06:10:48.755011,DEPOSIT,59663.72,BRANCH,India,0
TXN_0004922,ACC_000121,ACC_000984,2026-04-10 11:21:27.755011,WITHDRAWAL,11687.69,ATM,India,0
TXN_0004923,ACC_000923,ACC_000408,2026-07-09 06:35:58.755011,PAYMENT,16397.27,MOBILE,USA,0
TXN_0004924,ACC_000144,ACC_000179,2026-03-08 03:09:27.755011,TRANSFER,44224.08,BRANCH,UAE,0
TXN_0004925,ACC_000026,ACC_000564,2026-08-01 09:42:55.755011,DEPOSIT,13861.53,MOBILE,UK,0
TXN_0004926,ACC_000886,ACC_000864,2026-04-03 22:49:51.755011,PAYMENT,4440.49,ATM,UK,0
TXN_0004927,ACC_000516,ACC_000848,2026-08-01 06:19:56.755011,WITHDRAWAL,4730.32,ATM,Hong Kong,0
TXN_0004928,ACC_000085,ACC_000005,2026-07-09 12:00:54.755011,DEPOSIT,10788.82,MOBILE,Singapore,0
TXN_0004929,ACC_000335,ACC_000872,2026-08-10 11:22:51.755011,TRANSFER,1722.15,BRANCH,UK,0
TXN_0004930,ACC_000387,ACC_000588,2026-04-25 17:31:06.755011,PAYMENT,6823.24,MOBILE,India,0
TXN_0004931,ACC_000753,ACC_000084,2026-04-08 02:22:29.755011,WITHDRAWAL,30207.83,ONLINE,India,0
TXN_0004932,ACC_000251,ACC_000194,2026-06-20 22:01:39.755011,TRANSFER,584.35,MOBILE,UK,0
TXN_0004933,ACC_000597,ACC_000724,2026-07-08 17:24:33.755011,DEPOSIT,51091.76,ONLINE,USA,0
TXN_0004934,ACC_000884,ACC_000618,2026-08-01 17:20:17.755011,DEPOSIT,31158.71,ONLINE,Singapore,0
TXN_0004935,ACC_000878,ACC_000498,2026-03-23 06:39:27.755011,TRANSFER,4667.05,ATM,India,0
TXN_0004936,ACC_000463,ACC_000930,2026-06-12 14:44:18.755011,TRANSFER,15553.94,MOBILE,India,0
TXN_0004937,ACC_000956,ACC_000716,2026-08-31 04:21:15.755011,DEPOSIT,8133.75,ONLINE,UK,0
TXN_0004938,ACC_000260,ACC_000554,2026-05-22 14:41:31.755011,PAYMENT,35453.9,MOBILE,USA,0
TXN_0004939,ACC_000573,ACC_000266,2026-05-21 06:11:01.755011,TRANSFER,26349.9,BRANCH,Singapore,0
TXN_0004940,ACC_000684,ACC_000447,2026-08-22 13:24:14.755011,TRANSFER,1510.08,ONLINE,Singapore,0
TXN_0004941,ACC_000333,ACC_000965,2026-05-06 16:33:40.755011,DEPOSIT,16394.72,ATM,India,0
TXN_0004942,ACC_000779,ACC_000243,2026-06-07 04:43:29.755011,TRANSFER,6331.21,ATM,USA,0
TXN_0004943,ACC_000811,ACC_000431,2026-06-28 02:45:35.755011,DEPOSIT,8949.91,MOBILE,Singapore,0
TXN_0004944,ACC_000890,ACC_000349,2026-04-27 17:32:53.755011,TRANSFER,3381.9,ONLINE,UK,0
TXN_0004945,ACC_000547,ACC_000880,2026-08-28 14:58:21.755011,TRANSFER,66023.4,MOBILE,Hong Kong,0
TXN_0004946,ACC_000743,ACC_000822,2026-05-31 15:59:51.755011,PAYMENT,28228.13,ONLINE,UAE,0
TXN_0004947,ACC_000397,ACC_000021,2026-05-13 08:17:30.755011,WITHDRAWAL,3335.16,MOBILE,USA,0
TXN_0004948,ACC_000609,ACC_000799,2026-06-03 19:36:42.755011,WITHDRAWAL,1633.48,MOBILE,Singapore,0
TXN_0004949,ACC_000108,ACC_000111,2026-03-30 06:03:43.755011,TRANSFER,5101.0,BRANCH,UAE,0
TXN_0004950,ACC_000903,ACC_000461,2026-05-06 00:17:38.755011,WITHDRAWAL,13648.75,MOBILE,Hong Kong,0
TXN_0004951,ACC_000350,ACC_000473,2026-05-27 16:38:24.755011,PAYMENT,10810.22,BRANCH,USA,0
TXN_0004952,ACC_000591,ACC_000216,2026-07-18 02:40:42.755011,WITHDRAWAL,36452.28,MOBILE,UK,0
TXN_0004953,ACC_000026,ACC_000777,2026-07-17 13:31:16.755011,PAYMENT,20908.35,ONLINE,UAE,0
TXN_0004954,ACC_000390,ACC_000542,2026-07-18 12:44:01.755011,WITHDRAWAL,25938.48,BRANCH,India,0
TXN_0004955,ACC_000741,ACC_000605,2026-05-20 01:09:20.755011,PAYMENT,11994.78,BRANCH,India,0
TXN_0004956,ACC_000954,ACC_000420,2026-04-02 03:16:01.755011,DEPOSIT,1529.72,ONLINE,UAE,0
TXN_0004957,ACC_000905,ACC_000452,2026-06-01 10:57:58.755011,DEPOSIT,6407.1,BRANCH,UAE,0
TXN_0004958,ACC_000776,ACC_000670,2026-03-15 09:36:28.755011,PAYMENT,28914.77,BRANCH,USA,0
TXN_0004959,ACC_000480,ACC_000604,2026-06-11 23:17:28.755011,PAYMENT,7617.26,BRANCH,India,0
TXN_0004960,ACC_000057,ACC_000970,2026-03-24 01:04:49.755011,DEPOSIT,14819.64,ATM,UK,0
TXN_0004961,ACC_000612,ACC_000430,2026-06-23 00:26:49.755011,PAYMENT,5527.56,ATM,Hong Kong,0
TXN_0004962,ACC_000553,ACC_000991,2026-05-25 11:13:41.755011,PAYMENT,2354.83,MOBILE,USA,0
TXN_0004963,ACC_000701,ACC_000965,2026-04-13 20:38:15.755011,PAYMENT,6988.26,ONLINE,USA,0
TXN_0004964,ACC_000952,ACC_000236,2026-06-29 21:49:58.755011,WITHDRAWAL,11741.17,MOBILE,Singapore,0
TXN_0004965,ACC_000834,ACC_000726,2026-05-24 08:31:10.755011,TRANSFER,3689.24,BRANCH,UAE,0
TXN_0004966,ACC_000697,ACC_000940,2026-04-26 16:12:32.755011,TRANSFER,95361.29,BRANCH,UAE,1
TXN_0004967,ACC_000196,ACC_000350,2026-04-01 19:20:06.755011,DEPOSIT,2624.5,BRANCH,UK,0
TXN_0004968,ACC_000313,ACC_000093,2026-07-01 17:38:08.755011,PAYMENT,31041.92,MOBILE,USA,0
TXN_0004969,ACC_000050,ACC_000034,2026-08-16 12:48:59.755011,DEPOSIT,5691.07,MOBILE,UK,0
TXN_0004970,ACC_000570,ACC_000345,2026-08-15 05:58:56.755011,WITHDRAWAL,46318.96,BRANCH,UK,0
TXN_0004971,ACC_000985,ACC_000593,2026-03-30 01:46:43.755011,TRANSFER,50741.4,MOBILE,USA,0
TXN_0004972,ACC_000927,ACC_000147,2026-05-06 20:32:31.755011,TRANSFER,7352.13,MOBILE,USA,0
TXN_0004973,ACC_000310,ACC_000994,2026-05-26 02:44:57.755011,PAYMENT,39626.88,MOBILE,UK,1
TXN_0004974,ACC_000571,ACC_000881,2026-06-08 14:31:20.755011,DEPOSIT,663.1,BRANCH,UAE,0
TXN_0004975,ACC_000185,ACC_000044,2026-07-17 06:13:45.755011,PAYMENT,1385.14,ATM,USA,0
TXN_0004976,ACC_000077,ACC_000940,2026-08-26 20:08:17.755011,DEPOSIT,1558.37,ONLINE,India,0
TXN_0004977,ACC_000926,ACC_000334,2026-07-24 16:56:08.755011,DEPOSIT,42368.63,BRANCH,USA,0
TXN_0004978,ACC_000135,ACC_000553,2026-08-05 02:03:01.755011,DEPOSIT,127103.16,BRANCH,USA,1
TXN_0004979,ACC_000509,ACC_000208,2026-06-16 07:38:47.755011,TRANSFER,12932.84,MOBILE,USA,0
TXN_0004980,ACC_000371,ACC_000817,2026-06-25 15:17:35.755011,DEPOSIT,564.25,ATM,UAE,0
TXN_0004981,ACC_000938,ACC_000683,2026-06-07 11:34:37.755011,DEPOSIT,1924.54,MOBILE,UK,0
TXN_0004982,ACC_000241,ACC_000200,2026-03-09 01:58:07.755011,PAYMENT,23493.89,ONLINE,Singapore,0
TXN_0004983,ACC_000081,ACC_000719,2026-05-09 09:53:13.755011,TRANSFER,11431.51,ATM,UAE,0
TXN_0004984,ACC_000702,ACC_000082,2026-05-12 04:30:06.755011,PAYMENT,6791.0,ONLINE,USA,0
TXN_0004985,ACC_000721,ACC_000672,2026-07-27 08:02:23.755011,TRANSFER,15959.52,ONLINE,Hong Kong,0
TXN_0004986,ACC_000305,ACC_000376,2026-05-16 12:47:09.755011,WITHDRAWAL,57696.82,ONLINE,Singapore,0
TXN_0004987,ACC_000635,ACC_000141,2026-06-12 05:17:17.755011,TRANSFER,6215.17,ONLINE,UK,0
TXN_0004988,ACC_000896,ACC_000478,2026-04-02 00:25:48.755011,WITHDRAWAL,8806.49,ONLINE,India,0
TXN_0004989,ACC_000698,ACC_000697,2026-05-25 06:02:30.755011,DEPOSIT,10209.93,MOBILE,UK,0
TXN_0004990,ACC_000236,ACC_000889,2026-03-17 07:50:27.755011,DEPOSIT,142990.23,ONLINE,Singapore,0
TXN_0004991,ACC_000350,ACC_000300,2026-08-03 09:34:52.755011,PAYMENT,652.47,ATM,India,0
TXN_0004992,ACC_000520,ACC_000976,2026-05-18 18:53:45.755011,DEPOSIT,18395.62,ATM,USA,0
TXN_0004993,ACC_000408,ACC_000548,2026-04-18 10:30:18.755011,TRANSFER,7060.26,BRANCH,India,0
TXN_0004994,ACC_000266,ACC_000344,2026-08-22 07:37:17.755011,DEPOSIT,15996.51,ATM,USA,0
TXN_0004995,ACC_000078,ACC_000275,2026-06-09 17:20:38.755011,WITHDRAWAL,3681.78,ONLINE,UAE,0
TXN_0004996,ACC_000098,ACC_000374,2026-03-08 19:33:44.755011,TRANSFER,7640.68,ONLINE,UAE,0
TXN_0004997,ACC_000868,ACC_000999,2026-07-03 18:39:23.755011,DEPOSIT,19028.49,ATM,India,0
TXN_0004998,ACC_000076,ACC_000586,2026-05-14 12:03:47.755011,PAYMENT,339589.31,ONLINE,India,0
TXN_0004999,ACC_000563,ACC_000742,2026-04-06 12:13:14.755011,WITHDRAWAL,21367.86,ATM,USA,0
TXN_0005000,ACC_000993,ACC_000579,2026-04-05 11:19:17.755011,DEPOSIT,2928.72,ONLINE,UK,0
TXN_0005001,ACC_000203,ACC_000773,2026-08-19 17:01:26.755011,DEPOSIT,4873.11,MOBILE,UAE,0
TXN_0005002,ACC_000106,ACC_000352,2026-08-31 01:37:42.755011,WITHDRAWAL,4702.75,MOBILE,India,0
TXN_0005003,ACC_000217,ACC_000822,2026-08-18 00:34:40.755011,DEPOSIT,939.39,ONLINE,UK,0
TXN_0005004,ACC_000926,ACC_000807,2026-03-11 05:29:24.755011,DEPOSIT,5452.84,MOBILE,Singapore,0
TXN_0005005,ACC_000114,ACC_000811,2026-08-21 07:18:27.755011,WITHDRAWAL,19523.91,ATM,UK,0
TXN_0005006,ACC_000847,ACC_000244,2026-06-06 06:56:14.755011,DEPOSIT,1756.22,ATM,Singapore,0
TXN_0005007,ACC_000082,ACC_000530,2026-07-02 05:18:26.755011,PAYMENT,28514.82,ONLINE,USA,0
TXN_0005008,ACC_000976,ACC_000992,2026-06-27 03:16:28.755011,DEPOSIT,14549.76,BRANCH,USA,0
TXN_0005009,ACC_000445,ACC_000726,2026-07-10 20:34:15.755011,DEPOSIT,3357.39,BRANCH,USA,0
TXN_0005010,ACC_000305,ACC_000196,2026-04-26 12:54:50.755011,WITHDRAWAL,6837.41,ATM,Hong Kong,0
TXN_0005011,ACC_000312,ACC_000638,2026-08-21 10:38:48.755011,DEPOSIT,55159.6,BRANCH,USA,0
TXN_0005012,ACC_000386,ACC_000371,2026-08-22 19:38:59.755011,DEPOSIT,19540.75,ONLINE,UK,0
TXN_0005013,ACC_000729,ACC_000872,2026-07-31 14:51:02.755011,WITHDRAWAL,8188.95,ATM,UAE,0
TXN_0005014,ACC_000045,ACC_000855,2026-07-11 05:04:40.755011,PAYMENT,6092.29,ONLINE,USA,0
TXN_0005015,ACC_000663,ACC_000020,2026-06-19 03:26:14.755011,WITHDRAWAL,8883.32,ATM,UK,0
TXN_0005016,ACC_000429,ACC_000985,2026-08-22 06:17:42.755011,TRANSFER,4384.73,ONLINE,Hong Kong,0
TXN_0005017,ACC_000010,ACC_000616,2026-05-02 04:59:03.755011,TRANSFER,648.27,BRANCH,Hong Kong,0
TXN_0005018,ACC_000490,ACC_000426,2026-04-20 17:54:11.755011,PAYMENT,93958.97,MOBILE,USA,0
TXN_0005019,ACC_000798,ACC_000993,2026-07-20 07:48:11.755011,PAYMENT,9763.34,ATM,UK,0
TXN_0005020,ACC_000945,ACC_000034,2026-04-06 07:48:15.755011,PAYMENT,13066.1,BRANCH,UAE,0
TXN_0005021,ACC_000779,ACC_000087,2026-07-01 02:00:36.755011,WITHDRAWAL,7559.12,ONLINE,India,0
TXN_0005022,ACC_000478,ACC_000248,2026-04-05 06:15:35.755011,TRANSFER,3353.84,ONLINE,Singapore,0
TXN_0005023,ACC_000406,ACC_000319,2026-04-11 20:34:28.755011,TRANSFER,6482.69,MOBILE,Singapore,0
TXN_0005024,ACC_000993,ACC_000807,2026-05-10 04:53:21.755011,TRANSFER,13453.47,ONLINE,Hong Kong,1
TXN_0005025,ACC_000129,ACC_000941,2026-04-28 02:15:13.755011,PAYMENT,124555.14,ATM,UK,0
TXN_0005026,ACC_000280,ACC_000460,2026-07-28 13:34:58.755011,WITHDRAWAL,1841.96,ATM,USA,0
TXN_0005027,ACC_000249,ACC_000855,2026-07-09 05:27:30.755011,WITHDRAWAL,2348.75,BRANCH,Hong Kong,0
TXN_0005028,ACC_000493,ACC_000807,2026-07-20 03:13:15.755011,DEPOSIT,4777.58,ONLINE,UK,0
TXN_0005029,ACC_000021,ACC_000809,2026-07-01 00:35:31.755011,PAYMENT,38013.28,ATM,Singapore,0
TXN_0005030,ACC_000760,ACC_000309,2026-04-08 05:10:39.755011,DEPOSIT,8245.4,ATM,Singapore,0
TXN_0005031,ACC_000737,ACC_000208,2026-03-15 18:07:00.755011,PAYMENT,1838.37,ONLINE,UAE,0
TXN_0005032,ACC_000057,ACC_000443,2026-07-08 23:47:21.755011,WITHDRAWAL,36505.06,BRANCH,Singapore,0
TXN_0005033,ACC_000661,ACC_000320,2026-08-17 17:05:22.755011,WITHDRAWAL,19481.11,ATM,Singapore,0
TXN_0005034,ACC_000863,ACC_000756,2026-04-24 21:28:17.755011,WITHDRAWAL,15461.71,MOBILE,UK,0
TXN_0005035,ACC_000732,ACC_000944,2026-03-17 15:44:53.755011,WITHDRAWAL,19127.48,ATM,Hong Kong,0
TXN_0005036,ACC_000635,ACC_000505,2026-05-24 05:48:05.755011,PAYMENT,143377.21,ONLINE,Hong Kong,0
TXN_0005037,ACC_000831,ACC_000884,2026-05-17 01:59:09.755011,WITHDRAWAL,111537.25,ATM,UAE,0
TXN_0005038,ACC_000701,ACC_000589,2026-04-21 08:33:05.755011,DEPOSIT,3554.4,ONLINE,UK,0
TXN_0005039,ACC_000758,ACC_000797,2026-04-17 15:08:17.755011,PAYMENT,56877.89,MOBILE,USA,0
TXN_0005040,ACC_000711,ACC_000228,2026-06-23 19:15:43.755011,WITHDRAWAL,12833.34,BRANCH,USA,0
TXN_0005041,ACC_000846,ACC_000524,2026-08-09 10:42:38.755011,TRANSFER,14748.77,ATM,USA,0
TXN_0005042,ACC_000239,ACC_000284,2026-06-08 22:35:15.755011,WITHDRAWAL,1063.45,ATM,Hong Kong,0
TXN_0005043,ACC_000214,ACC_000052,2026-07-17 08:27:34.755011,PAYMENT,6604.7,ATM,Singapore,0
TXN_0005044,ACC_000184,ACC_000157,2026-08-18 13:42:05.755011,WITHDRAWAL,3055.23,BRANCH,UK,0
TXN_0005045,ACC_000552,ACC_000384,2026-06-26 03:44:59.755011,PAYMENT,21887.49,BRANCH,USA,0
TXN_0005046,ACC_000356,ACC_000046,2026-04-21 03:40:33.755011,WITHDRAWAL,29298.65,ONLINE,Singapore,0
TXN_0005047,ACC_000842,ACC_000136,2026-04-24 17:21:49.755011,WITHDRAWAL,672.24,ONLINE,India,0
TXN_0005048,ACC_000375,ACC_000970,2026-03-24 21:28:16.755011,WITHDRAWAL,7891.63,MOBILE,UAE,0
TXN_0005049,ACC_000824,ACC_000602,2026-03-17 23:23:53.755011,WITHDRAWAL,31139.54,ONLINE,UK,0
TXN_0005050,ACC_000664,ACC_000838,2026-08-28 07:46:36.755011,WITHDRAWAL,6476.82,MOBILE,Singapore,0
TXN_0005051,ACC_000608,ACC_000636,2026-03-22 17:50:35.755011,PAYMENT,19435.88,MOBILE,UK,0
TXN_0005052,ACC_000329,ACC_000239,2026-04-02 00:22:24.755011,TRANSFER,12349.84,BRANCH,UAE,0
TXN_0005053,ACC_000865,ACC_000256,2026-03-25 03:48:11.755011,WITHDRAWAL,12209.78,ONLINE,UK,0
TXN_0005054,ACC_000747,ACC_000706,2026-04-19 19:20:38.755011,WITHDRAWAL,5851.32,MOBILE,India,0
TXN_0005055,ACC_000482,ACC_000113,2026-08-24 06:29:35.755011,WITHDRAWAL,1882.02,BRANCH,UK,0
TXN_0005056,ACC_000916,ACC_000955,2026-03-31 00:16:53.755011,DEPOSIT,2109.41,BRANCH,USA,0
TXN_0005057,ACC_000647,ACC_000666,2026-06-15 10:50:42.755011,PAYMENT,18981.56,MOBILE,Singapore,0
TXN_0005058,ACC_000803,ACC_000441,2026-08-17 13:17:21.755011,TRANSFER,8294.52,BRANCH,USA,0
TXN_0005059,ACC_000688,ACC_000686,2026-03-21 21:58:38.755011,WITHDRAWAL,6862.21,BRANCH,USA,0
TXN_0005060,ACC_000895,ACC_000798,2026-03-09 06:14:17.755011,TRANSFER,4872.35,BRANCH,Singapore,0
TXN_0005061,ACC_000043,ACC_000297,2026-05-07 04:11:50.755011,PAYMENT,5618.24,ONLINE,UK,0
TXN_0005062,ACC_000395,ACC_000513,2026-07-13 12:43:37.755011,WITHDRAWAL,28461.12,BRANCH,UAE,0
TXN_0005063,ACC_000080,ACC_000314,2026-08-24 19:26:27.755011,PAYMENT,5419.22,ATM,Hong Kong,0
TXN_0005064,ACC_000518,ACC_000044,2026-03-12 02:50:27.755011,TRANSFER,30300.02,ONLINE,India,1
TXN_0005065,ACC_000784,ACC_000773,2026-05-01 17:05:46.755011,DEPOSIT,19779.12,ONLINE,India,0
TXN_0005066,ACC_000153,ACC_000498,2026-07-01 22:48:32.755011,TRANSFER,6336.92,ATM,India,0
TXN_0005067,ACC_000401,ACC_000673,2026-08-28 09:58:05.755011,TRANSFER,8414.19,BRANCH,USA,0
TXN_0005068,ACC_000418,ACC_000991,2026-03-29 13:49:09.755011,DEPOSIT,55775.72,MOBILE,India,0
TXN_0005069,ACC_000362,ACC_000955,2026-07-18 11:39:49.755011,DEPOSIT,7905.61,ONLINE,UK,0
TXN_0005070,ACC_000606,ACC_000391,2026-07-13 18:49:19.755011,WITHDRAWAL,11464.61,BRANCH,UAE,0
TXN_0005071,ACC_000390,ACC_000491,2026-04-07 14:12:03.755011,PAYMENT,1969.02,ONLINE,India,0
TXN_0005072,ACC_000732,ACC_000500,2026-04-06 18:29:20.755011,PAYMENT,6225.42,ONLINE,Hong Kong,0
TXN_0005073,ACC_000115,ACC_000690,2026-06-23 00:48:22.755011,WITHDRAWAL,16838.64,BRANCH,USA,0
TXN_0005074,ACC_000216,ACC_000361,2026-06-04 09:59:58.755011,DEPOSIT,1253.32,MOBILE,India,0
TXN_0005075,ACC_000745,ACC_000742,2026-04-19 19:38:03.755011,TRANSFER,10311.49,ATM,India,0
TXN_0005076,ACC_000455,ACC_000976,2026-07-02 16:21:13.755011,WITHDRAWAL,9144.88,ONLINE,Hong Kong,0
TXN_0005077,ACC_000623,ACC_000562,2026-05-01 14:53:14.755011,PAYMENT,8514.66,BRANCH,Singapore,0
TXN_0005078,ACC_000397,ACC_000493,2026-04-26 23:46:10.755011,WITHDRAWAL,28129.97,ONLINE,Singapore,0
TXN_0005079,ACC_000741,ACC_000428,2026-06-15 11:38:32.755011,DEPOSIT,12104.42,MOBILE,India,0
TXN_0005080,ACC_000782,ACC_000504,2026-05-12 00:32:41.755011,TRANSFER,47747.7,ONLINE,Singapore,0
TXN_0005081,ACC_000047,ACC_000360,2026-05-30 04:11:52.755011,WITHDRAWAL,2459.45,BRANCH,USA,0
TXN_0005082,ACC_000092,ACC_000516,2026-04-24 19:15:15.755011,TRANSFER,180203.84,BRANCH,USA,1
TXN_0005083,ACC_000017,ACC_000738,2026-04-04 22:03:47.755011,TRANSFER,8967.48,ATM,UK,0
TXN_0005084,ACC_000439,ACC_000340,2026-05-13 16:02:25.755011,PAYMENT,2245.97,ATM,Singapore,0
TXN_0005085,ACC_000814,ACC_000248,2026-06-09 01:53:31.755011,TRANSFER,25528.58,ATM,India,0
TXN_0005086,ACC_000571,ACC_000493,2026-07-18 23:08:03.755011,TRANSFER,131874.76,ATM,Singapore,0
TXN_0005087,ACC_000561,ACC_000493,2026-05-01 10:45:58.755011,PAYMENT,7939.4,ONLINE,India,0
TXN_0005088,ACC_000059,ACC_000142,2026-07-14 13:13:16.755011,WITHDRAWAL,14854.01,MOBILE,UK,0
TXN_0005089,ACC_000060,ACC_000351,2026-07-13 06:27:10.755011,WITHDRAWAL,8968.04,ONLINE,UAE,0
TXN_0005090,ACC_000578,ACC_000601,2026-07-25 06:10:05.755011,PAYMENT,19091.25,BRANCH,Singapore,1
TXN_0005091,ACC_000533,ACC_000523,2026-04-22 11:08:00.755011,DEPOSIT,911.5,ATM,UK,0
TXN_0005092,ACC_000220,ACC_000014,2026-05-22 12:40:33.755011,PAYMENT,3474.03,MOBILE,USA,0
TXN_0005093,ACC_000688,ACC_000061,2026-08-04 10:57:22.755011,TRANSFER,1524.85,ONLINE,UAE,0
TXN_0005094,ACC_000321,ACC_000162,2026-04-19 20:13:09.755011,WITHDRAWAL,62625.17,ATM,India,0
TXN_0005095,ACC_000285,ACC_000109,2026-07-24 01:57:55.755011,DEPOSIT,7057.66,BRANCH,UK,0
TXN_0005096,ACC_000157,ACC_000525,2026-05-26 17:16:01.755011,DEPOSIT,87310.15,ATM,UK,1
TXN_0005097,ACC_000818,ACC_000387,2026-07-03 01:33:28.755011,PAYMENT,23552.44,ATM,UK,0
TXN_0005098,ACC_000336,ACC_000648,2026-08-05 12:47:03.755011,DEPOSIT,2108.85,ONLINE,India,0
TXN_0005099,ACC_000039,ACC_000133,2026-04-24 23:17:56.755011,PAYMENT,3228.47,MOBILE,India,0
TXN_0005100,ACC_000480,ACC_000463,2026-07-29 20:19:26.755011,TRANSFER,8792.78,ATM,UK,0
TXN_0005101,ACC_000532,ACC_000578,2026-05-18 02:34:56.755011,TRANSFER,27848.18,MOBILE,India,0
TXN_0005102,ACC_000645,ACC_000170,2026-08-19 16:17:48.755011,TRANSFER,14794.67,MOBILE,India,0
TXN_0005103,ACC_000045,ACC_000727,2026-05-30 05:21:32.755011,TRANSFER,10916.06,ATM,USA,0
TXN_0005104,ACC_000540,ACC_000567,2026-06-10 04:23:21.755011,WITHDRAWAL,8899.42,MOBILE,Singapore,0
TXN_0005105,ACC_000598,ACC_000571,2026-03-13 23:53:29.755011,DEPOSIT,13098.89,ATM,Singapore,0
TXN_0005106,ACC_000486,ACC_000401,2026-04-03 18:01:59.755011,WITHDRAWAL,10321.49,MOBILE,UK,0
TXN_0005107,ACC_000149,ACC_000164,2026-03-10 08:07:35.755011,WITHDRAWAL,2354.38,ATM,UK,0
TXN_0005108,ACC_000403,ACC_000196,2026-08-16 20:57:43.755011,TRANSFER,8563.76,ATM,Singapore,0
TXN_0005109,ACC_000308,ACC_000376,2026-03-22 09:03:00.755011,TRANSFER,2234.06,ATM,India,0
TXN_0005110,ACC_000113,ACC_000936,2026-08-23 16:31:06.755011,TRANSFER,8931.14,ATM,Singapore,0
TXN_0005111,ACC_000602,ACC_000832,2026-07-08 01:09:22.755011,TRANSFER,4551.55,MOBILE,India,0
TXN_0005112,ACC_000686,ACC_000588,2026-04-24 17:21:20.755011,DEPOSIT,170630.89,ONLINE,Singapore,0
TXN_0005113,ACC_000466,ACC_000954,2026-04-27 15:59:47.755011,TRANSFER,7724.3,ONLINE,India,0
TXN_0005114,ACC_000819,ACC_000631,2026-08-10 15:06:37.755011,PAYMENT,1502.54,MOBILE,Singapore,0
TXN_0005115,ACC_000910,ACC_000312,2026-07-16 20:00:14.755011,DEPOSIT,96493.86,BRANCH,UAE,1
TXN_0005116,ACC_000217,ACC_000297,2026-08-05 08:28:00.755011,TRANSFER,15111.79,ONLINE,USA,0
TXN_0005117,ACC_000096,ACC_000203,2026-05-01 00:11:53.755011,TRANSFER,60357.27,ONLINE,India,0
TXN_0005118,ACC_000576,ACC_000649,2026-08-20 11:11:36.755011,TRANSFER,3994.43,MOBILE,India,0
TXN_0005119,ACC_000944,ACC_000088,2026-05-12 20:01:25.755011,PAYMENT,1213.28,ATM,UK,0
TXN_0005120,ACC_000895,ACC_000602,2026-06-01 20:38:10.755011,TRANSFER,21594.73,MOBILE,UK,0
TXN_0005121,ACC_000370,ACC_000425,2026-06-13 00:06:38.755011,TRANSFER,1545.78,MOBILE,India,0
TXN_0005122,ACC_000396,ACC_000465,2026-08-29 18:08:31.755011,TRANSFER,4801.16,MOBILE,Hong Kong,0
TXN_0005123,ACC_000540,ACC_000218,2026-06-04 13:07:17.755011,TRANSFER,5948.27,ONLINE,USA,0
TXN_0005124,ACC_000827,ACC_000363,2026-08-11 14:48:59.755011,DEPOSIT,7453.51,MOBILE,UK,0
TXN_0005125,ACC_000157,ACC_000469,2026-08-02 22:14:56.755011,WITHDRAWAL,18527.24,BRANCH,UAE,0
TXN_0005126,ACC_000466,ACC_000744,2026-03-18 01:47:31.755011,WITHDRAWAL,3567.57,ONLINE,USA,0
TXN_0005127,ACC_000272,ACC_000265,2026-06-02 19:00:09.755011,DEPOSIT,5834.39,ONLINE,UAE,0
TXN_0005128,ACC_000624,ACC_000110,2026-04-24 09:52:47.755011,PAYMENT,7965.5,BRANCH,Hong Kong,0
TXN_0005129,ACC_000191,ACC_000836,2026-07-04 20:35:49.755011,DEPOSIT,90506.45,MOBILE,India,1
TXN_0005130,ACC_000018,ACC_000230,2026-05-21 06:45:33.755011,PAYMENT,9112.41,BRANCH,Singapore,0
TXN_0005131,ACC_000720,ACC_000662,2026-03-20 03:43:38.755011,TRANSFER,13673.39,MOBILE,Singapore,0
TXN_0005132,ACC_000248,ACC_000090,2026-05-23 11:16:37.755011,TRANSFER,22305.92,ONLINE,India,0
TXN_0005133,ACC_000341,ACC_000303,2026-07-02 11:13:43.755011,DEPOSIT,143956.68,ONLINE,USA,1
TXN_0005134,ACC_000039,ACC_000398,2026-05-23 09:21:14.755011,WITHDRAWAL,13964.9,ONLINE,India,0
TXN_0005135,ACC_000974,ACC_000534,2026-05-02 21:21:14.755011,DEPOSIT,1213.58,BRANCH,UAE,0
TXN_0005136,ACC_000388,ACC_000794,2026-06-24 11:32:55.755011,WITHDRAWAL,8606.5,MOBILE,UAE,0
TXN_0005137,ACC_000920,ACC_000666,2026-03-09 19:33:42.755011,PAYMENT,14406.13,BRANCH,India,0
TXN_0005138,ACC_000944,ACC_000914,2026-03-17 20:41:13.755011,DEPOSIT,19433.03,BRANCH,India,0
TXN_0005139,ACC_000498,ACC_000973,2026-06-01 18:41:09.755011,PAYMENT,3530.44,BRANCH,UK,0
TXN_0005140,ACC_000610,ACC_000203,2026-05-06 15:31:41.755011,PAYMENT,3674.43,ONLINE,Singapore,0
TXN_0005141,ACC_000954,ACC_000907,2026-03-28 22:44:58.755011,TRANSFER,4068.7,BRANCH,India,0
TXN_0005142,ACC_000434,ACC_000853,2026-08-01 19:46:27.755011,TRANSFER,15424.26,ONLINE,UK,0
TXN_0005143,ACC_000945,ACC_000096,2026-04-09 12:22:49.755011,WITHDRAWAL,28019.54,MOBILE,UK,0
TXN_0005144,ACC_000366,ACC_000343,2026-08-11 18:40:55.755011,DEPOSIT,4969.37,BRANCH,UK,0
TXN_0005145,ACC_000682,ACC_000678,2026-04-21 18:19:07.755011,WITHDRAWAL,24090.06,BRANCH,Hong Kong,0
TXN_0005146,ACC_000963,ACC_000166,2026-05-19 02:10:40.755011,PAYMENT,9397.28,ONLINE,Singapore,0
TXN_0005147,ACC_000839,ACC_000217,2026-03-12 14:39:18.755011,PAYMENT,6980.37,MOBILE,USA,0
TXN_0005148,ACC_000960,ACC_000776,2026-08-24 15:34:15.755011,TRANSFER,6287.63,MOBILE,UAE,0
TXN_0005149,ACC_000598,ACC_000185,2026-06-29 04:29:46.755011,DEPOSIT,19849.49,BRANCH,UK,0
TXN_0005150,ACC_000735,ACC_000115,2026-05-21 09:35:41.755011,DEPOSIT,11976.4,BRANCH,USA,0
TXN_0005151,ACC_000222,ACC_000985,2026-06-03 16:53:21.755011,WITHDRAWAL,124366.8,BRANCH,Hong Kong,0
TXN_0005152,ACC_000519,ACC_000508,2026-04-29 11:34:48.755011,PAYMENT,2914.14,ATM,Hong Kong,0
TXN_0005153,ACC_000358,ACC_000867,2026-08-14 05:04:26.755011,DEPOSIT,15089.01,MOBILE,Hong Kong,0
TXN_0005154,ACC_000158,ACC_000887,2026-07-06 04:34:59.755011,DEPOSIT,4293.93,BRANCH,UAE,0
TXN_0005155,ACC_000268,ACC_000719,2026-03-25 10:07:16.755011,TRANSFER,2855.08,ATM,UK,0
TXN_0005156,ACC_000128,ACC_000917,2026-08-08 01:33:48.755011,DEPOSIT,7998.1,BRANCH,Singapore,0
TXN_0005157,ACC_000007,ACC_000375,2026-05-30 00:59:59.755011,WITHDRAWAL,9555.03,ONLINE,Singapore,0
TXN_0005158,ACC_000328,ACC_000474,2026-08-14 14:44:10.755011,PAYMENT,268822.95,ONLINE,Hong Kong,0
TXN_0005159,ACC_000348,ACC_000026,2026-04-02 22:03:05.755011,DEPOSIT,6496.54,ATM,UK,0
TXN_0005160,ACC_000310,ACC_000411,2026-05-22 19:16:49.755011,PAYMENT,2087.63,BRANCH,India,0
TXN_0005161,ACC_000679,ACC_000644,2026-05-03 22:24:55.755011,WITHDRAWAL,11244.26,MOBILE,Singapore,0
TXN_0005162,ACC_000237,ACC_000614,2026-08-24 03:54:21.755011,PAYMENT,672.12,MOBILE,Hong Kong,0
TXN_0005163,ACC_000861,ACC_000102,2026-07-20 12:52:14.755011,DEPOSIT,7256.49,BRANCH,Hong Kong,0
TXN_0005164,ACC_000371,ACC_000330,2026-04-05 18:24:32.755011,PAYMENT,8260.42,ONLINE,UK,0
TXN_0005165,ACC_000178,ACC_000399,2026-09-02 20:51:19.755011,TRANSFER,21026.11,ONLINE,India,0
TXN_0005166,ACC_000982,ACC_000816,2026-08-06 15:43:57.755011,TRANSFER,26064.95,ONLINE,India,0
TXN_0005167,ACC_000076,ACC_000426,2026-05-28 19:41:32.755011,TRANSFER,4428.06,BRANCH,USA,0
TXN_0005168,ACC_000259,ACC_000992,2026-08-07 10:25:09.755011,TRANSFER,6763.28,ATM,India,0
TXN_0005169,ACC_000049,ACC_000689,2026-03-07 16:43:07.755011,PAYMENT,3231.35,ATM,UAE,0
TXN_0005170,ACC_000995,ACC_000385,2026-07-14 18:55:15.755011,TRANSFER,2092.94,BRANCH,Singapore,0
TXN_0005171,ACC_000955,ACC_000224,2026-07-16 07:28:42.755011,TRANSFER,11753.12,ONLINE,UK,0
TXN_0005172,ACC_000128,ACC_000506,2026-06-18 05:27:39.755011,DEPOSIT,1757.59,ATM,Hong Kong,0
TXN_0005173,ACC_000372,ACC_000993,2026-08-20 16:42:22.755011,WITHDRAWAL,91223.19,BRANCH,India,1
TXN_0005174,ACC_000074,ACC_000791,2026-04-01 00:22:10.755011,PAYMENT,2454.78,ATM,India,0
TXN_0005175,ACC_000084,ACC_000539,2026-07-31 05:23:17.755011,DEPOSIT,15671.83,MOBILE,India,0
TXN_0005176,ACC_000654,ACC_000645,2026-03-19 17:18:06.755011,PAYMENT,70383.64,ONLINE,USA,0
TXN_0005177,ACC_000783,ACC_000120,2026-04-27 07:09:40.755011,DEPOSIT,1699.51,ATM,Singapore,0
TXN_0005178,ACC_000935,ACC_000641,2026-05-07 23:47:10.755011,TRANSFER,876.89,BRANCH,Singapore,0
TXN_0005179,ACC_000857,ACC_000250,2026-03-10 08:46:00.755011,PAYMENT,6975.34,ATM,UAE,0
TXN_0005180,ACC_000586,ACC_000752,2026-07-23 21:59:32.755011,PAYMENT,8257.17,ATM,UK,0
TXN_0005181,ACC_000547,ACC_000153,2026-08-29 03:59:40.755011,DEPOSIT,10534.29,BRANCH,India,0
TXN_0005182,ACC_000617,ACC_000247,2026-08-26 21:46:04.755011,DEPOSIT,4742.95,MOBILE,UAE,0
TXN_0005183,ACC_000329,ACC_000866,2026-06-25 16:37:42.755011,PAYMENT,6369.22,ATM,UK,0
TXN_0005184,ACC_000425,ACC_000780,2026-07-04 20:44:14.755011,WITHDRAWAL,12594.46,MOBILE,UK,0
TXN_0005185,ACC_000779,ACC_000985,2026-04-30 12:37:43.755011,PAYMENT,28240.63,BRANCH,Hong Kong,0
TXN_0005186,ACC_000520,ACC_000116,2026-05-30 22:22:06.755011,TRANSFER,775.84,ONLINE,UK,0
TXN_0005187,ACC_000227,ACC_000048,2026-04-19 16:18:37.755011,DEPOSIT,5204.47,MOBILE,India,0
TXN_0005188,ACC_000026,ACC_000329,2026-06-16 09:14:36.755011,DEPOSIT,10473.15,BRANCH,India,0
TXN_0005189,ACC_000720,ACC_000357,2026-05-08 01:38:59.755011,TRANSFER,2693.05,BRANCH,Hong Kong,0
TXN_0005190,ACC_000494,ACC_000544,2026-08-05 22:08:59.755011,DEPOSIT,64692.69,ONLINE,USA,0
TXN_0005191,ACC_000101,ACC_000705,2026-06-27 12:42:01.755011,PAYMENT,3780.11,ONLINE,Hong Kong,0
TXN_0005192,ACC_000977,ACC_000242,2026-05-22 05:25:56.755011,DEPOSIT,7711.35,ATM,India,0
TXN_0005193,ACC_000742,ACC_000990,2026-08-26 13:39:49.755011,DEPOSIT,15791.49,BRANCH,Hong Kong,0
TXN_0005194,ACC_000195,ACC_000332,2026-04-04 18:21:21.755011,WITHDRAWAL,3985.66,ONLINE,UAE,0
TXN_0005195,ACC_000638,ACC_000328,2026-04-10 11:37:32.755011,WITHDRAWAL,883.7,BRANCH,Singapore,0
TXN_0005196,ACC_000467,ACC_000994,2026-07-25 13:27:03.755011,PAYMENT,4844.57,MOBILE,Singapore,0
TXN_0005197,ACC_000782,ACC_000355,2026-05-07 19:02:47.755011,TRANSFER,27870.63,ATM,UK,0
TXN_0005198,ACC_000699,ACC_000088,2026-04-28 18:44:16.755011,TRANSFER,5408.49,ONLINE,Singapore,0
TXN_0005199,ACC_000987,ACC_000945,2026-05-22 11:40:39.755011,DEPOSIT,2934.46,ONLINE,USA,0
TXN_0005200,ACC_000152,ACC_000985,2026-05-29 02:58:54.755011,WITHDRAWAL,24607.5,BRANCH,Hong Kong,0
TXN_0005201,ACC_000107,ACC_000106,2026-05-30 04:06:39.755011,PAYMENT,5448.36,MOBILE,UAE,0
TXN_0005202,ACC_000165,ACC_000211,2026-08-19 13:08:08.755011,PAYMENT,4393.17,ONLINE,India,0
TXN_0005203,ACC_000408,ACC_000980,2026-05-16 15:46:30.755011,PAYMENT,9694.82,ONLINE,Hong Kong,0
TXN_0005204,ACC_000150,ACC_000592,2026-07-21 06:39:02.755011,PAYMENT,20432.87,MOBILE,Hong Kong,0
TXN_0005205,ACC_000478,ACC_000229,2026-06-14 17:48:45.755011,PAYMENT,141217.46,ONLINE,India,0
TXN_0005206,ACC_000734,ACC_000535,2026-07-18 01:52:43.755011,PAYMENT,21865.89,ONLINE,USA,0
TXN_0005207,ACC_000734,ACC_000438,2026-04-21 00:46:08.755011,WITHDRAWAL,32591.54,MOBILE,UAE,0
TXN_0005208,ACC_000003,ACC_000484,2026-04-12 04:05:27.755011,PAYMENT,4415.34,ONLINE,India,0
TXN_0005209,ACC_000024,ACC_000564,2026-08-18 12:51:44.755011,WITHDRAWAL,2366.01,ATM,UAE,0
TXN_0005210,ACC_000690,ACC_000072,2026-08-15 13:19:44.755011,DEPOSIT,8732.42,ATM,Singapore,0
TXN_0005211,ACC_000781,ACC_000910,2026-05-29 22:29:14.755011,PAYMENT,9215.15,BRANCH,UK,0
TXN_0005212,ACC_000749,ACC_000749,2026-07-06 18:25:53.755011,WITHDRAWAL,2221.16,MOBILE,UK,0
TXN_0005213,ACC_000020,ACC_000019,2026-07-23 05:01:02.755011,WITHDRAWAL,6565.91,ONLINE,India,0
TXN_0005214,ACC_000311,ACC_000706,2026-07-05 13:14:51.755011,WITHDRAWAL,13084.47,ATM,USA,0
TXN_0005215,ACC_000213,ACC_000707,2026-04-10 00:56:58.755011,TRANSFER,12487.36,ONLINE,USA,0
TXN_0005216,ACC_000138,ACC_000133,2026-06-03 04:37:04.755011,PAYMENT,14840.95,MOBILE,India,0
TXN_0005217,ACC_000542,ACC_000237,2026-07-12 11:51:21.755011,TRANSFER,11489.14,ATM,Hong Kong,0
TXN_0005218,ACC_000899,ACC_000839,2026-04-04 02:28:12.755011,WITHDRAWAL,4409.82,ATM,Singapore,0
TXN_0005219,ACC_000589,ACC_000118,2026-04-16 05:06:59.755011,DEPOSIT,4373.5,ATM,UAE,0
TXN_0005220,ACC_000115,ACC_000893,2026-07-03 03:55:51.755011,DEPOSIT,1922.26,BRANCH,USA,0
TXN_0005221,ACC_000922,ACC_000804,2026-08-17 14:51:56.755011,DEPOSIT,68990.91,BRANCH,UAE,0
TXN_0005222,ACC_000313,ACC_000010,2026-07-16 17:45:58.755011,PAYMENT,8234.93,ATM,India,0
TXN_0005223,ACC_000932,ACC_000259,2026-04-30 12:45:17.755011,TRANSFER,6186.82,ONLINE,Singapore,0
TXN_0005224,ACC_000271,ACC_000595,2026-05-22 09:06:54.755011,DEPOSIT,2658.32,ONLINE,India,0
TXN_0005225,ACC_000298,ACC_000808,2026-05-02 06:26:48.755011,WITHDRAWAL,274522.77,ONLINE,India,0
TXN_0005226,ACC_000098,ACC_000502,2026-07-12 19:45:09.755011,DEPOSIT,2235.02,MOBILE,USA,0
TXN_0005227,ACC_000851,ACC_000710,2026-05-26 15:13:30.755011,PAYMENT,4843.45,ONLINE,UAE,0
TXN_0005228,ACC_000122,ACC_000368,2026-03-26 01:59:03.755011,TRANSFER,13346.43,MOBILE,India,0
TXN_0005229,ACC_000418,ACC_000631,2026-08-10 23:34:28.755011,DEPOSIT,16651.5,ONLINE,Hong Kong,0
TXN_0005230,ACC_000126,ACC_000338,2026-04-14 08:31:11.755011,PAYMENT,25578.78,MOBILE,UK,0
TXN_0005231,ACC_000714,ACC_000167,2026-04-23 22:44:30.755011,PAYMENT,70907.41,ONLINE,UK,0
TXN_0005232,ACC_000198,ACC_000467,2026-06-21 22:06:49.755011,DEPOSIT,14874.29,MOBILE,USA,0
TXN_0005233,ACC_000758,ACC_000059,2026-04-29 02:06:20.755011,WITHDRAWAL,2281.9,BRANCH,Singapore,0
TXN_0005234,ACC_000765,ACC_000892,2026-05-12 10:57:56.755011,PAYMENT,5953.09,MOBILE,India,0
TXN_0005235,ACC_000119,ACC_000937,2026-03-24 08:15:36.755011,WITHDRAWAL,11724.07,ATM,UK,0
TXN_0005236,ACC_000446,ACC_000855,2026-07-18 15:15:35.755011,PAYMENT,96942.3,BRANCH,Singapore,0
TXN_0005237,ACC_000552,ACC_000182,2026-06-22 16:21:34.755011,DEPOSIT,1514.19,ONLINE,USA,0
TXN_0005238,ACC_000283,ACC_000545,2026-06-01 21:36:18.755011,TRANSFER,34306.56,ATM,India,0
TXN_0005239,ACC_000822,ACC_000925,2026-05-16 02:57:44.755011,TRANSFER,10055.72,BRANCH,India,0
TXN_0005240,ACC_000070,ACC_000819,2026-05-30 07:16:10.755011,WITHDRAWAL,22145.66,ATM,USA,0
TXN_0005241,ACC_000226,ACC_000377,2026-08-27 20:11:04.755011,WITHDRAWAL,7169.61,MOBILE,Hong Kong,0
TXN_0005242,ACC_000901,ACC_000186,2026-07-01 05:51:08.755011,TRANSFER,2948.59,MOBILE,Hong Kong,0
TXN_0005243,ACC_000417,ACC_000454,2026-06-24 21:20:11.755011,WITHDRAWAL,19951.26,BRANCH,Singapore,0
TXN_0005244,ACC_000091,ACC_000110,2026-08-20 00:26:53.755011,PAYMENT,17770.89,BRANCH,UAE,0
TXN_0005245,ACC_000019,ACC_000726,2026-04-19 20:40:34.755011,WITHDRAWAL,26016.04,MOBILE,Singapore,0
TXN_0005246,ACC_000453,ACC_000896,2026-04-04 04:34:11.755011,WITHDRAWAL,7974.74,MOBILE,Hong Kong,0
TXN_0005247,ACC_000001,ACC_000563,2026-05-22 00:13:05.755011,WITHDRAWAL,3945.04,BRANCH,India,0
TXN_0005248,ACC_000900,ACC_000357,2026-03-28 15:12:27.755011,PAYMENT,1248.2,ATM,India,0
TXN_0005249,ACC_000389,ACC_000727,2026-04-15 13:45:57.755011,DEPOSIT,21660.55,ONLINE,India,0
TXN_0005250,ACC_000279,ACC_000470,2026-04-14 11:23:18.755011,DEPOSIT,13476.02,ONLINE,USA,0
TXN_0005251,ACC_000592,ACC_000910,2026-07-08 21:17:43.755011,PAYMENT,2542.9,ONLINE,Hong Kong,0
TXN_0005252,ACC_000925,ACC_000109,2026-06-11 17:53:01.755011,TRANSFER,39110.98,ATM,Hong Kong,1
TXN_0005253,ACC_000774,ACC_000655,2026-07-02 19:19:29.755011,DEPOSIT,4628.04,ATM,Singapore,0
TXN_0005254,ACC_000952,ACC_000337,2026-08-30 11:02:59.755011,DEPOSIT,1367.06,ONLINE,USA,0
TXN_0005255,ACC_000498,ACC_000767,2026-07-16 21:01:03.755011,WITHDRAWAL,3037.47,ATM,UAE,0
TXN_0005256,ACC_000987,ACC_000967,2026-07-10 06:19:50.755011,DEPOSIT,2078.5,ONLINE,UAE,0
TXN_0005257,ACC_000795,ACC_000241,2026-04-26 14:24:13.755011,DEPOSIT,4939.53,BRANCH,Hong Kong,0
TXN_0005258,ACC_000932,ACC_000919,2026-07-23 16:09:14.755011,TRANSFER,3339.46,ONLINE,Singapore,0
TXN_0005259,ACC_000292,ACC_000631,2026-06-29 12:30:25.755011,WITHDRAWAL,1150.09,MOBILE,UK,0
TXN_0005260,ACC_000658,ACC_000676,2026-08-29 08:26:56.755011,WITHDRAWAL,91776.2,MOBILE,UK,0
TXN_0005261,ACC_000463,ACC_000413,2026-03-15 20:29:17.755011,PAYMENT,36426.39,BRANCH,USA,0
TXN_0005262,ACC_000949,ACC_000352,2026-08-04 05:04:29.755011,WITHDRAWAL,3181.72,ATM,UK,0
TXN_0005263,ACC_000364,ACC_000582,2026-08-15 16:46:42.755011,TRANSFER,11236.31,BRANCH,India,0
TXN_0005264,ACC_000266,ACC_000256,2026-07-27 22:02:11.755011,WITHDRAWAL,13372.53,ATM,UAE,0
TXN_0005265,ACC_000653,ACC_000728,2026-07-07 03:36:28.755011,TRANSFER,33836.76,BRANCH,UAE,0
TXN_0005266,ACC_000990,ACC_000440,2026-06-26 14:12:40.755011,WITHDRAWAL,3034.11,MOBILE,Singapore,0
TXN_0005267,ACC_000945,ACC_000689,2026-04-19 18:11:59.755011,DEPOSIT,30047.3,MOBILE,Singapore,0
TXN_0005268,ACC_000566,ACC_000074,2026-08-09 07:05:50.755011,DEPOSIT,4198.63,BRANCH,UAE,0
TXN_0005269,ACC_000224,ACC_000314,2026-08-14 10:19:51.755011,TRANSFER,1631.03,BRANCH,Hong Kong,0
TXN_0005270,ACC_000668,ACC_000687,2026-06-01 10:57:15.755011,TRANSFER,19321.31,BRANCH,Singapore,0
TXN_0005271,ACC_000703,ACC_000653,2026-03-25 16:47:18.755011,PAYMENT,694164.81,MOBILE,Hong Kong,1
TXN_0005272,ACC_000003,ACC_000504,2026-07-07 02:24:43.755011,PAYMENT,180862.21,BRANCH,UAE,0
TXN_0005273,ACC_000203,ACC_000733,2026-04-13 12:02:21.755011,WITHDRAWAL,1920.48,MOBILE,India,0
TXN_0005274,ACC_000419,ACC_000596,2026-04-13 04:19:02.755011,WITHDRAWAL,18745.4,ATM,UAE,0
TXN_0005275,ACC_000045,ACC_000746,2026-08-03 04:06:26.755011,PAYMENT,4955.43,ATM,India,0
TXN_0005276,ACC_000953,ACC_000842,2026-04-03 07:21:31.755011,DEPOSIT,20744.38,MOBILE,USA,0
TXN_0005277,ACC_000322,ACC_000712,2026-04-22 15:45:12.755011,WITHDRAWAL,1387.71,ONLINE,UK,0
TXN_0005278,ACC_000269,ACC_000609,2026-04-06 17:31:23.755011,TRANSFER,1780.55,ATM,USA,0
TXN_0005279,ACC_000499,ACC_000077,2026-04-24 03:59:01.755011,WITHDRAWAL,28799.88,BRANCH,UAE,1
TXN_0005280,ACC_000600,ACC_000249,2026-03-13 22:39:12.755011,WITHDRAWAL,8908.46,MOBILE,UK,0
TXN_0005281,ACC_000043,ACC_000936,2026-06-03 03:09:46.755011,PAYMENT,3754.47,ONLINE,India,0
TXN_0005282,ACC_000258,ACC_000076,2026-06-06 18:40:44.755011,PAYMENT,17869.76,BRANCH,UK,0
TXN_0005283,ACC_000370,ACC_000578,2026-08-08 10:35:09.755011,WITHDRAWAL,27785.61,BRANCH,Singapore,0
TXN_0005284,ACC_000111,ACC_000565,2026-04-07 13:17:36.755011,PAYMENT,16638.81,ONLINE,Hong Kong,0
TXN_0005285,ACC_000750,ACC_000774,2026-07-16 22:08:40.755011,TRANSFER,56531.04,BRANCH,UK,0
TXN_0005286,ACC_000415,ACC_000106,2026-07-28 04:10:28.755011,PAYMENT,13346.27,ATM,USA,0
TXN_0005287,ACC_000665,ACC_000243,2026-06-20 12:25:47.755011,TRANSFER,1881.31,MOBILE,Singapore,0
TXN_0005288,ACC_000571,ACC_000712,2026-05-27 20:55:18.755011,WITHDRAWAL,41608.17,ATM,Hong Kong,0
TXN_0005289,ACC_000380,ACC_000379,2026-04-26 07:15:38.755011,WITHDRAWAL,3919.87,MOBILE,UAE,0
TXN_0005290,ACC_000993,ACC_000418,2026-03-31 22:37:02.755011,PAYMENT,24161.17,MOBILE,Singapore,0
TXN_0005291,ACC_000499,ACC_000787,2026-06-12 05:53:35.755011,WITHDRAWAL,53555.89,ATM,USA,0
TXN_0005292,ACC_000420,ACC_000879,2026-06-10 06:04:34.755011,PAYMENT,14016.99,ONLINE,UK,0
TXN_0005293,ACC_000037,ACC_000030,2026-05-26 06:46:13.755011,PAYMENT,1345.62,ATM,Singapore,0
TXN_0005294,ACC_000677,ACC_000840,2026-07-25 10:36:09.755011,PAYMENT,2692.28,BRANCH,UAE,0
TXN_0005295,ACC_000189,ACC_000154,2026-07-18 14:27:42.755011,TRANSFER,39628.08,BRANCH,UK,0
TXN_0005296,ACC_000024,ACC_000411,2026-07-16 19:58:18.755011,TRANSFER,6614.72,BRANCH,UAE,0
TXN_0005297,ACC_000962,ACC_000938,2026-07-10 09:09:26.755011,DEPOSIT,8914.98,ONLINE,Hong Kong,0
TXN_0005298,ACC_000695,ACC_000111,2026-05-12 15:09:01.755011,PAYMENT,20142.54,ONLINE,India,0
TXN_0005299,ACC_000214,ACC_000259,2026-08-19 04:39:32.755011,WITHDRAWAL,18687.08,ONLINE,Singapore,0
TXN_0005300,ACC_000916,ACC_000168,2026-06-07 19:39:26.755011,TRANSFER,11322.64,BRANCH,USA,0
TXN_0005301,ACC_000665,ACC_000199,2026-06-22 12:01:27.755011,PAYMENT,6308.15,ATM,UAE,0
TXN_0005302,ACC_000860,ACC_000075,2026-08-20 12:27:55.755011,PAYMENT,5568.04,BRANCH,Hong Kong,0
TXN_0005303,ACC_000003,ACC_000871,2026-03-29 07:15:47.755011,WITHDRAWAL,22685.44,ATM,India,0
TXN_0005304,ACC_000178,ACC_000942,2026-04-07 10:57:14.755011,DEPOSIT,15745.08,ONLINE,India,0
TXN_0005305,ACC_000906,ACC_000149,2026-03-31 21:56:15.755011,PAYMENT,5950.56,BRANCH,Singapore,0
TXN_0005306,ACC_000465,ACC_000799,2026-04-11 18:29:11.755011,TRANSFER,29689.09,MOBILE,UK,0
TXN_0005307,ACC_000503,ACC_000753,2026-05-09 09:44:34.755011,DEPOSIT,6940.71,ATM,UAE,0
TXN_0005308,ACC_000410,ACC_000199,2026-03-19 12:40:59.755011,PAYMENT,2916.11,ATM,Hong Kong,0
TXN_0005309,ACC_000711,ACC_000766,2026-08-15 17:56:40.755011,TRANSFER,3259.19,ONLINE,USA,0
TXN_0005310,ACC_000567,ACC_000055,2026-06-27 11:44:28.755011,WITHDRAWAL,2503.67,MOBILE,Singapore,0
TXN_0005311,ACC_000516,ACC_000594,2026-05-17 11:15:37.755011,WITHDRAWAL,5843.63,ATM,Hong Kong,0
TXN_0005312,ACC_000419,ACC_000014,2026-06-10 19:38:32.755011,DEPOSIT,35613.11,ONLINE,Hong Kong,0
TXN_0005313,ACC_000974,ACC_000272,2026-08-15 16:38:24.755011,DEPOSIT,3083.7,ATM,Hong Kong,0
TXN_0005314,ACC_000837,ACC_000351,2026-09-01 11:45:49.755011,PAYMENT,10159.57,MOBILE,Singapore,0
TXN_0005315,ACC_000477,ACC_000712,2026-06-22 06:48:04.755011,WITHDRAWAL,3684.8,BRANCH,Singapore,0
TXN_0005316,ACC_000268,ACC_000015,2026-06-19 14:37:50.755011,DEPOSIT,5929.11,ONLINE,Hong Kong,0
TXN_0005317,ACC_000427,ACC_000326,2026-04-29 09:25:42.755011,DEPOSIT,1323.39,BRANCH,Singapore,0
TXN_0005318,ACC_000445,ACC_000089,2026-03-17 17:25:37.755011,PAYMENT,6218.94,BRANCH,USA,0
TXN_0005319,ACC_000409,ACC_000535,2026-04-06 13:44:20.755011,TRANSFER,6422.44,ATM,UAE,0
TXN_0005320,ACC_000916,ACC_000411,2026-04-04 22:25:35.755011,TRANSFER,15496.13,BRANCH,UK,0
TXN_0005321,ACC_000002,ACC_000350,2026-03-12 16:12:09.755011,PAYMENT,10592.88,BRANCH,India,0
TXN_0005322,ACC_000035,ACC_000343,2026-05-28 20:13:06.755011,DEPOSIT,1923.55,BRANCH,UAE,0
TXN_0005323,ACC_000207,ACC_000077,2026-08-08 19:35:15.755011,DEPOSIT,29763.49,BRANCH,UK,0
TXN_0005324,ACC_000377,ACC_000652,2026-08-23 09:19:49.755011,TRANSFER,142446.34,ATM,Singapore,1
TXN_0005325,ACC_000920,ACC_000127,2026-04-13 12:47:19.755011,PAYMENT,10281.2,MOBILE,USA,0
TXN_0005326,ACC_000244,ACC_000383,2026-05-16 13:18:18.755011,WITHDRAWAL,8014.29,ONLINE,Singapore,0
TXN_0005327,ACC_000591,ACC_000619,2026-03-23 22:00:47.755011,TRANSFER,4353.31,MOBILE,UAE,0
TXN_0005328,ACC_000003,ACC_000954,2026-05-31 21:36:14.755011,TRANSFER,10523.47,BRANCH,India,0
TXN_0005329,ACC_000742,ACC_000702,2026-08-05 19:34:00.755011,DEPOSIT,14338.54,BRANCH,India,0
TXN_0005330,ACC_000492,ACC_000479,2026-03-15 02:45:15.755011,TRANSFER,995.98,ONLINE,Singapore,0
TXN_0005331,ACC_000292,ACC_000232,2026-03-18 18:23:40.755011,PAYMENT,4244.96,BRANCH,UAE,0
TXN_0005332,ACC_000454,ACC_000612,2026-07-27 14:30:13.755011,DEPOSIT,5967.38,BRANCH,Hong Kong,0
TXN_0005333,ACC_000301,ACC_000423,2026-08-31 13:22:32.755011,TRANSFER,11019.31,ONLINE,UK,0
TXN_0005334,ACC_000849,ACC_000585,2026-03-25 05:56:10.755011,TRANSFER,187441.71,ONLINE,Hong Kong,1
TXN_0005335,ACC_000109,ACC_000509,2026-08-12 18:23:43.755011,WITHDRAWAL,3209.63,ONLINE,Hong Kong,0
TXN_0005336,ACC_000050,ACC_000153,2026-05-18 17:46:54.755011,WITHDRAWAL,4457.96,MOBILE,UAE,0
TXN_0005337,ACC_000781,ACC_000953,2026-07-18 16:26:43.755011,PAYMENT,4380.68,ATM,India,0
TXN_0005338,ACC_000177,ACC_000635,2026-07-16 10:52:07.755011,DEPOSIT,3096.93,MOBILE,UAE,0
TXN_0005339,ACC_000276,ACC_000664,2026-06-07 09:09:39.755011,DEPOSIT,5342.11,MOBILE,Hong Kong,0
TXN_0005340,ACC_000433,ACC_000330,2026-07-01 19:18:55.755011,DEPOSIT,20434.15,MOBILE,UK,0
TXN_0005341,ACC_000355,ACC_000155,2026-04-08 21:21:38.755011,DEPOSIT,2287.92,MOBILE,Hong Kong,0
TXN_0005342,ACC_000289,ACC_000086,2026-03-18 08:47:58.755011,DEPOSIT,13539.64,MOBILE,India,0
TXN_0005343,ACC_000217,ACC_000452,2026-07-25 00:56:13.755011,WITHDRAWAL,1051.23,ONLINE,Hong Kong,0
TXN_0005344,ACC_000923,ACC_000920,2026-03-25 12:06:38.755011,PAYMENT,4131.49,ATM,Singapore,0
TXN_0005345,ACC_000786,ACC_000236,2026-07-04 10:03:39.755011,DEPOSIT,5456.77,BRANCH,Singapore,0
TXN_0005346,ACC_000803,ACC_000704,2026-08-04 06:17:34.755011,DEPOSIT,60465.7,BRANCH,UAE,0
TXN_0005347,ACC_000923,ACC_000386,2026-07-16 17:45:30.755011,TRANSFER,5826.88,MOBILE,UK,0
TXN_0005348,ACC_000828,ACC_000815,2026-03-24 15:04:58.755011,DEPOSIT,577.38,MOBILE,UAE,0
TXN_0005349,ACC_000372,ACC_000534,2026-08-09 19:04:33.755011,WITHDRAWAL,736.08,BRANCH,UAE,0
TXN_0005350,ACC_000280,ACC_000603,2026-04-29 20:50:10.755011,TRANSFER,8440.83,ONLINE,USA,0
TXN_0005351,ACC_000411,ACC_000176,2026-08-09 05:12:45.755011,WITHDRAWAL,170281.04,ONLINE,Hong Kong,1
TXN_0005352,ACC_000272,ACC_000339,2026-04-26 01:46:13.755011,TRANSFER,12715.12,BRANCH,USA,0
TXN_0005353,ACC_000784,ACC_000250,2026-05-19 01:31:27.755011,WITHDRAWAL,9907.86,ATM,Singapore,0
TXN_0005354,ACC_000100,ACC_000923,2026-03-28 16:22:31.755011,TRANSFER,32686.31,ONLINE,Hong Kong,0
TXN_0005355,ACC_000381,ACC_000820,2026-08-31 08:51:54.755011,TRANSFER,65803.48,MOBILE,Singapore,1
TXN_0005356,ACC_000524,ACC_000625,2026-08-28 15:43:50.755011,WITHDRAWAL,23715.7,ATM,USA,0
TXN_0005357,ACC_000847,ACC_000591,2026-05-15 18:40:25.755011,DEPOSIT,1143.19,ONLINE,UAE,0
TXN_0005358,ACC_000839,ACC_000675,2026-03-17 14:53:57.755011,DEPOSIT,2735.48,ATM,Hong Kong,0
TXN_0005359,ACC_000545,ACC_000009,2026-08-19 19:00:12.755011,TRANSFER,926.63,ATM,USA,0
TXN_0005360,ACC_000272,ACC_000159,2026-05-27 17:52:05.755011,WITHDRAWAL,5826.58,BRANCH,Hong Kong,0
TXN_0005361,ACC_000343,ACC_000872,2026-03-09 03:24:46.755011,WITHDRAWAL,7665.51,MOBILE,UAE,0
TXN_0005362,ACC_000589,ACC_000530,2026-08-14 04:51:13.755011,DEPOSIT,9292.12,ONLINE,Hong Kong,0
TXN_0005363,ACC_000875,ACC_000777,2026-03-19 22:27:42.755011,WITHDRAWAL,8727.73,BRANCH,Hong Kong,0
TXN_0005364,ACC_000553,ACC_000287,2026-07-26 23:45:03.755011,DEPOSIT,2662.27,MOBILE,Singapore,0
TXN_0005365,ACC_000598,ACC_000254,2026-04-10 08:20:38.755011,DEPOSIT,6449.2,ONLINE,Singapore,0
TXN_0005366,ACC_000259,ACC_000699,2026-09-01 21:14:52.755011,DEPOSIT,1343.54,ATM,India,0
TXN_0005367,ACC_000470,ACC_000188,2026-03-22 17:02:03.755011,DEPOSIT,41600.8,MOBILE,UAE,0
TXN_0005368,ACC_000353,ACC_000820,2026-04-29 04:01:08.755011,PAYMENT,5628.78,ATM,Singapore,0
TXN_0005369,ACC_000439,ACC_000635,2026-08-17 08:46:11.755011,DEPOSIT,4506.77,BRANCH,Singapore,0
TXN_0005370,ACC_000338,ACC_000526,2026-04-30 14:18:15.755011,WITHDRAWAL,54542.11,BRANCH,UK,0
TXN_0005371,ACC_000119,ACC_000941,2026-04-22 05:04:06.755011,PAYMENT,16724.71,ATM,Singapore,1
TXN_0005372,ACC_000337,ACC_000986,2026-09-01 12:20:19.755011,DEPOSIT,10598.53,ATM,Hong Kong,1
TXN_0005373,ACC_000066,ACC_000716,2026-07-14 07:10:17.755011,PAYMENT,2174.46,MOBILE,Singapore,0
TXN_0005374,ACC_000618,ACC_000028,2026-06-15 15:30:42.755011,TRANSFER,7469.28,ATM,UK,0
TXN_0005375,ACC_000294,ACC_000807,2026-06-17 23:41:04.755011,WITHDRAWAL,13601.81,BRANCH,UAE,0
TXN_0005376,ACC_000808,ACC_000686,2026-07-25 00:47:20.755011,WITHDRAWAL,19684.97,BRANCH,India,0
TXN_0005377,ACC_000369,ACC_000420,2026-03-21 00:52:31.755011,DEPOSIT,177441.17,ATM,Hong Kong,0
TXN_0005378,ACC_000246,ACC_000889,2026-09-02 10:02:24.755011,TRANSFER,544.94,BRANCH,India,0
TXN_0005379,ACC_000629,ACC_000259,2026-05-11 13:38:49.755011,TRANSFER,16822.67,MOBILE,USA,0
TXN_0005380,ACC_000135,ACC_000724,2026-03-14 06:46:41.755011,PAYMENT,4152.41,BRANCH,Hong Kong,0
TXN_0005381,ACC_000255,ACC_000055,2026-04-23 07:30:12.755011,PAYMENT,4009.02,BRANCH,Hong Kong,0
TXN_0005382,ACC_000936,ACC_000667,2026-08-26 07:16:01.755011,DEPOSIT,3851.71,ONLINE,UAE,0
TXN_0005383,ACC_000166,ACC_000292,2026-07-11 10:15:14.755011,WITHDRAWAL,2722.96,BRANCH,UK,0
TXN_0005384,ACC_000065,ACC_000819,2026-08-21 18:20:02.755011,TRANSFER,61171.08,ATM,Hong Kong,0
TXN_0005385,ACC_000716,ACC_000015,2026-06-21 00:28:53.755011,DEPOSIT,22264.68,ATM,UAE,0
TXN_0005386,ACC_000777,ACC_000818,2026-06-20 05:44:47.755011,TRANSFER,8331.8,BRANCH,Singapore,0
TXN_0005387,ACC_000904,ACC_000306,2026-07-20 19:08:07.755011,WITHDRAWAL,40995.55,MOBILE,UAE,0
TXN_0005388,ACC_000363,ACC_000444,2026-04-21 10:38:40.755011,WITHDRAWAL,1319.44,MOBILE,India,0
TXN_0005389,ACC_000170,ACC_000644,2026-03-13 00:56:52.755011,PAYMENT,1641.15,MOBILE,USA,0
TXN_0005390,ACC_000937,ACC_000679,2026-04-09 17:40:05.755011,DEPOSIT,593.74,BRANCH,UAE,0
TXN_0005391,ACC_000324,ACC_000855,2026-09-03 03:25:27.755011,WITHDRAWAL,3500.65,BRANCH,UAE,0
TXN_0005392,ACC_000539,ACC_000780,2026-07-03 01:57:18.755011,WITHDRAWAL,9838.3,ATM,UAE,0
TXN_0005393,ACC_000710,ACC_000861,2026-04-06 19:35:31.755011,WITHDRAWAL,9167.6,BRANCH,India,0
TXN_0005394,ACC_000249,ACC_000082,2026-03-16 02:16:20.755011,PAYMENT,9693.49,ATM,UAE,0
TXN_0005395,ACC_000927,ACC_000472,2026-08-22 19:49:38.755011,TRANSFER,1490.3,ATM,USA,0
TXN_0005396,ACC_000018,ACC_000213,2026-09-01 17:06:55.755011,DEPOSIT,21243.06,BRANCH,UAE,0
TXN_0005397,ACC_000130,ACC_000807,2026-05-03 08:28:39.755011,DEPOSIT,10802.72,BRANCH,UAE,0
TXN_0005398,ACC_000968,ACC_000555,2026-05-29 11:16:25.755011,WITHDRAWAL,19529.18,ATM,Singapore,0
TXN_0005399,ACC_000757,ACC_000388,2026-06-05 07:44:57.755011,TRANSFER,836.05,ATM,USA,0
TXN_0005400,ACC_000495,ACC_000460,2026-08-31 16:54:05.755011,PAYMENT,11775.65,MOBILE,Singapore,0
TXN_0005401,ACC_000187,ACC_000682,2026-07-29 19:29:32.755011,PAYMENT,9953.16,ATM,UK,1
TXN_0005402,ACC_000833,ACC_000891,2026-05-13 20:02:13.755011,WITHDRAWAL,5030.19,BRANCH,USA,0
TXN_0005403,ACC_000178,ACC_000198,2026-05-29 01:03:13.755011,PAYMENT,15386.38,BRANCH,Singapore,0
TXN_0005404,ACC_000038,ACC_000058,2026-08-03 10:03:12.755011,WITHDRAWAL,9039.08,MOBILE,USA,0
TXN_0005405,ACC_000723,ACC_000599,2026-05-15 16:16:58.755011,DEPOSIT,2916.54,ATM,India,0
TXN_0005406,ACC_000474,ACC_000226,2026-08-05 03:16:38.755011,PAYMENT,8164.31,ATM,UAE,0
TXN_0005407,ACC_000830,ACC_000459,2026-09-02 23:25:27.755011,TRANSFER,1289.69,MOBILE,Hong Kong,0
TXN_0005408,ACC_000043,ACC_000782,2026-04-25 21:29:30.755011,PAYMENT,32219.3,MOBILE,UK,0
TXN_0005409,ACC_000421,ACC_000534,2026-08-30 19:48:20.755011,PAYMENT,6333.82,BRANCH,Singapore,0
TXN_0005410,ACC_000107,ACC_000107,2026-05-03 09:22:16.755011,DEPOSIT,31016.05,BRANCH,UAE,0
TXN_0005411,ACC_000369,ACC_000808,2026-03-20 21:21:25.755011,DEPOSIT,4307.71,MOBILE,Singapore,0
TXN_0005412,ACC_000239,ACC_000541,2026-06-04 19:56:29.755011,DEPOSIT,4323.02,MOBILE,Singapore,0
TXN_0005413,ACC_000988,ACC_000989,2026-05-04 03:18:20.755011,WITHDRAWAL,3238.86,MOBILE,Hong Kong,0
TXN_0005414,ACC_000765,ACC_000234,2026-06-12 10:44:57.755011,PAYMENT,23188.43,ATM,Hong Kong,0
TXN_0005415,ACC_000073,ACC_000988,2026-08-19 03:42:52.755011,PAYMENT,3458.82,MOBILE,UAE,0
TXN_0005416,ACC_000548,ACC_000477,2026-05-14 20:41:34.755011,DEPOSIT,17562.38,ONLINE,India,0
TXN_0005417,ACC_000913,ACC_000166,2026-05-28 15:32:11.755011,PAYMENT,5120.75,MOBILE,UK,0
TXN_0005418,ACC_000694,ACC_000863,2026-06-30 13:51:18.755011,WITHDRAWAL,756.61,ATM,Singapore,0
TXN_0005419,ACC_000423,ACC_000025,2026-06-10 06:13:16.755011,WITHDRAWAL,4087.23,ATM,India,0
TXN_0005420,ACC_000049,ACC_000231,2026-07-24 23:07:45.755011,PAYMENT,1968.58,ONLINE,Hong Kong,0
TXN_0005421,ACC_000969,ACC_000517,2026-07-25 12:47:00.755011,DEPOSIT,8439.54,ONLINE,Singapore,0
TXN_0005422,ACC_000254,ACC_000365,2026-04-19 22:17:18.755011,DEPOSIT,1942.07,ONLINE,UK,0
TXN_0005423,ACC_000794,ACC_000078,2026-06-21 21:29:26.755011,TRANSFER,24616.45,ONLINE,India,0
TXN_0005424,ACC_000212,ACC_000469,2026-04-18 21:11:17.755011,WITHDRAWAL,7264.17,ATM,UK,0
TXN_0005425,ACC_000133,ACC_000652,2026-03-11 13:46:43.755011,DEPOSIT,6547.8,BRANCH,USA,0
TXN_0005426,ACC_000073,ACC_000327,2026-06-04 22:36:35.755011,DEPOSIT,17802.08,MOBILE,UAE,0
TXN_0005427,ACC_000377,ACC_000474,2026-07-06 01:08:18.755011,WITHDRAWAL,25762.84,MOBILE,Singapore,0
TXN_0005428,ACC_000627,ACC_000584,2026-05-13 02:47:54.755011,WITHDRAWAL,7909.99,MOBILE,India,0
TXN_0005429,ACC_000919,ACC_000665,2026-05-09 10:01:15.755011,PAYMENT,3211.71,BRANCH,USA,0
TXN_0005430,ACC_000085,ACC_000454,2026-07-08 02:17:16.755011,TRANSFER,964.14,MOBILE,UAE,0
TXN_0005431,ACC_000981,ACC_000860,2026-08-27 07:13:11.755011,WITHDRAWAL,3557.24,ONLINE,UAE,0
TXN_0005432,ACC_000965,ACC_000165,2026-05-13 10:47:16.755011,WITHDRAWAL,3863.56,ATM,Hong Kong,0
TXN_0005433,ACC_000376,ACC_000147,2026-08-28 14:52:38.755011,TRANSFER,9213.9,BRANCH,Hong Kong,0
TXN_0005434,ACC_001000,ACC_000513,2026-07-10 18:07:04.755011,PAYMENT,5355.2,ONLINE,Singapore,0
TXN_0005435,ACC_000895,ACC_000069,2026-03-26 03:47:33.755011,PAYMENT,18499.88,ONLINE,UK,0
TXN_0005436,ACC_000504,ACC_000303,2026-05-19 03:16:27.755011,WITHDRAWAL,3883.22,MOBILE,USA,0
TXN_0005437,ACC_000042,ACC_000809,2026-04-16 04:10:31.755011,PAYMENT,7566.99,BRANCH,Hong Kong,0
TXN_0005438,ACC_000903,ACC_000269,2026-07-06 10:18:05.755011,DEPOSIT,33549.76,ATM,India,0
TXN_0005439,ACC_000561,ACC_000145,2026-08-04 21:02:14.755011,WITHDRAWAL,12212.19,ONLINE,USA,0
TXN_0005440,ACC_000700,ACC_000879,2026-05-16 19:53:13.755011,PAYMENT,7539.83,ATM,Hong Kong,0
TXN_0005441,ACC_000173,ACC_000756,2026-08-07 01:03:50.755011,WITHDRAWAL,3935.0,MOBILE,India,0
TXN_0005442,ACC_000597,ACC_000206,2026-04-10 00:44:11.755011,DEPOSIT,3790.0,ATM,UK,0
TXN_0005443,ACC_000805,ACC_000023,2026-08-08 16:47:35.755011,WITHDRAWAL,2919.78,ONLINE,USA,0
TXN_0005444,ACC_000843,ACC_000565,2026-03-24 15:45:05.755011,TRANSFER,4233.53,MOBILE,Hong Kong,0
TXN_0005445,ACC_000363,ACC_000490,2026-04-08 10:57:26.755011,WITHDRAWAL,20066.34,ONLINE,Hong Kong,0
TXN_0005446,ACC_000837,ACC_000490,2026-09-03 02:14:40.755011,WITHDRAWAL,6208.87,ONLINE,USA,0
TXN_0005447,ACC_000243,ACC_000926,2026-07-12 17:30:50.755011,PAYMENT,1604.03,MOBILE,UK,0
TXN_0005448,ACC_000567,ACC_000922,2026-03-24 05:29:02.755011,TRANSFER,67629.74,ONLINE,USA,0
TXN_0005449,ACC_000987,ACC_000748,2026-07-29 08:28:11.755011,PAYMENT,11896.01,MOBILE,UAE,0
TXN_0005450,ACC_000071,ACC_000207,2026-06-07 07:23:33.755011,PAYMENT,1497.67,BRANCH,Hong Kong,0
TXN_0005451,ACC_000438,ACC_000560,2026-06-05 02:40:49.755011,DEPOSIT,4768.47,ONLINE,USA,0
TXN_0005452,ACC_000840,ACC_000132,2026-05-02 20:14:25.755011,TRANSFER,9256.34,ONLINE,USA,0
TXN_0005453,ACC_000635,ACC_000089,2026-04-08 14:01:30.755011,PAYMENT,62662.0,ONLINE,USA,0
TXN_0005454,ACC_000607,ACC_000880,2026-05-02 18:35:10.755011,WITHDRAWAL,2143.65,ONLINE,USA,0
TXN_0005455,ACC_000052,ACC_000570,2026-07-02 10:12:31.755011,TRANSFER,26140.7,BRANCH,Hong Kong,0
TXN_0005456,ACC_000370,ACC_000162,2026-08-11 15:57:34.755011,PAYMENT,43450.76,ONLINE,UAE,0
TXN_0005457,ACC_000890,ACC_000605,2026-06-27 06:07:01.755011,TRANSFER,3810.88,ATM,India,0
TXN_0005458,ACC_000329,ACC_000402,2026-04-13 18:46:40.755011,PAYMENT,5807.95,ONLINE,Singapore,0
TXN_0005459,ACC_000903,ACC_000884,2026-04-21 19:18:08.755011,DEPOSIT,38332.57,BRANCH,India,1
TXN_0005460,ACC_000713,ACC_000071,2026-09-03 05:29:32.755011,DEPOSIT,99486.53,ONLINE,India,1
TXN_0005461,ACC_000708,ACC_000562,2026-04-18 17:26:17.755011,TRANSFER,7754.99,ONLINE,UAE,0
TXN_0005462,ACC_000298,ACC_000037,2026-06-08 12:01:00.755011,WITHDRAWAL,17882.54,ONLINE,India,0
TXN_0005463,ACC_000801,ACC_000163,2026-04-16 10:51:43.755011,TRANSFER,29978.03,ATM,UK,0
TXN_0005464,ACC_000441,ACC_000029,2026-04-27 15:04:31.755011,DEPOSIT,45853.24,ONLINE,UK,1
TXN_0005465,ACC_000789,ACC_000401,2026-06-07 15:35:02.755011,WITHDRAWAL,764.49,ONLINE,Hong Kong,0
TXN_0005466,ACC_000770,ACC_000721,2026-05-13 19:04:32.755011,PAYMENT,7899.12,MOBILE,Hong Kong,0
TXN_0005467,ACC_000156,ACC_000232,2026-06-04 15:15:37.755011,TRANSFER,11524.67,BRANCH,Hong Kong,0
TXN_0005468,ACC_000027,ACC_000856,2026-05-23 01:00:28.755011,PAYMENT,10930.38,BRANCH,Hong Kong,0
TXN_0005469,ACC_000096,ACC_000668,2026-03-22 09:08:34.755011,TRANSFER,5475.24,MOBILE,Hong Kong,0
TXN_0005470,ACC_000995,ACC_000032,2026-08-18 21:51:49.755011,PAYMENT,9411.64,BRANCH,USA,0
TXN_0005471,ACC_000891,ACC_000473,2026-05-23 22:16:30.755011,TRANSFER,49937.81,ONLINE,UK,0
TXN_0005472,ACC_000413,ACC_000936,2026-05-01 00:20:46.755011,DEPOSIT,12811.28,BRANCH,Hong Kong,0
TXN_0005473,ACC_000733,ACC_000141,2026-08-21 17:01:34.755011,PAYMENT,5176.88,ATM,Hong Kong,0
TXN_0005474,ACC_000505,ACC_000111,2026-03-13 03:32:18.755011,WITHDRAWAL,4446.01,ONLINE,India,0
TXN_0005475,ACC_000935,ACC_000068,2026-08-22 17:57:49.755011,WITHDRAWAL,6608.93,ONLINE,UAE,0
TXN_0005476,ACC_000187,ACC_000222,2026-04-24 22:31:56.755011,WITHDRAWAL,57762.09,ATM,India,0
TXN_0005477,ACC_000346,ACC_000911,2026-05-25 08:13:06.755011,DEPOSIT,6503.13,MOBILE,UK,0
TXN_0005478,ACC_000711,ACC_000539,2026-06-20 15:39:00.755011,PAYMENT,7912.88,ATM,USA,0
TXN_0005479,ACC_000750,ACC_000006,2026-07-01 22:15:48.755011,DEPOSIT,4542.46,ATM,USA,0
TXN_0005480,ACC_000333,ACC_000936,2026-08-27 03:43:37.755011,PAYMENT,30296.27,MOBILE,UAE,0
TXN_0005481,ACC_000281,ACC_000365,2026-07-29 16:17:58.755011,WITHDRAWAL,85118.93,ONLINE,USA,0
TXN_0005482,ACC_000916,ACC_000590,2026-03-29 15:53:57.755011,DEPOSIT,13915.18,ONLINE,USA,0
TXN_0005483,ACC_000883,ACC_000170,2026-06-16 07:34:46.755011,PAYMENT,8949.27,BRANCH,Singapore,0
TXN_0005484,ACC_000212,ACC_000561,2026-08-30 22:45:35.755011,DEPOSIT,8468.76,ATM,Singapore,0
TXN_0005485,ACC_000651,ACC_000198,2026-08-17 19:18:42.755011,PAYMENT,463.51,ATM,UAE,0
TXN_0005486,ACC_000712,ACC_000242,2026-04-26 13:54:51.755011,DEPOSIT,19814.73,MOBILE,Singapore,0
TXN_0005487,ACC_000424,ACC_000432,2026-05-06 21:23:37.755011,WITHDRAWAL,9518.57,BRANCH,Hong Kong,0
TXN_0005488,ACC_000273,ACC_000101,2026-07-23 15:54:25.755011,DEPOSIT,13548.22,ATM,Singapore,0
TXN_0005489,ACC_000040,ACC_000410,2026-04-01 18:11:30.755011,PAYMENT,3450.4,ONLINE,Singapore,0
TXN_0005490,ACC_000173,ACC_000589,2026-08-27 08:00:40.755011,DEPOSIT,5108.45,BRANCH,Singapore,0
TXN_0005491,ACC_000367,ACC_000526,2026-04-26 23:28:12.755011,WITHDRAWAL,4948.16,ONLINE,UAE,0
TXN_0005492,ACC_000795,ACC_000276,2026-07-30 23:04:04.755011,WITHDRAWAL,27610.39,ONLINE,UK,0
TXN_0005493,ACC_000116,ACC_000724,2026-06-21 02:32:58.755011,WITHDRAWAL,5143.5,ATM,Hong Kong,0
TXN_0005494,ACC_000075,ACC_000425,2026-03-20 18:03:17.755011,DEPOSIT,98636.08,ONLINE,India,0
TXN_0005495,ACC_000032,ACC_000881,2026-09-01 14:38:22.755011,PAYMENT,13589.26,BRANCH,India,0
TXN_0005496,ACC_000171,ACC_000410,2026-07-03 10:34:55.755011,TRANSFER,1753.17,MOBILE,UK,0
TXN_0005497,ACC_000277,ACC_000389,2026-07-07 21:51:59.755011,WITHDRAWAL,6944.77,MOBILE,USA,0
TXN_0005498,ACC_000994,ACC_000253,2026-06-12 16:52:42.755011,DEPOSIT,3707.04,MOBILE,USA,0
TXN_0005499,ACC_000274,ACC_000827,2026-03-24 20:12:54.755011,TRANSFER,582.16,ATM,UK,0
TXN_0005500,ACC_000280,ACC_000648,2026-07-16 20:32:58.755011,WITHDRAWAL,55235.72,MOBILE,UK,0
TXN_0005501,ACC_000691,ACC_000421,2026-05-15 05:39:17.755011,DEPOSIT,18840.63,ONLINE,India,0
TXN_0005502,ACC_000872,ACC_000089,2026-03-08 19:27:34.755011,TRANSFER,15365.02,BRANCH,Hong Kong,0
TXN_0005503,ACC_000154,ACC_000980,2026-04-06 00:20:18.755011,PAYMENT,123014.32,BRANCH,UAE,1
TXN_0005504,ACC_000704,ACC_000129,2026-04-28 07:39:42.755011,TRANSFER,1543.15,BRANCH,Hong Kong,0
TXN_0005505,ACC_000400,ACC_000817,2026-04-16 18:51:18.755011,PAYMENT,4535.36,MOBILE,Hong Kong,0
TXN_0005506,ACC_000965,ACC_000595,2026-03-18 05:03:51.755011,WITHDRAWAL,22250.88,BRANCH,India,0
TXN_0005507,ACC_000031,ACC_000800,2026-06-29 03:36:45.755011,TRANSFER,18143.26,BRANCH,Hong Kong,1
TXN_0005508,ACC_000034,ACC_000557,2026-05-16 12:07:44.755011,TRANSFER,388.34,ONLINE,USA,0
TXN_0005509,ACC_000810,ACC_000266,2026-07-20 01:30:51.755011,TRANSFER,6170.12,ATM,UK,0
TXN_0005510,ACC_000258,ACC_000576,2026-07-07 11:29:01.755011,WITHDRAWAL,6835.54,ATM,Hong Kong,0
TXN_0005511,ACC_000016,ACC_000708,2026-08-12 07:43:23.755011,DEPOSIT,113947.01,ATM,Singapore,1
TXN_0005512,ACC_000730,ACC_000677,2026-05-10 16:21:25.755011,WITHDRAWAL,19423.18,ONLINE,UK,0
TXN_0005513,ACC_000978,ACC_000364,2026-06-30 18:56:58.755011,WITHDRAWAL,17415.69,MOBILE,UAE,0
TXN_0005514,ACC_000590,ACC_000338,2026-05-29 12:32:11.755011,WITHDRAWAL,11053.74,ATM,India,0
TXN_0005515,ACC_000863,ACC_000713,2026-07-31 09:40:36.755011,WITHDRAWAL,525590.87,BRANCH,USA,1
TXN_0005516,ACC_000513,ACC_000008,2026-04-09 04:37:13.755011,TRANSFER,1309.28,ONLINE,Singapore,0
TXN_0005517,ACC_000910,ACC_000954,2026-07-29 15:19:38.755011,TRANSFER,272203.29,BRANCH,USA,1
TXN_0005518,ACC_000594,ACC_000679,2026-06-04 23:18:31.755011,WITHDRAWAL,17185.93,MOBILE,UAE,0
TXN_0005519,ACC_000691,ACC_000121,2026-05-07 05:59:07.755011,DEPOSIT,1830.83,ATM,UAE,0
TXN_0005520,ACC_000433,ACC_000286,2026-04-07 23:29:38.755011,DEPOSIT,1334.82,ONLINE,Hong Kong,0
TXN_0005521,ACC_000093,ACC_000456,2026-08-19 22:49:46.755011,TRANSFER,18846.11,BRANCH,UAE,1
TXN_0005522,ACC_000730,ACC_000638,2026-03-27 13:09:24.755011,WITHDRAWAL,25210.67,MOBILE,Singapore,1
TXN_0005523,ACC_000756,ACC_000757,2026-03-22 00:06:54.755011,PAYMENT,20012.32,ONLINE,UK,0
TXN_0005524,ACC_000970,ACC_000963,2026-08-05 13:42:06.755011,WITHDRAWAL,3875.98,MOBILE,India,0
TXN_0005525,ACC_000296,ACC_000178,2026-08-20 03:14:00.755011,PAYMENT,2899.76,MOBILE,Hong Kong,0
TXN_0005526,ACC_000807,ACC_000909,2026-04-05 12:59:07.755011,PAYMENT,3889.51,ATM,Singapore,0
TXN_0005527,ACC_000830,ACC_000484,2026-06-19 07:47:28.755011,WITHDRAWAL,31019.11,BRANCH,Hong Kong,0
TXN_0005528,ACC_000128,ACC_000676,2026-06-23 04:37:28.755011,PAYMENT,8230.91,ONLINE,USA,0
TXN_0005529,ACC_000388,ACC_000281,2026-05-09 17:01:03.755011,DEPOSIT,6534.81,BRANCH,India,0
TXN_0005530,ACC_000531,ACC_000574,2026-05-12 19:18:10.755011,PAYMENT,7101.02,ONLINE,UAE,0
TXN_0005531,ACC_000983,ACC_000039,2026-06-06 11:35:48.755011,WITHDRAWAL,38195.48,ONLINE,Hong Kong,0
TXN_0005532,ACC_000746,ACC_000591,2026-06-10 03:39:54.755011,TRANSFER,3297.74,ONLINE,Singapore,0
TXN_0005533,ACC_000956,ACC_000411,2026-05-04 20:26:26.755011,WITHDRAWAL,39285.47,MOBILE,Singapore,0
TXN_0005534,ACC_000992,ACC_000106,2026-03-23 07:57:44.755011,PAYMENT,10431.61,ONLINE,UAE,0
TXN_0005535,ACC_000311,ACC_000177,2026-08-09 20:30:05.755011,WITHDRAWAL,6684.17,BRANCH,USA,0
TXN_0005536,ACC_000529,ACC_000940,2026-08-12 09:29:56.755011,WITHDRAWAL,2695570.02,ATM,USA,1
TXN_0005537,ACC_000686,ACC_000495,2026-07-25 14:02:52.755011,WITHDRAWAL,2282.97,BRANCH,Singapore,0
TXN_0005538,ACC_000574,ACC_000574,2026-06-06 11:39:15.755011,TRANSFER,5300.61,ATM,UK,0
TXN_0005539,ACC_000954,ACC_000098,2026-05-11 09:12:10.755011,PAYMENT,1846.57,ONLINE,Hong Kong,0
TXN_0005540,ACC_000849,ACC_000032,2026-06-23 05:14:25.755011,PAYMENT,25411.43,ATM,Singapore,0
TXN_0005541,ACC_000062,ACC_000630,2026-06-29 03:58:50.755011,DEPOSIT,61514.41,BRANCH,Singapore,0
TXN_0005542,ACC_000555,ACC_000441,2026-04-05 06:41:53.755011,WITHDRAWAL,60108.55,ATM,UAE,0
TXN_0005543,ACC_000370,ACC_000471,2026-08-15 10:15:17.755011,TRANSFER,477506.0,BRANCH,UK,1
TXN_0005544,ACC_000685,ACC_000543,2026-08-14 17:08:56.755011,PAYMENT,6392.34,ONLINE,Hong Kong,0
TXN_0005545,ACC_000194,ACC_000700,2026-03-10 03:44:23.755011,DEPOSIT,5227.62,ONLINE,Hong Kong,0
TXN_0005546,ACC_000458,ACC_000048,2026-03-11 13:46:29.755011,PAYMENT,1090.72,BRANCH,UAE,0
TXN_0005547,ACC_000647,ACC_000525,2026-06-17 22:29:28.755011,DEPOSIT,93250.83,BRANCH,UAE,0
TXN_0005548,ACC_000511,ACC_000820,2026-03-14 13:35:17.755011,TRANSFER,14225.25,ATM,UK,0
TXN_0005549,ACC_000159,ACC_000689,2026-06-30 18:43:00.755011,DEPOSIT,4490.2,BRANCH,Hong Kong,0
TXN_0005550,ACC_000886,ACC_000420,2026-05-31 22:50:36.755011,PAYMENT,39881.52,BRANCH,UK,0
TXN_0005551,ACC_000818,ACC_000294,2026-06-07 15:41:23.755011,WITHDRAWAL,2521.68,MOBILE,Singapore,0
TXN_0005552,ACC_000438,ACC_000483,2026-04-02 07:59:48.755011,DEPOSIT,13199.66,MOBILE,Hong Kong,0
TXN_0005553,ACC_000613,ACC_000523,2026-08-04 15:27:47.755011,PAYMENT,6586.95,ONLINE,Singapore,0
TXN_0005554,ACC_000592,ACC_000359,2026-04-29 04:07:24.755011,TRANSFER,217560.84,ONLINE,USA,1
TXN_0005555,ACC_000136,ACC_000773,2026-08-02 22:55:07.755011,PAYMENT,7507.91,ONLINE,USA,0
TXN_0005556,ACC_000407,ACC_000627,2026-04-11 07:51:41.755011,PAYMENT,1420.67,ONLINE,USA,0
TXN_0005557,ACC_000399,ACC_000680,2026-07-29 18:36:59.755011,WITHDRAWAL,8872.32,MOBILE,USA,0
TXN_0005558,ACC_000229,ACC_000248,2026-05-18 13:05:19.755011,TRANSFER,550208.71,ONLINE,Singapore,1
TXN_0005559,ACC_000265,ACC_000795,2026-08-13 16:39:03.755011,TRANSFER,7823.91,BRANCH,USA,0
TXN_0005560,ACC_000528,ACC_000352,2026-05-30 11:31:46.755011,PAYMENT,20540.18,ATM,UK,0
TXN_0005561,ACC_000491,ACC_000377,2026-07-30 01:19:37.755011,TRANSFER,2310.84,ATM,UK,0
TXN_0005562,ACC_000494,ACC_000779,2026-04-15 07:39:08.755011,TRANSFER,7851.71,ONLINE,Hong Kong,0
TXN_0005563,ACC_000859,ACC_000901,2026-08-17 16:23:48.755011,PAYMENT,3829.88,BRANCH,Hong Kong,0
TXN_0005564,ACC_000615,ACC_000954,2026-05-25 17:25:01.755011,PAYMENT,19858.29,ATM,USA,0
TXN_0005565,ACC_000223,ACC_000265,2026-04-21 05:31:28.755011,PAYMENT,8415.16,ATM,UAE,0
TXN_0005566,ACC_000410,ACC_000164,2026-07-20 20:03:22.755011,PAYMENT,18547.47,BRANCH,USA,0
TXN_0005567,ACC_000876,ACC_000834,2026-08-16 04:41:08.755011,PAYMENT,29889.2,BRANCH,Hong Kong,0
TXN_0005568,ACC_000769,ACC_000594,2026-05-11 21:42:45.755011,PAYMENT,18581.88,ONLINE,India,0
TXN_0005569,ACC_000735,ACC_000483,2026-04-21 00:18:11.755011,TRANSFER,11245.71,ONLINE,UAE,0
TXN_0005570,ACC_000146,ACC_000671,2026-05-07 02:01:19.755011,PAYMENT,2445.84,MOBILE,India,0
TXN_0005571,ACC_000012,ACC_000274,2026-06-02 00:32:06.755011,PAYMENT,8076.04,ATM,USA,0
TXN_0005572,ACC_000700,ACC_000127,2026-04-14 15:33:40.755011,PAYMENT,4273.94,MOBILE,UK,0
TXN_0005573,ACC_000992,ACC_000085,2026-08-03 05:06:50.755011,PAYMENT,5362.17,MOBILE,Hong Kong,0
TXN_0005574,ACC_000641,ACC_000945,2026-06-21 18:16:42.755011,TRANSFER,5169.64,MOBILE,Singapore,0
TXN_0005575,ACC_000607,ACC_000537,2026-03-27 01:54:54.755011,WITHDRAWAL,2500.11,ONLINE,Singapore,0
TXN_0005576,ACC_000675,ACC_000395,2026-06-26 09:51:16.755011,TRANSFER,773.71,BRANCH,UK,0
TXN_0005577,ACC_000366,ACC_000315,2026-07-22 13:23:10.755011,WITHDRAWAL,3634.51,ATM,India,0
TXN_0005578,ACC_000714,ACC_000553,2026-07-14 17:25:19.755011,PAYMENT,10219.52,BRANCH,UAE,0
TXN_0005579,ACC_000297,ACC_000031,2026-05-30 22:41:39.755011,WITHDRAWAL,1607.1,ATM,Hong Kong,0
TXN_0005580,ACC_000462,ACC_000203,2026-08-14 10:46:49.755011,DEPOSIT,8257.02,MOBILE,UAE,0
TXN_0005581,ACC_000985,ACC_000136,2026-07-26 09:41:40.755011,PAYMENT,79246.78,ONLINE,USA,0
TXN_0005582,ACC_000933,ACC_000622,2026-07-04 14:43:05.755011,DEPOSIT,27657.93,ATM,Hong Kong,0
TXN_0005583,ACC_000382,ACC_000024,2026-07-20 02:30:14.755011,PAYMENT,58235.46,ATM,India,0
TXN_0005584,ACC_000776,ACC_000596,2026-05-19 02:40:07.755011,DEPOSIT,12956.51,MOBILE,UK,0
TXN_0005585,ACC_000702,ACC_000745,2026-07-17 16:28:51.755011,TRANSFER,32892.89,ATM,UK,0
TXN_0005586,ACC_000445,ACC_000898,2026-05-31 02:35:19.755011,DEPOSIT,3399.02,ONLINE,Singapore,0
TXN_0005587,ACC_000305,ACC_000507,2026-04-19 19:03:54.755011,DEPOSIT,3739.82,BRANCH,India,0
TXN_0005588,ACC_000582,ACC_000591,2026-08-15 09:45:29.755011,DEPOSIT,302.79,ATM,USA,0
TXN_0005589,ACC_000742,ACC_000631,2026-05-16 01:14:24.755011,TRANSFER,33636.75,ONLINE,USA,0
TXN_0005590,ACC_000318,ACC_000151,2026-04-12 10:10:47.755011,DEPOSIT,51451.19,BRANCH,USA,0
TXN_0005591,ACC_000361,ACC_000580,2026-05-09 14:53:14.755011,DEPOSIT,4172.15,ATM,Hong Kong,0
TXN_0005592,ACC_000587,ACC_000693,2026-04-16 10:38:51.755011,DEPOSIT,5974.51,ATM,UAE,0
TXN_0005593,ACC_000345,ACC_000939,2026-07-04 21:36:14.755011,WITHDRAWAL,3279.24,ONLINE,USA,0
TXN_0005594,ACC_000329,ACC_000807,2026-05-14 00:16:00.755011,WITHDRAWAL,12825.42,BRANCH,UK,0
TXN_0005595,ACC_000669,ACC_000377,2026-07-14 02:40:15.755011,PAYMENT,31254.51,ONLINE,Singapore,0
TXN_0005596,ACC_000223,ACC_000033,2026-06-10 17:27:19.755011,TRANSFER,1000.92,ATM,Hong Kong,0
TXN_0005597,ACC_000679,ACC_000150,2026-03-10 12:15:37.755011,DEPOSIT,13244.35,ATM,Singapore,0
TXN_0005598,ACC_000700,ACC_000761,2026-04-19 11:06:41.755011,PAYMENT,5813.82,MOBILE,Hong Kong,0
TXN_0005599,ACC_000473,ACC_000210,2026-08-08 18:48:00.755011,PAYMENT,9284.24,ATM,Hong Kong,0
TXN_0005600,ACC_000518,ACC_000463,2026-09-01 17:51:39.755011,WITHDRAWAL,14055.83,ATM,UAE,0
TXN_0005601,ACC_000006,ACC_000817,2026-05-29 04:47:24.755011,TRANSFER,97058.74,ONLINE,India,1
TXN_0005602,ACC_000562,ACC_000532,2026-05-05 04:12:33.755011,DEPOSIT,7155.92,BRANCH,Hong Kong,0
TXN_0005603,ACC_000213,ACC_001000,2026-03-11 21:50:20.755011,PAYMENT,101661.15,BRANCH,UK,1
TXN_0005604,ACC_000459,ACC_000793,2026-08-01 03:46:00.755011,PAYMENT,25961.75,BRANCH,UAE,0
TXN_0005605,ACC_000646,ACC_000962,2026-05-16 23:06:30.755011,WITHDRAWAL,13393.33,ONLINE,Singapore,0
TXN_0005606,ACC_000836,ACC_000632,2026-08-08 19:52:17.755011,TRANSFER,62023.56,ATM,Singapore,1
TXN_0005607,ACC_000300,ACC_000938,2026-05-27 00:21:25.755011,WITHDRAWAL,1763.15,ONLINE,India,0
TXN_0005608,ACC_000503,ACC_000835,2026-07-31 08:03:52.755011,PAYMENT,5144.61,MOBILE,Singapore,0
TXN_0005609,ACC_000856,ACC_000308,2026-06-27 01:08:52.755011,WITHDRAWAL,23822.91,BRANCH,USA,0
TXN_0005610,ACC_000553,ACC_000452,2026-04-21 20:43:20.755011,TRANSFER,8478.05,MOBILE,USA,0
TXN_0005611,ACC_000031,ACC_000676,2026-06-26 15:36:06.755011,WITHDRAWAL,17879.99,BRANCH,Singapore,0
TXN_0005612,ACC_000567,ACC_000196,2026-03-24 12:37:22.755011,DEPOSIT,67495.36,MOBILE,Hong Kong,0
TXN_0005613,ACC_000608,ACC_000542,2026-03-25 01:10:59.755011,PAYMENT,28178.86,BRANCH,UK,0
TXN_0005614,ACC_000364,ACC_000045,2026-04-27 17:31:42.755011,DEPOSIT,9061.5,MOBILE,UAE,0
TXN_0005615,ACC_000405,ACC_000162,2026-03-15 08:11:37.755011,WITHDRAWAL,4388.81,ONLINE,USA,0
TXN_0005616,ACC_000882,ACC_000585,2026-06-14 18:52:24.755011,DEPOSIT,378.32,MOBILE,Singapore,0
TXN_0005617,ACC_000170,ACC_000272,2026-07-09 16:41:00.755011,PAYMENT,6620.58,MOBILE,USA,0
TXN_0005618,ACC_000416,ACC_000610,2026-06-18 01:34:00.755011,WITHDRAWAL,5479.59,ATM,India,0
TXN_0005619,ACC_000703,ACC_000365,2026-03-27 07:01:10.755011,DEPOSIT,12944.67,ONLINE,USA,0
TXN_0005620,ACC_000006,ACC_000534,2026-03-19 19:00:46.755011,TRANSFER,6736.62,ATM,UK,0
TXN_0005621,ACC_000637,ACC_000298,2026-05-27 22:36:18.755011,DEPOSIT,5516.72,BRANCH,India,0
TXN_0005622,ACC_000822,ACC_000061,2026-06-29 12:36:00.755011,PAYMENT,957.88,BRANCH,Singapore,0
TXN_0005623,ACC_000471,ACC_000441,2026-04-30 02:17:57.755011,TRANSFER,2622.91,ONLINE,Singapore,0
TXN_0005624,ACC_000119,ACC_000832,2026-04-10 21:55:34.755011,WITHDRAWAL,14356.83,ONLINE,USA,0
TXN_0005625,ACC_000697,ACC_000415,2026-08-12 22:37:01.755011,WITHDRAWAL,63518.67,MOBILE,UAE,0
TXN_0005626,ACC_000515,ACC_000729,2026-07-23 08:40:50.755011,TRANSFER,7208.16,ONLINE,India,0
TXN_0005627,ACC_000126,ACC_000322,2026-05-05 05:46:00.755011,PAYMENT,12008.54,ATM,USA,0
TXN_0005628,ACC_000557,ACC_000426,2026-08-18 13:30:30.755011,DEPOSIT,25411.92,ONLINE,India,0
TXN_0005629,ACC_000322,ACC_000324,2026-06-15 14:04:42.755011,TRANSFER,3062.32,ONLINE,USA,0
TXN_0005630,ACC_000876,ACC_000494,2026-08-06 23:20:30.755011,PAYMENT,12583.94,ONLINE,India,0
TXN_0005631,ACC_000189,ACC_000877,2026-08-26 04:07:27.755011,WITHDRAWAL,18219.24,MOBILE,Singapore,1
TXN_0005632,ACC_000095,ACC_000934,2026-06-20 16:53:20.755011,WITHDRAWAL,22874.76,ONLINE,Singapore,0
TXN_0005633,ACC_000828,ACC_000093,2026-07-12 11:18:19.755011,WITHDRAWAL,9717.5,ONLINE,USA,0
TXN_0005634,ACC_000804,ACC_000742,2026-07-06 22:00:16.755011,WITHDRAWAL,11592.83,ONLINE,UK,0
TXN_0005635,ACC_000098,ACC_000688,2026-06-27 05:31:16.755011,PAYMENT,3168.08,BRANCH,UAE,0
TXN_0005636,ACC_000444,ACC_000815,2026-06-12 21:01:36.755011,DEPOSIT,18928.78,ONLINE,Singapore,0
TXN_0005637,ACC_000658,ACC_000319,2026-03-09 16:32:15.755011,PAYMENT,98879.33,ATM,Hong Kong,0
TXN_0005638,ACC_000971,ACC_000982,2026-08-16 17:09:55.755011,WITHDRAWAL,2417.54,ONLINE,Singapore,0
TXN_0005639,ACC_000104,ACC_000615,2026-07-21 18:37:28.755011,DEPOSIT,5389.94,ONLINE,USA,0
TXN_0005640,ACC_000144,ACC_000077,2026-04-19 04:22:53.755011,PAYMENT,86803.4,MOBILE,UAE,1
TXN_0005641,ACC_000044,ACC_000577,2026-04-02 15:09:42.755011,WITHDRAWAL,20820.38,ONLINE,Hong Kong,0
TXN_0005642,ACC_000219,ACC_000490,2026-08-15 00:27:48.755011,TRANSFER,4140.39,BRANCH,Singapore,0
TXN_0005643,ACC_000358,ACC_000395,2026-06-23 08:42:29.755011,PAYMENT,270.52,BRANCH,UK,0
TXN_0005644,ACC_000410,ACC_000109,2026-05-21 22:22:42.755011,TRANSFER,41399.64,ATM,Singapore,0
TXN_0005645,ACC_000135,ACC_000739,2026-07-29 06:48:05.755011,TRANSFER,20183.23,ATM,India,0
TXN_0005646,ACC_000380,ACC_000966,2026-06-30 09:35:17.755011,TRANSFER,19963.78,BRANCH,UK,1
TXN_0005647,ACC_000173,ACC_000113,2026-03-25 13:54:46.755011,TRANSFER,3908.53,BRANCH,India,0
TXN_0005648,ACC_000556,ACC_000084,2026-03-19 18:53:41.755011,TRANSFER,53200.28,ATM,Hong Kong,0
TXN_0005649,ACC_000236,ACC_000896,2026-08-05 21:45:09.755011,PAYMENT,46044.14,ATM,India,0
TXN_0005650,ACC_000598,ACC_000896,2026-05-15 19:39:31.755011,DEPOSIT,24993.42,ATM,India,0
TXN_0005651,ACC_000227,ACC_000118,2026-04-05 17:08:29.755011,WITHDRAWAL,6559.47,MOBILE,UAE,0
TXN_0005652,ACC_000705,ACC_000518,2026-07-13 06:05:08.755011,TRANSFER,8951.58,ONLINE,UAE,0
TXN_0005653,ACC_000111,ACC_000585,2026-07-08 10:19:30.755011,DEPOSIT,6924.97,ONLINE,UK,0
TXN_0005654,ACC_000168,ACC_000092,2026-05-13 05:13:22.755011,TRANSFER,31378.8,ATM,India,0
TXN_0005655,ACC_000433,ACC_000007,2026-08-08 08:54:22.755011,TRANSFER,2832.71,BRANCH,UK,0
TXN_0005656,ACC_000912,ACC_000571,2026-07-19 06:14:08.755011,TRANSFER,3081.1,MOBILE,UK,0
TXN_0005657,ACC_000417,ACC_000860,2026-08-11 05:15:25.755011,TRANSFER,27236.94,ONLINE,Hong Kong,0
TXN_0005658,ACC_000105,ACC_000263,2026-08-30 14:11:22.755011,TRANSFER,7683.01,ATM,UK,0
TXN_0005659,ACC_000270,ACC_000288,2026-05-09 16:53:10.755011,WITHDRAWAL,42368.52,ONLINE,Singapore,0
TXN_0005660,ACC_000832,ACC_000871,2026-07-17 12:36:32.755011,WITHDRAWAL,3619.84,ONLINE,Singapore,0
TXN_0005661,ACC_000968,ACC_000468,2026-07-19 21:29:40.755011,WITHDRAWAL,7587.56,MOBILE,Singapore,0
TXN_0005662,ACC_000226,ACC_000701,2026-06-23 17:14:21.755011,WITHDRAWAL,2678.75,ONLINE,Singapore,0
TXN_0005663,ACC_000281,ACC_000081,2026-07-03 14:23:18.755011,WITHDRAWAL,8174.99,ATM,Hong Kong,0
TXN_0005664,ACC_000298,ACC_000636,2026-03-10 14:00:45.755011,WITHDRAWAL,1374.36,BRANCH,Hong Kong,0
TXN_0005665,ACC_000184,ACC_000324,2026-05-30 04:03:48.755011,PAYMENT,4513.55,MOBILE,Singapore,0
TXN_0005666,ACC_000620,ACC_000088,2026-05-22 07:06:52.755011,WITHDRAWAL,1445.91,ATM,India,0
TXN_0005667,ACC_000991,ACC_000293,2026-08-20 19:30:46.755011,DEPOSIT,18633.34,ATM,UAE,0
TXN_0005668,ACC_000301,ACC_000689,2026-05-24 07:12:29.755011,DEPOSIT,131194.88,MOBILE,UAE,1
TXN_0005669,ACC_000990,ACC_000802,2026-04-02 15:04:33.755011,DEPOSIT,1016.06,ATM,UAE,0
TXN_0005670,ACC_000087,ACC_000124,2026-05-21 19:41:49.755011,DEPOSIT,40161.45,BRANCH,USA,0
TXN_0005671,ACC_000409,ACC_000446,2026-06-20 08:20:32.755011,TRANSFER,162250.73,ATM,UK,0
TXN_0005672,ACC_000277,ACC_000828,2026-04-01 05:10:02.755011,DEPOSIT,8563.02,BRANCH,Singapore,0
TXN_0005673,ACC_000406,ACC_000379,2026-03-31 17:20:09.755011,DEPOSIT,3754.32,ATM,Singapore,0
TXN_0005674,ACC_000701,ACC_000303,2026-08-13 23:39:11.755011,TRANSFER,240192.68,ATM,India,0
TXN_0005675,ACC_000958,ACC_000510,2026-08-14 01:14:11.755011,PAYMENT,1664.43,ATM,India,0
TXN_0005676,ACC_000331,ACC_000152,2026-04-05 02:34:27.755011,WITHDRAWAL,8300.97,ATM,USA,0
TXN_0005677,ACC_000848,ACC_000761,2026-05-12 18:55:43.755011,DEPOSIT,10052.2,ONLINE,India,0
TXN_0005678,ACC_000858,ACC_000536,2026-07-30 03:37:32.755011,WITHDRAWAL,40707.89,BRANCH,India,0
TXN_0005679,ACC_000371,ACC_000979,2026-03-28 10:24:39.755011,TRANSFER,12477.56,MOBILE,USA,0
TXN_0005680,ACC_000930,ACC_000750,2026-05-16 08:43:23.755011,PAYMENT,4454.36,MOBILE,USA,0
TXN_0005681,ACC_000737,ACC_000122,2026-04-13 01:10:58.755011,WITHDRAWAL,2587.84,MOBILE,Singapore,0
TXN_0005682,ACC_000984,ACC_000850,2026-07-04 10:06:22.755011,PAYMENT,5376.61,MOBILE,Hong Kong,0
TXN_0005683,ACC_000130,ACC_000744,2026-04-05 11:27:14.755011,TRANSFER,2420.4,ONLINE,UAE,0
TXN_0005684,ACC_000944,ACC_000900,2026-04-04 23:37:16.755011,WITHDRAWAL,8581.73,MOBILE,Hong Kong,0
TXN_0005685,ACC_000812,ACC_000834,2026-03-28 15:04:56.755011,WITHDRAWAL,4117.35,ONLINE,UK,0
TXN_0005686,ACC_000926,ACC_000552,2026-08-11 06:03:40.755011,DEPOSIT,1349.05,ATM,UK,0
TXN_0005687,ACC_000879,ACC_000202,2026-08-09 21:02:02.755011,DEPOSIT,36540.44,BRANCH,UAE,0
TXN_0005688,ACC_000706,ACC_000895,2026-04-05 19:24:39.755011,WITHDRAWAL,4459.5,ONLINE,USA,0
TXN_0005689,ACC_000438,ACC_000953,2026-03-29 17:53:59.755011,PAYMENT,1769.12,ATM,India,0
TXN_0005690,ACC_000963,ACC_000580,2026-07-06 09:07:32.755011,TRANSFER,6621.58,ONLINE,Hong Kong,0
TXN_0005691,ACC_000824,ACC_000698,2026-03-15 17:47:02.755011,DEPOSIT,8795.94,ATM,UK,0
TXN_0005692,ACC_000353,ACC_000475,2026-05-25 18:22:25.755011,DEPOSIT,996.49,ATM,Hong Kong,0
TXN_0005693,ACC_000485,ACC_000463,2026-06-13 07:35:54.755011,WITHDRAWAL,12063.95,MOBILE,USA,0
TXN_0005694,ACC_000720,ACC_000308,2026-08-03 10:42:40.755011,PAYMENT,2306.33,ATM,Hong Kong,0
TXN_0005695,ACC_000844,ACC_000642,2026-06-11 09:15:15.755011,PAYMENT,63147.88,MOBILE,UK,0
TXN_0005696,ACC_000132,ACC_000655,2026-04-12 12:25:15.755011,WITHDRAWAL,15195.47,ATM,UK,0
TXN_0005697,ACC_000478,ACC_000994,2026-08-29 00:54:18.755011,PAYMENT,5014.66,ONLINE,UK,0
TXN_0005698,ACC_000258,ACC_000345,2026-04-24 21:58:37.755011,WITHDRAWAL,3313.63,ATM,UAE,0
TXN_0005699,ACC_000524,ACC_000986,2026-04-12 17:07:15.755011,DEPOSIT,7144.08,ATM,India,0
TXN_0005700,ACC_000446,ACC_000389,2026-06-01 04:04:32.755011,DEPOSIT,185117.81,ONLINE,UAE,1
TXN_0005701,ACC_000994,ACC_000508,2026-06-21 11:33:09.755011,WITHDRAWAL,7858.94,MOBILE,Hong Kong,0
TXN_0005702,ACC_000458,ACC_000081,2026-06-12 15:50:33.755011,PAYMENT,6244.21,ONLINE,Hong Kong,0
TXN_0005703,ACC_000074,ACC_000701,2026-04-16 18:36:42.755011,PAYMENT,8691.01,BRANCH,UAE,0
TXN_0005704,ACC_000106,ACC_000381,2026-04-13 06:36:33.755011,PAYMENT,3925.97,BRANCH,USA,0
TXN_0005705,ACC_000036,ACC_000493,2026-07-12 14:52:00.755011,WITHDRAWAL,5367.69,ONLINE,UK,0
TXN_0005706,ACC_000226,ACC_000004,2026-04-27 14:17:23.755011,TRANSFER,663.18,ONLINE,Singapore,0
TXN_0005707,ACC_000294,ACC_000365,2026-09-02 11:48:33.755011,PAYMENT,26068.2,BRANCH,UK,0
TXN_0005708,ACC_000320,ACC_000278,2026-06-05 01:11:22.755011,PAYMENT,11597.64,ATM,India,0
TXN_0005709,ACC_000871,ACC_000491,2026-07-04 08:45:29.755011,TRANSFER,3203.03,ONLINE,Hong Kong,0
TXN_0005710,ACC_000233,ACC_000839,2026-04-20 11:58:16.755011,PAYMENT,79101.09,MOBILE,UAE,0
TXN_0005711,ACC_000638,ACC_000443,2026-04-08 10:18:45.755011,DEPOSIT,8994.96,ONLINE,India,0
TXN_0005712,ACC_000765,ACC_000211,2026-03-16 08:06:26.755011,WITHDRAWAL,2337.01,ATM,UK,0
TXN_0005713,ACC_000509,ACC_000374,2026-07-01 21:39:55.755011,WITHDRAWAL,22653.85,BRANCH,Hong Kong,0
TXN_0005714,ACC_000537,ACC_000519,2026-06-18 12:15:16.755011,TRANSFER,13064.55,BRANCH,UAE,0
TXN_0005715,ACC_000953,ACC_000829,2026-07-23 10:31:01.755011,PAYMENT,13010.29,ONLINE,UK,0
TXN_0005716,ACC_000512,ACC_000622,2026-04-06 06:12:15.755011,WITHDRAWAL,4861.46,ATM,Singapore,0
TXN_0005717,ACC_000225,ACC_000528,2026-09-01 18:44:05.755011,PAYMENT,13913.22,BRANCH,UK,0
TXN_0005718,ACC_000976,ACC_000942,2026-03-16 04:58:34.755011,PAYMENT,5918.81,ATM,India,0
TXN_0005719,ACC_000235,ACC_000892,2026-04-12 14:55:30.755011,WITHDRAWAL,15789.96,MOBILE,UAE,0
TXN_0005720,ACC_000450,ACC_000015,2026-08-25 07:23:42.755011,WITHDRAWAL,823.91,BRANCH,USA,0
TXN_0005721,ACC_000750,ACC_000965,2026-05-07 02:02:04.755011,PAYMENT,4814.33,BRANCH,UAE,0
TXN_0005722,ACC_000483,ACC_000741,2026-06-04 18:03:47.755011,DEPOSIT,63996.66,MOBILE,India,0
TXN_0005723,ACC_000413,ACC_000395,2026-04-19 09:51:57.755011,DEPOSIT,3227.68,MOBILE,Singapore,0
TXN_0005724,ACC_000991,ACC_000461,2026-07-15 23:49:07.755011,DEPOSIT,3926.07,ATM,USA,0
TXN_0005725,ACC_000873,ACC_000159,2026-06-22 04:31:37.755011,TRANSFER,4733.62,ATM,Hong Kong,0
TXN_0005726,ACC_000124,ACC_000595,2026-04-01 03:13:49.755011,PAYMENT,1886.04,BRANCH,UAE,0
TXN_0005727,ACC_000810,ACC_000268,2026-06-23 08:21:42.755011,DEPOSIT,572.53,ATM,Singapore,0
TXN_0005728,ACC_000221,ACC_000614,2026-08-07 22:49:42.755011,PAYMENT,6144.4,ATM,India,0
TXN_0005729,ACC_000798,ACC_000369,2026-07-25 15:29:42.755011,DEPOSIT,9537.93,ATM,Hong Kong,0
TXN_0005730,ACC_000412,ACC_000411,2026-08-29 06:01:13.755011,DEPOSIT,7608.29,ONLINE,UK,0
TXN_0005731,ACC_000097,ACC_000187,2026-04-21 10:29:14.755011,PAYMENT,6809.99,MOBILE,Hong Kong,0
TXN_0005732,ACC_000349,ACC_000534,2026-04-16 09:10:58.755011,WITHDRAWAL,8532.6,ONLINE,India,0
TXN_0005733,ACC_000881,ACC_000818,2026-07-13 04:46:24.755011,DEPOSIT,266534.45,MOBILE,India,1
TXN_0005734,ACC_000186,ACC_000122,2026-04-27 05:14:59.755011,TRANSFER,6447.61,BRANCH,Hong Kong,0
TXN_0005735,ACC_000699,ACC_000091,2026-06-23 16:26:22.755011,DEPOSIT,4068.79,ONLINE,UK,0
TXN_0005736,ACC_000961,ACC_000231,2026-07-26 09:44:31.755011,DEPOSIT,5782.84,MOBILE,Hong Kong,0
TXN_0005737,ACC_000086,ACC_000706,2026-03-25 21:06:48.755011,DEPOSIT,16239.73,MOBILE,UAE,0
TXN_0005738,ACC_000756,ACC_000840,2026-05-16 15:28:35.755011,WITHDRAWAL,44109.58,MOBILE,USA,0
TXN_0005739,ACC_000512,ACC_000588,2026-04-24 09:00:08.755011,PAYMENT,3813.21,ONLINE,USA,0
TXN_0005740,ACC_000199,ACC_000932,2026-05-26 02:21:29.755011,DEPOSIT,9124.52,MOBILE,UAE,0
TXN_0005741,ACC_000410,ACC_000473,2026-06-10 09:21:01.755011,DEPOSIT,12161.48,BRANCH,Singapore,0
TXN_0005742,ACC_000215,ACC_000370,2026-06-25 17:57:33.755011,DEPOSIT,2462.44,ONLINE,USA,0
TXN_0005743,ACC_000092,ACC_000498,2026-05-06 09:15:54.755011,WITHDRAWAL,8304.07,ONLINE,UAE,0
TXN_0005744,ACC_000834,ACC_000569,2026-08-04 20:11:47.755011,TRANSFER,1395.76,MOBILE,USA,0
TXN_0005745,ACC_000876,ACC_000134,2026-06-10 21:07:48.755011,PAYMENT,969.85,ATM,UAE,0
TXN_0005746,ACC_000831,ACC_000502,2026-07-17 10:08:59.755011,DEPOSIT,12582.92,ONLINE,UK,0
TXN_0005747,ACC_000097,ACC_000077,2026-03-13 21:37:08.755011,TRANSFER,5112.02,ATM,UAE,0
TXN_0005748,ACC_000539,ACC_000991,2026-05-06 06:14:06.755011,TRANSFER,10329.27,MOBILE,UK,0
TXN_0005749,ACC_000423,ACC_000996,2026-04-15 01:36:44.755011,WITHDRAWAL,7930.93,BRANCH,UAE,0
TXN_0005750,ACC_000268,ACC_000600,2026-03-21 22:41:13.755011,TRANSFER,2510.71,ONLINE,India,0
TXN_0005751,ACC_000974,ACC_000404,2026-06-17 07:47:11.755011,TRANSFER,7674.78,BRANCH,UK,0
TXN_0005752,ACC_000621,ACC_000019,2026-07-22 04:08:11.755011,WITHDRAWAL,1845.08,ONLINE,UK,0
TXN_0005753,ACC_000678,ACC_000945,2026-06-08 21:40:55.755011,TRANSFER,359666.79,BRANCH,Singapore,1
TXN_0005754,ACC_000391,ACC_000473,2026-06-26 14:11:03.755011,PAYMENT,1592.14,BRANCH,Singapore,0
TXN_0005755,ACC_000599,ACC_000692,2026-03-14 13:30:59.755011,DEPOSIT,6406.43,ONLINE,India,0
TXN_0005756,ACC_000199,ACC_000470,2026-08-02 08:45:25.755011,PAYMENT,2319.89,BRANCH,UK,0
TXN_0005757,ACC_000059,ACC_000373,2026-04-10 03:25:57.755011,DEPOSIT,16066.72,BRANCH,USA,0
TXN_0005758,ACC_000372,ACC_000636,2026-08-31 09:27:33.755011,DEPOSIT,5444.07,ONLINE,Hong Kong,0
TXN_0005759,ACC_000373,ACC_000371,2026-07-10 19:49:33.755011,DEPOSIT,4348.56,ATM,USA,0
TXN_0005760,ACC_000479,ACC_000008,2026-06-10 09:29:49.755011,TRANSFER,22557.93,ONLINE,Hong Kong,0
TXN_0005761,ACC_000634,ACC_000099,2026-07-17 02:00:14.755011,DEPOSIT,8394.37,BRANCH,USA,0
TXN_0005762,ACC_000748,ACC_000857,2026-04-11 23:24:31.755011,DEPOSIT,15062.65,ONLINE,UAE,0
TXN_0005763,ACC_000417,ACC_000521,2026-05-12 13:09:10.755011,DEPOSIT,2495.91,ONLINE,India,0
TXN_0005764,ACC_000352,ACC_000690,2026-06-17 03:55:23.755011,DEPOSIT,1501.5,ATM,UK,0
TXN_0005765,ACC_000883,ACC_000850,2026-06-08 10:41:31.755011,WITHDRAWAL,9215.57,ATM,Hong Kong,0
TXN_0005766,ACC_000421,ACC_000281,2026-08-20 13:30:58.755011,WITHDRAWAL,5526.91,BRANCH,India,0
TXN_0005767,ACC_000154,ACC_000502,2026-04-15 10:43:22.755011,DEPOSIT,17183.79,BRANCH,Hong Kong,0
TXN_0005768,ACC_000784,ACC_000896,2026-08-10 04:19:22.755011,WITHDRAWAL,7362.17,BRANCH,UK,0
TXN_0005769,ACC_000456,ACC_000672,2026-06-16 02:16:39.755011,DEPOSIT,10363.97,BRANCH,UAE,0
TXN_0005770,ACC_000649,ACC_000272,2026-06-28 17:46:53.755011,DEPOSIT,1155.1,ONLINE,UK,0
TXN_0005771,ACC_000829,ACC_000756,2026-07-07 11:26:55.755011,PAYMENT,78129.6,MOBILE,Singapore,0
TXN_0005772,ACC_000328,ACC_000664,2026-08-22 03:27:14.755011,TRANSFER,6653.58,ATM,UK,0
TXN_0005773,ACC_000248,ACC_000454,2026-05-17 05:59:39.755011,DEPOSIT,18715.44,ATM,UAE,0
TXN_0005774,ACC_000743,ACC_000280,2026-06-24 00:57:29.755011,DEPOSIT,2971.11,MOBILE,USA,0
TXN_0005775,ACC_000341,ACC_000899,2026-04-26 16:42:48.755011,TRANSFER,11726.56,ATM,Singapore,0
TXN_0005776,ACC_000287,ACC_000568,2026-05-14 07:24:11.755011,TRANSFER,1696.95,BRANCH,UAE,0
TXN_0005777,ACC_000545,ACC_000222,2026-04-21 00:58:32.755011,PAYMENT,13939.49,MOBILE,Singapore,0
TXN_0005778,ACC_000739,ACC_000622,2026-04-12 16:23:00.755011,TRANSFER,5286.07,ATM,Singapore,0
TXN_0005779,ACC_001000,ACC_000759,2026-05-05 06:54:46.755011,TRANSFER,8391.95,MOBILE,India,0
TXN_0005780,ACC_000215,ACC_000057,2026-06-04 12:18:50.755011,WITHDRAWAL,18724.14,ONLINE,UK,0
TXN_0005781,ACC_000396,ACC_000224,2026-08-25 07:46:32.755011,PAYMENT,1846.32,MOBILE,India,0
TXN_0005782,ACC_000822,ACC_000756,2026-03-16 08:57:11.755011,PAYMENT,3563.9,BRANCH,UK,0
TXN_0005783,ACC_000546,ACC_000463,2026-08-23 06:33:12.755011,DEPOSIT,14027.7,ATM,USA,0
TXN_0005784,ACC_000405,ACC_000479,2026-09-02 23:41:32.755011,WITHDRAWAL,100495.25,BRANCH,UK,0
TXN_0005785,ACC_000977,ACC_000923,2026-08-07 14:37:10.755011,DEPOSIT,6865.75,BRANCH,Hong Kong,0
TXN_0005786,ACC_000872,ACC_000878,2026-04-18 20:57:32.755011,PAYMENT,16471.11,BRANCH,USA,0
TXN_0005787,ACC_000635,ACC_000486,2026-06-26 05:14:18.755011,WITHDRAWAL,7126.92,ONLINE,UK,0
TXN_0005788,ACC_000055,ACC_000726,2026-08-06 10:05:03.755011,WITHDRAWAL,83340.9,ONLINE,India,0
TXN_0005789,ACC_000184,ACC_000644,2026-03-11 13:39:01.755011,DEPOSIT,995.59,BRANCH,India,0
TXN_0005790,ACC_000113,ACC_000699,2026-06-19 00:32:35.755011,WITHDRAWAL,9077.42,ONLINE,Singapore,0
TXN_0005791,ACC_000269,ACC_000607,2026-06-15 23:58:27.755011,DEPOSIT,1152.11,BRANCH,UAE,0
TXN_0005792,ACC_000531,ACC_000202,2026-04-15 17:20:26.755011,PAYMENT,400.26,ONLINE,Singapore,0
TXN_0005793,ACC_000221,ACC_000911,2026-04-25 07:41:06.755011,WITHDRAWAL,11579.07,BRANCH,Hong Kong,0
TXN_0005794,ACC_000970,ACC_000485,2026-07-22 12:25:34.755011,PAYMENT,9579.66,MOBILE,India,0
TXN_0005795,ACC_000353,ACC_000685,2026-08-31 09:59:13.755011,PAYMENT,5757.14,BRANCH,India,0
TXN_0005796,ACC_000030,ACC_000744,2026-06-06 05:03:52.755011,DEPOSIT,7133.57,BRANCH,UK,0
TXN_0005797,ACC_000062,ACC_000493,2026-06-06 19:31:34.755011,TRANSFER,333687.2,ONLINE,USA,0
TXN_0005798,ACC_000905,ACC_000737,2026-04-22 21:38:13.755011,DEPOSIT,5944.31,ONLINE,USA,0
TXN_0005799,ACC_000193,ACC_000504,2026-04-01 04:42:26.755011,DEPOSIT,14945.26,MOBILE,UK,0
TXN_0005800,ACC_000534,ACC_000989,2026-06-29 16:32:04.755011,WITHDRAWAL,3717.33,ONLINE,Hong Kong,0
TXN_0005801,ACC_000932,ACC_000936,2026-04-16 16:15:17.755011,PAYMENT,11548.13,BRANCH,Singapore,0
TXN_0005802,ACC_000010,ACC_000343,2026-06-02 01:06:36.755011,TRANSFER,6088.27,BRANCH,UAE,0
TXN_0005803,ACC_000644,ACC_000822,2026-03-16 04:12:07.755011,DEPOSIT,4951.16,MOBILE,India,0
TXN_0005804,ACC_000438,ACC_000274,2026-08-13 10:22:13.755011,TRANSFER,71874.6,BRANCH,India,0
TXN_0005805,ACC_000551,ACC_000698,2026-06-17 22:24:01.755011,WITHDRAWAL,268704.34,BRANCH,UAE,1
TXN_0005806,ACC_000993,ACC_000201,2026-06-14 22:32:17.755011,TRANSFER,9548.09,ATM,UK,0
TXN_0005807,ACC_000360,ACC_000474,2026-08-03 17:49:13.755011,PAYMENT,510.27,BRANCH,UK,0
TXN_0005808,ACC_000695,ACC_000008,2026-07-19 11:11:27.755011,WITHDRAWAL,5254.23,MOBILE,UAE,0
TXN_0005809,ACC_000527,ACC_000060,2026-04-12 07:52:10.755011,TRANSFER,207654.95,ATM,India,0
TXN_0005810,ACC_000890,ACC_000839,2026-06-23 01:17:49.755011,PAYMENT,6143.84,BRANCH,UK,0
TXN_0005811,ACC_000439,ACC_000505,2026-03-23 12:32:06.755011,WITHDRAWAL,30450.6,MOBILE,UK,0
TXN_0005812,ACC_000576,ACC_000675,2026-08-27 01:00:08.755011,WITHDRAWAL,257171.08,ATM,India,1
TXN_0005813,ACC_000996,ACC_000641,2026-04-12 14:48:07.755011,TRANSFER,10538.14,BRANCH,Hong Kong,0
TXN_0005814,ACC_000006,ACC_000866,2026-05-31 01:39:56.755011,WITHDRAWAL,2950.75,ATM,Singapore,0
TXN_0005815,ACC_000056,ACC_000128,2026-08-06 03:55:29.755011,WITHDRAWAL,435.99,ATM,USA,0
TXN_0005816,ACC_000039,ACC_000921,2026-07-11 11:31:42.755011,PAYMENT,18416.38,BRANCH,Singapore,0
TXN_0005817,ACC_000983,ACC_000615,2026-03-11 14:30:03.755011,PAYMENT,3048.16,ATM,UK,0
TXN_0005818,ACC_000362,ACC_000272,2026-05-24 01:07:58.755011,TRANSFER,10010.41,ATM,India,0
TXN_0005819,ACC_000608,ACC_000121,2026-07-10 06:08:16.755011,WITHDRAWAL,1808.43,MOBILE,India,0
TXN_0005820,ACC_000475,ACC_000214,2026-07-18 00:19:10.755011,PAYMENT,5894.15,ONLINE,India,0
TXN_0005821,ACC_000624,ACC_000366,2026-07-07 09:34:36.755011,PAYMENT,8437.68,ONLINE,UAE,0
TXN_0005822,ACC_000300,ACC_000132,2026-05-09 20:01:49.755011,PAYMENT,56658.75,ONLINE,Hong Kong,1
TXN_0005823,ACC_000717,ACC_000040,2026-04-03 15:41:10.755011,DEPOSIT,2126.46,ATM,India,0
TXN_0005824,ACC_000128,ACC_000801,2026-08-24 06:29:37.755011,TRANSFER,34074.11,ATM,India,0
TXN_0005825,ACC_000305,ACC_000544,2026-05-13 18:19:09.755011,WITHDRAWAL,3958.92,BRANCH,USA,0
TXN_0005826,ACC_000455,ACC_000775,2026-05-16 03:45:36.755011,DEPOSIT,1086.41,BRANCH,USA,0
TXN_0005827,ACC_000964,ACC_000767,2026-06-17 11:47:52.755011,PAYMENT,7109.39,MOBILE,Hong Kong,0
TXN_0005828,ACC_000336,ACC_000243,2026-07-17 11:41:54.755011,TRANSFER,8444.33,MOBILE,India,0
TXN_0005829,ACC_000149,ACC_000881,2026-06-09 20:06:26.755011,PAYMENT,9825.22,ATM,Singapore,0
TXN_0005830,ACC_000135,ACC_000601,2026-08-19 21:28:31.755011,WITHDRAWAL,41546.1,ONLINE,UAE,0
TXN_0005831,ACC_000372,ACC_000374,2026-08-23 13:25:12.755011,DEPOSIT,6101.33,BRANCH,UAE,0
TXN_0005832,ACC_000742,ACC_000082,2026-07-13 21:21:43.755011,WITHDRAWAL,7019.56,MOBILE,UAE,0
TXN_0005833,ACC_000960,ACC_000526,2026-03-17 21:03:41.755011,TRANSFER,2156.36,BRANCH,Hong Kong,0
TXN_0005834,ACC_000636,ACC_000337,2026-08-15 17:49:28.755011,WITHDRAWAL,21691.25,MOBILE,Hong Kong,0
TXN_0005835,ACC_000106,ACC_000692,2026-05-21 17:48:53.755011,WITHDRAWAL,10108.89,ONLINE,Hong Kong,0
TXN_0005836,ACC_000568,ACC_000289,2026-06-14 23:30:34.755011,TRANSFER,4894.99,MOBILE,Hong Kong,0
TXN_0005837,ACC_000140,ACC_000671,2026-06-26 13:18:41.755011,WITHDRAWAL,824.18,MOBILE,Singapore,0
TXN_0005838,ACC_000244,ACC_000940,2026-03-15 10:29:50.755011,WITHDRAWAL,45857.53,ONLINE,Singapore,0
TXN_0005839,ACC_000610,ACC_000953,2026-05-26 15:41:14.755011,WITHDRAWAL,1857.12,MOBILE,UK,0
TXN_0005840,ACC_000793,ACC_000957,2026-08-09 19:00:18.755011,PAYMENT,3985.69,MOBILE,UK,0
TXN_0005841,ACC_000880,ACC_000064,2026-03-22 13:40:49.755011,PAYMENT,12456.69,ATM,Singapore,0
TXN_0005842,ACC_000308,ACC_000458,2026-05-10 11:46:13.755011,DEPOSIT,1927.79,BRANCH,Singapore,0
TXN_0005843,ACC_000895,ACC_000185,2026-06-27 00:06:06.755011,WITHDRAWAL,1349.9,MOBILE,Hong Kong,0
TXN_0005844,ACC_000527,ACC_000459,2026-04-18 13:34:13.755011,PAYMENT,633.5,MOBILE,Hong Kong,0
TXN_0005845,ACC_000255,ACC_000495,2026-08-12 00:35:06.755011,DEPOSIT,19248.65,ONLINE,India,0
TXN_0005846,ACC_000292,ACC_000896,2026-07-23 11:10:12.755011,WITHDRAWAL,4212.35,MOBILE,UAE,0
TXN_0005847,ACC_000583,ACC_000705,2026-06-21 18:15:01.755011,DEPOSIT,4751120.85,BRANCH,UK,1
TXN_0005848,ACC_000915,ACC_000109,2026-08-18 15:11:00.755011,DEPOSIT,2457.19,BRANCH,USA,0
TXN_0005849,ACC_000350,ACC_000808,2026-06-24 21:50:39.755011,DEPOSIT,2681.84,BRANCH,India,0
TXN_0005850,ACC_000601,ACC_000227,2026-05-17 03:31:08.755011,WITHDRAWAL,4111.44,ONLINE,USA,0
TXN_0005851,ACC_000458,ACC_000270,2026-05-30 03:21:06.755011,TRANSFER,10848.28,BRANCH,UK,0
TXN_0005852,ACC_000934,ACC_000795,2026-04-06 12:48:49.755011,PAYMENT,4608.95,BRANCH,USA,0
TXN_0005853,ACC_000370,ACC_000203,2026-05-23 14:38:53.755011,TRANSFER,16895.43,MOBILE,UK,0
TXN_0005854,ACC_000643,ACC_000207,2026-07-20 02:42:49.755011,WITHDRAWAL,2504.12,ONLINE,Singapore,0
TXN_0005855,ACC_000839,ACC_000051,2026-07-09 03:35:06.755011,TRANSFER,1543.94,MOBILE,UK,0
TXN_0005856,ACC_000810,ACC_000297,2026-05-11 18:46:59.755011,WITHDRAWAL,12488.34,MOBILE,UAE,1
TXN_0005857,ACC_000946,ACC_000446,2026-08-26 20:12:52.755011,PAYMENT,9815.57,ONLINE,Singapore,1
TXN_0005858,ACC_000382,ACC_000814,2026-07-14 07:30:53.755011,DEPOSIT,35772.31,BRANCH,Singapore,1
TXN_0005859,ACC_000841,ACC_000802,2026-06-24 07:10:05.755011,WITHDRAWAL,5646.68,ONLINE,UK,0
TXN_0005860,ACC_000031,ACC_000515,2026-07-29 21:32:08.755011,DEPOSIT,52065.08,ONLINE,UK,1
TXN_0005861,ACC_000091,ACC_000380,2026-06-07 10:27:29.755011,WITHDRAWAL,36029.27,BRANCH,UAE,0
TXN_0005862,ACC_000096,ACC_000641,2026-04-07 06:34:26.755011,DEPOSIT,35370.6,ATM,USA,0
TXN_0005863,ACC_000909,ACC_000048,2026-05-20 23:20:10.755011,PAYMENT,5422.09,ONLINE,Hong Kong,0
TXN_0005864,ACC_000537,ACC_000590,2026-03-14 11:04:57.755011,WITHDRAWAL,941.33,ONLINE,India,0
TXN_0005865,ACC_000810,ACC_000781,2026-05-18 15:49:53.755011,PAYMENT,4104.97,ONLINE,India,0
TXN_0005866,ACC_000210,ACC_000178,2026-08-17 19:27:25.755011,TRANSFER,3945.04,ATM,Singapore,0
TXN_0005867,ACC_000626,ACC_000726,2026-03-13 20:46:56.755011,PAYMENT,3682.83,ATM,Hong Kong,0
TXN_0005868,ACC_000444,ACC_000249,2026-06-26 06:34:43.755011,DEPOSIT,3507.78,ONLINE,USA,0
TXN_0005869,ACC_000686,ACC_000911,2026-07-14 17:25:47.755011,PAYMENT,3699.1,BRANCH,UAE,0
TXN_0005870,ACC_000975,ACC_000065,2026-07-12 15:04:10.755011,PAYMENT,5095.69,MOBILE,UK,0
TXN_0005871,ACC_000771,ACC_000775,2026-06-02 19:17:14.755011,DEPOSIT,48362.6,BRANCH,Singapore,1
TXN_0005872,ACC_000904,ACC_000280,2026-07-30 15:46:19.755011,PAYMENT,10404.43,ONLINE,UAE,0
TXN_0005873,ACC_000717,ACC_000095,2026-06-14 23:31:55.755011,PAYMENT,12486.99,MOBILE,USA,0
TXN_0005874,ACC_000446,ACC_000300,2026-05-25 01:23:57.755011,DEPOSIT,2716.84,MOBILE,USA,0
TXN_0005875,ACC_000315,ACC_000282,2026-05-26 15:56:39.755011,TRANSFER,37245.2,MOBILE,Singapore,0
TXN_0005876,ACC_000785,ACC_000701,2026-04-14 03:46:38.755011,PAYMENT,2499.7,BRANCH,UAE,0
TXN_0005877,ACC_000246,ACC_000453,2026-05-25 09:21:24.755011,WITHDRAWAL,1162.86,ONLINE,Hong Kong,0
TXN_0005878,ACC_000455,ACC_000845,2026-06-07 13:49:25.755011,WITHDRAWAL,12796.59,MOBILE,UAE,0
TXN_0005879,ACC_000398,ACC_000540,2026-05-06 20:55:25.755011,DEPOSIT,3038.47,ONLINE,UK,0
TXN_0005880,ACC_000394,ACC_000836,2026-04-26 09:56:07.755011,PAYMENT,11914.96,MOBILE,USA,0
TXN_0005881,ACC_000339,ACC_000828,2026-05-09 23:11:33.755011,DEPOSIT,452.87,BRANCH,UK,0
TXN_0005882,ACC_000630,ACC_000286,2026-04-14 12:26:41.755011,TRANSFER,43085.73,ATM,Hong Kong,0
TXN_0005883,ACC_000598,ACC_000778,2026-08-08 15:03:20.755011,TRANSFER,18155.92,BRANCH,UK,0
TXN_0005884,ACC_000398,ACC_000400,2026-06-29 20:43:47.755011,DEPOSIT,1338.67,ONLINE,India,0
TXN_0005885,ACC_000187,ACC_000860,2026-06-19 21:18:10.755011,PAYMENT,1373.98,ATM,USA,0
TXN_0005886,ACC_000646,ACC_000999,2026-07-11 15:58:08.755011,PAYMENT,60277.8,MOBILE,Singapore,0
TXN_0005887,ACC_000191,ACC_000925,2026-04-03 03:17:13.755011,TRANSFER,3344.74,ATM,Singapore,0
TXN_0005888,ACC_000724,ACC_000572,2026-06-09 19:52:42.755011,WITHDRAWAL,2977.91,ONLINE,Singapore,0
TXN_0005889,ACC_000209,ACC_000528,2026-03-19 22:51:13.755011,DEPOSIT,534.18,BRANCH,UK,0
TXN_0005890,ACC_000987,ACC_000335,2026-06-16 14:19:12.755011,DEPOSIT,5319.14,ATM,India,0
TXN_0005891,ACC_000338,ACC_000336,2026-08-07 07:49:12.755011,DEPOSIT,6165.57,MOBILE,Hong Kong,0
TXN_0005892,ACC_000409,ACC_000668,2026-07-14 02:59:47.755011,WITHDRAWAL,19121.94,BRANCH,UAE,0
TXN_0005893,ACC_000003,ACC_000056,2026-07-16 22:08:50.755011,WITHDRAWAL,1511.88,MOBILE,India,0
TXN_0005894,ACC_000939,ACC_000406,2026-04-02 01:09:36.755011,DEPOSIT,1307.22,BRANCH,UK,0
TXN_0005895,ACC_000271,ACC_000220,2026-07-02 07:00:17.755011,DEPOSIT,13921.02,ATM,USA,0
TXN_0005896,ACC_000421,ACC_000110,2026-05-17 20:26:32.755011,WITHDRAWAL,27121.34,BRANCH,UK,0
TXN_0005897,ACC_000819,ACC_000260,2026-04-25 06:17:00.755011,PAYMENT,1229.81,ONLINE,India,0
TXN_0005898,ACC_000702,ACC_000523,2026-03-24 12:10:38.755011,DEPOSIT,29667.78,BRANCH,UK,0
TXN_0005899,ACC_000887,ACC_000378,2026-03-26 19:58:12.755011,PAYMENT,8476.48,ONLINE,USA,0
TXN_0005900,ACC_000589,ACC_000095,2026-07-08 02:25:54.755011,WITHDRAWAL,30036.43,ONLINE,UK,0
TXN_0005901,ACC_000104,ACC_000242,2026-07-07 06:45:10.755011,PAYMENT,7448.26,MOBILE,UAE,0
TXN_0005902,ACC_000090,ACC_000641,2026-06-20 23:37:37.755011,WITHDRAWAL,392.79,ATM,USA,0
TXN_0005903,ACC_000577,ACC_000513,2026-07-23 05:56:22.755011,DEPOSIT,6752.3,BRANCH,Singapore,0
TXN_0005904,ACC_000191,ACC_000875,2026-04-16 05:35:06.755011,DEPOSIT,28916.64,ONLINE,UK,0
TXN_0005905,ACC_000562,ACC_000099,2026-04-16 03:55:21.755011,TRANSFER,2772.5,BRANCH,India,0
TXN_0005906,ACC_000820,ACC_000518,2026-07-29 22:18:46.755011,TRANSFER,5086.99,BRANCH,India,0
TXN_0005907,ACC_000130,ACC_000618,2026-04-05 19:16:31.755011,TRANSFER,6559.3,MOBILE,UK,0
TXN_0005908,ACC_000671,ACC_000798,2026-08-17 07:13:03.755011,WITHDRAWAL,249.78,BRANCH,UK,0
TXN_0005909,ACC_000342,ACC_000868,2026-03-11 12:37:52.755011,PAYMENT,60211.41,BRANCH,India,0
TXN_0005910,ACC_000632,ACC_000636,2026-05-14 16:29:19.755011,DEPOSIT,2747.23,ONLINE,India,0
TXN_0005911,ACC_000325,ACC_000926,2026-04-18 07:42:56.755011,PAYMENT,14866.75,ONLINE,UK,0
TXN_0005912,ACC_000643,ACC_000496,2026-03-08 16:10:06.755011,DEPOSIT,7302.4,MOBILE,India,0
TXN_0005913,ACC_000079,ACC_000012,2026-05-29 14:12:50.755011,PAYMENT,36649.05,ATM,India,0
TXN_0005914,ACC_000467,ACC_000295,2026-06-29 13:51:05.755011,WITHDRAWAL,13190.7,ATM,Singapore,0
TXN_0005915,ACC_000245,ACC_000990,2026-06-02 06:18:57.755011,PAYMENT,6112.5,ONLINE,UK,0
TXN_0005916,ACC_000130,ACC_000455,2026-07-03 19:59:00.755011,WITHDRAWAL,2773.27,ATM,India,0
TXN_0005917,ACC_000422,ACC_000360,2026-05-28 23:39:58.755011,DEPOSIT,21108.28,ONLINE,USA,0
TXN_0005918,ACC_000089,ACC_000927,2026-05-24 11:10:43.755011,DEPOSIT,855.66,MOBILE,UK,0
TXN_0005919,ACC_000782,ACC_000150,2026-05-27 17:32:11.755011,WITHDRAWAL,17589.7,BRANCH,UK,0
TXN_0005920,ACC_000432,ACC_000468,2026-04-05 13:10:10.755011,PAYMENT,2167.1,ONLINE,Hong Kong,0
TXN_0005921,ACC_000914,ACC_000485,2026-07-07 14:42:31.755011,TRANSFER,36415.16,ATM,Singapore,0
TXN_0005922,ACC_000008,ACC_000008,2026-03-29 08:28:25.755011,WITHDRAWAL,9833.59,BRANCH,UAE,0
TXN_0005923,ACC_000593,ACC_000003,2026-05-29 05:38:07.755011,WITHDRAWAL,17552.44,BRANCH,India,0
TXN_0005924,ACC_000086,ACC_000715,2026-04-10 23:50:36.755011,TRANSFER,8940.86,BRANCH,Singapore,0
TXN_0005925,ACC_000208,ACC_000830,2026-07-01 17:50:03.755011,PAYMENT,989.45,ATM,UK,0
TXN_0005926,ACC_000589,ACC_000823,2026-04-12 21:28:48.755011,PAYMENT,2884.55,ATM,India,0
TXN_0005927,ACC_000280,ACC_000543,2026-05-18 10:05:55.755011,WITHDRAWAL,18158.01,MOBILE,India,0
TXN_0005928,ACC_000339,ACC_000485,2026-05-27 17:55:32.755011,TRANSFER,9897.0,BRANCH,UAE,0
TXN_0005929,ACC_000882,ACC_000111,2026-04-04 16:08:49.755011,PAYMENT,33429.29,ONLINE,USA,0
TXN_0005930,ACC_000700,ACC_000272,2026-05-23 08:19:43.755011,DEPOSIT,13146.74,MOBILE,Hong Kong,0
TXN_0005931,ACC_000757,ACC_000114,2026-05-10 17:16:48.755011,TRANSFER,2540.1,ATM,Hong Kong,0
TXN_0005932,ACC_000877,ACC_000794,2026-03-20 19:50:06.755011,TRANSFER,3117.3,MOBILE,Hong Kong,0
TXN_0005933,ACC_000034,ACC_000798,2026-06-13 09:52:46.755011,WITHDRAWAL,9168.24,ONLINE,India,0
TXN_0005934,ACC_000292,ACC_000401,2026-04-13 10:14:25.755011,WITHDRAWAL,504.29,ATM,USA,0
TXN_0005935,ACC_000007,ACC_000324,2026-04-15 21:31:34.755011,DEPOSIT,993531.07,MOBILE,Hong Kong,1
TXN_0005936,ACC_000718,ACC_000892,2026-06-05 20:18:12.755011,TRANSFER,13767.91,ONLINE,UAE,0
TXN_0005937,ACC_000289,ACC_000123,2026-08-29 04:02:11.755011,DEPOSIT,35328.37,MOBILE,USA,0
TXN_0005938,ACC_000034,ACC_000656,2026-06-02 15:27:34.755011,PAYMENT,1215.94,ONLINE,Singapore,0
TXN_0005939,ACC_000277,ACC_000452,2026-07-30 10:55:26.755011,TRANSFER,36079.43,ONLINE,USA,0
TXN_0005940,ACC_000895,ACC_000638,2026-07-21 09:39:34.755011,PAYMENT,117924.36,ATM,USA,0
TXN_0005941,ACC_000840,ACC_000579,2026-07-07 07:51:20.755011,DEPOSIT,1660.62,ONLINE,Singapore,0
TXN_0005942,ACC_000553,ACC_000384,2026-08-18 21:41:54.755011,DEPOSIT,20448.85,ONLINE,Singapore,0
TXN_0005943,ACC_000384,ACC_000038,2026-06-01 18:22:42.755011,WITHDRAWAL,8113.88,ONLINE,Singapore,0
TXN_0005944,ACC_000793,ACC_000577,2026-04-22 10:26:56.755011,PAYMENT,24785.63,ONLINE,Hong Kong,1
TXN_0005945,ACC_000703,ACC_000356,2026-03-18 13:41:17.755011,WITHDRAWAL,14639.24,ONLINE,Singapore,0
TXN_0005946,ACC_000194,ACC_000254,2026-06-21 21:52:18.755011,TRANSFER,22033.6,BRANCH,UAE,0
TXN_0005947,ACC_000385,ACC_000295,2026-08-27 03:49:52.755011,DEPOSIT,3938.87,ONLINE,UAE,0
TXN_0005948,ACC_000264,ACC_000741,2026-08-13 00:49:25.755011,WITHDRAWAL,32830.06,ONLINE,Singapore,0
TXN_0005949,ACC_000821,ACC_000645,2026-07-24 18:18:15.755011,WITHDRAWAL,1096.51,MOBILE,USA,0
TXN_0005950,ACC_000954,ACC_000862,2026-05-11 07:52:23.755011,WITHDRAWAL,18282.79,BRANCH,India,1
TXN_0005951,ACC_000964,ACC_000392,2026-08-19 23:59:32.755011,WITHDRAWAL,9546.38,ONLINE,UAE,0
TXN_0005952,ACC_000891,ACC_000013,2026-04-11 09:36:39.755011,DEPOSIT,8353.72,MOBILE,Singapore,0
TXN_0005953,ACC_000187,ACC_000461,2026-07-25 12:18:21.755011,TRANSFER,3429.3,ATM,Singapore,0
TXN_0005954,ACC_000955,ACC_000851,2026-04-01 10:44:23.755011,DEPOSIT,21407.86,ONLINE,India,0
TXN_0005955,ACC_000882,ACC_000886,2026-06-14 23:40:04.755011,TRANSFER,15322.43,ONLINE,India,0
TXN_0005956,ACC_000226,ACC_000447,2026-08-26 12:51:21.755011,TRANSFER,433175.46,ONLINE,UAE,1
TXN_0005957,ACC_000004,ACC_000835,2026-06-26 11:44:23.755011,TRANSFER,6990.0,BRANCH,India,0
TXN_0005958,ACC_000140,ACC_000512,2026-04-14 13:56:18.755011,DEPOSIT,16698.87,ATM,UAE,0
TXN_0005959,ACC_000822,ACC_000685,2026-08-18 08:27:29.755011,DEPOSIT,4746.77,BRANCH,Singapore,0
TXN_0005960,ACC_000051,ACC_000087,2026-08-06 20:58:01.755011,WITHDRAWAL,95280.69,BRANCH,USA,0
TXN_0005961,ACC_000133,ACC_000903,2026-06-13 19:38:55.755011,TRANSFER,3056.25,ONLINE,UAE,0
TXN_0005962,ACC_000672,ACC_000792,2026-07-11 04:33:56.755011,DEPOSIT,101352.21,MOBILE,Singapore,0
TXN_0005963,ACC_000461,ACC_000208,2026-06-10 18:39:07.755011,WITHDRAWAL,8449.53,MOBILE,Singapore,0
TXN_0005964,ACC_000703,ACC_000115,2026-06-24 18:32:22.755011,PAYMENT,1555.24,ATM,India,0
TXN_0005965,ACC_000924,ACC_000865,2026-08-12 21:42:57.755011,TRANSFER,41843.65,ATM,UK,0
TXN_0005966,ACC_000950,ACC_000747,2026-08-20 13:55:51.755011,DEPOSIT,9424.63,MOBILE,Hong Kong,0
TXN_0005967,ACC_000625,ACC_000179,2026-07-15 14:32:21.755011,WITHDRAWAL,22501.76,ONLINE,India,0
TXN_0005968,ACC_000435,ACC_000479,2026-03-28 00:20:43.755011,WITHDRAWAL,35193.87,BRANCH,Hong Kong,0
TXN_0005969,ACC_000555,ACC_000124,2026-05-16 23:17:21.755011,PAYMENT,12155.62,ONLINE,Singapore,0
TXN_0005970,ACC_000522,ACC_000461,2026-04-27 08:45:15.755011,WITHDRAWAL,3981.09,BRANCH,Singapore,0
TXN_0005971,ACC_000885,ACC_000629,2026-05-19 01:12:02.755011,WITHDRAWAL,26130.44,MOBILE,USA,0
TXN_0005972,ACC_000396,ACC_000619,2026-05-18 20:40:11.755011,DEPOSIT,8110.43,ONLINE,USA,0
TXN_0005973,ACC_000037,ACC_000863,2026-08-04 13:37:56.755011,TRANSFER,18453.87,ATM,India,0
TXN_0005974,ACC_000261,ACC_000437,2026-08-27 16:23:14.755011,TRANSFER,611.26,ATM,Singapore,0
TXN_0005975,ACC_000592,ACC_000092,2026-03-29 04:45:05.755011,DEPOSIT,13854.68,ATM,USA,0
TXN_0005976,ACC_000039,ACC_000218,2026-07-17 03:56:15.755011,TRANSFER,3765.73,ATM,UAE,0
TXN_0005977,ACC_000041,ACC_000329,2026-04-18 13:13:06.755011,DEPOSIT,58922.1,ATM,UAE,0
TXN_0005978,ACC_000802,ACC_000489,2026-07-25 23:46:08.755011,WITHDRAWAL,17114.9,ATM,USA,0
TXN_0005979,ACC_000183,ACC_000434,2026-05-10 19:54:50.755011,PAYMENT,10805.7,ONLINE,USA,0
TXN_0005980,ACC_000795,ACC_000563,2026-04-30 04:54:51.755011,DEPOSIT,14524.21,MOBILE,Singapore,0
TXN_0005981,ACC_000191,ACC_000572,2026-03-29 13:08:31.755011,PAYMENT,2445.17,BRANCH,UAE,0
TXN_0005982,ACC_000202,ACC_000298,2026-06-29 21:07:14.755011,WITHDRAWAL,56835.02,ONLINE,Singapore,0
TXN_0005983,ACC_000820,ACC_000131,2026-04-08 12:59:27.755011,PAYMENT,88401.53,ATM,India,0
TXN_0005984,ACC_000523,ACC_000442,2026-06-04 19:16:02.755011,WITHDRAWAL,12984.3,ONLINE,USA,0
TXN_0005985,ACC_000703,ACC_000739,2026-04-30 05:33:13.755011,DEPOSIT,54637.97,MOBILE,Hong Kong,0
TXN_0005986,ACC_000334,ACC_000989,2026-05-07 20:59:51.755011,DEPOSIT,4092.95,BRANCH,Hong Kong,0
TXN_0005987,ACC_000577,ACC_000081,2026-08-18 13:13:31.755011,DEPOSIT,3113.38,MOBILE,USA,0
TXN_0005988,ACC_000686,ACC_000309,2026-03-31 20:08:49.755011,PAYMENT,8510.96,MOBILE,Hong Kong,0
TXN_0005989,ACC_000254,ACC_000515,2026-05-14 09:00:31.755011,TRANSFER,13655.93,ONLINE,Hong Kong,0
TXN_0005990,ACC_000033,ACC_000878,2026-05-14 18:13:07.755011,PAYMENT,5050.37,BRANCH,USA,0
TXN_0005991,ACC_000528,ACC_000036,2026-04-29 05:11:03.755011,PAYMENT,15449.34,BRANCH,UAE,0
TXN_0005992,ACC_000462,ACC_000660,2026-05-18 22:08:35.755011,WITHDRAWAL,11703.78,BRANCH,USA,0
TXN_0005993,ACC_000202,ACC_000205,2026-04-26 06:51:04.755011,TRANSFER,2445.57,BRANCH,UAE,0
TXN_0005994,ACC_000810,ACC_000472,2026-08-15 00:10:59.755011,TRANSFER,15101.53,MOBILE,UK,0
TXN_0005995,ACC_000778,ACC_000279,2026-06-26 15:44:30.755011,PAYMENT,22839.21,MOBILE,UK,0
TXN_0005996,ACC_000805,ACC_000735,2026-03-19 04:46:42.755011,TRANSFER,9954.33,ONLINE,UK,0
TXN_0005997,ACC_000799,ACC_000767,2026-06-09 23:40:22.755011,DEPOSIT,32311.48,MOBILE,UAE,0
TXN_0005998,ACC_000862,ACC_000599,2026-04-30 12:33:14.755011,PAYMENT,1880.17,ONLINE,India,0
TXN_0005999,ACC_000819,ACC_000073,2026-06-17 07:46:21.755011,DEPOSIT,14207.72,ONLINE,USA,0
TXN_0006000,ACC_000643,ACC_000601,2026-08-02 13:20:57.755011,PAYMENT,35240.58,MOBILE,Singapore,1
TXN_0006001,ACC_000315,ACC_000816,2026-05-08 18:52:19.755011,TRANSFER,17350.43,ONLINE,India,1
TXN_0006002,ACC_000039,ACC_000876,2026-06-12 10:51:31.755011,PAYMENT,3800.48,MOBILE,Singapore,0
TXN_0006003,ACC_000659,ACC_000095,2026-03-17 19:04:18.755011,DEPOSIT,2616.33,MOBILE,Hong Kong,0
TXN_0006004,ACC_000310,ACC_000853,2026-04-12 20:19:46.755011,WITHDRAWAL,4198.17,MOBILE,UK,0
TXN_0006005,ACC_000004,ACC_000934,2026-04-08 01:10:21.755011,PAYMENT,6266.79,ONLINE,USA,0
TXN_0006006,ACC_000813,ACC_000399,2026-04-25 03:15:16.755011,PAYMENT,22127.7,ATM,Hong Kong,0
TXN_0006007,ACC_000005,ACC_000502,2026-05-01 16:54:55.755011,TRANSFER,5511.59,BRANCH,USA,0
TXN_0006008,ACC_000283,ACC_000395,2026-04-20 22:39:14.755011,DEPOSIT,1208.64,ONLINE,UAE,0
TXN_0006009,ACC_000949,ACC_000266,2026-08-16 06:05:11.755011,DEPOSIT,31827.35,ONLINE,Hong Kong,0
TXN_0006010,ACC_000052,ACC_000816,2026-05-27 11:00:54.755011,PAYMENT,2967.55,ONLINE,India,0
TXN_0006011,ACC_000367,ACC_000111,2026-08-04 17:13:03.755011,DEPOSIT,7551.76,ATM,UK,0
TXN_0006012,ACC_000648,ACC_000781,2026-04-26 21:39:17.755011,TRANSFER,13847.28,ATM,India,0
TXN_0006013,ACC_000299,ACC_000649,2026-04-08 14:10:54.755011,TRANSFER,10296.22,BRANCH,UK,0
TXN_0006014,ACC_000527,ACC_000043,2026-05-20 19:51:38.755011,WITHDRAWAL,30122.13,BRANCH,UK,0
TXN_0006015,ACC_000542,ACC_000750,2026-03-24 03:23:14.755011,WITHDRAWAL,14397.41,MOBILE,India,0
TXN_0006016,ACC_000202,ACC_000446,2026-07-16 08:40:44.755011,DEPOSIT,2882.54,MOBILE,Hong Kong,0
TXN_0006017,ACC_000531,ACC_000349,2026-04-03 17:46:08.755011,TRANSFER,110666.3,MOBILE,Singapore,0
TXN_0006018,ACC_000328,ACC_000566,2026-08-25 04:46:49.755011,TRANSFER,10231.23,BRANCH,Hong Kong,0
TXN_0006019,ACC_000383,ACC_000745,2026-07-14 23:27:25.755011,DEPOSIT,6789.9,ATM,UAE,0
TXN_0006020,ACC_000182,ACC_000756,2026-05-10 09:14:39.755011,WITHDRAWAL,25763.41,ATM,USA,0
TXN_0006021,ACC_000884,ACC_000119,2026-06-29 00:54:24.755011,TRANSFER,10930.81,MOBILE,USA,0
TXN_0006022,ACC_000623,ACC_000277,2026-08-31 06:16:33.755011,TRANSFER,13083.06,MOBILE,India,0
TXN_0006023,ACC_000087,ACC_000222,2026-07-31 07:22:37.755011,WITHDRAWAL,161235.42,BRANCH,UAE,0
TXN_0006024,ACC_000124,ACC_000292,2026-06-28 04:21:40.755011,PAYMENT,5824.65,BRANCH,UK,0
TXN_0006025,ACC_000124,ACC_000849,2026-08-30 08:15:42.755011,PAYMENT,5534.11,ONLINE,India,0
TXN_0006026,ACC_000044,ACC_000156,2026-08-27 06:55:49.755011,TRANSFER,9319.78,MOBILE,Hong Kong,0
TXN_0006027,ACC_000516,ACC_000526,2026-07-05 12:26:32.755011,DEPOSIT,29313.96,BRANCH,UK,0
TXN_0006028,ACC_000076,ACC_000708,2026-06-21 01:11:36.755011,PAYMENT,1328.97,BRANCH,USA,0
TXN_0006029,ACC_000128,ACC_000254,2026-07-01 22:37:57.755011,DEPOSIT,766.12,BRANCH,Hong Kong,0
TXN_0006030,ACC_000975,ACC_000105,2026-07-03 06:23:02.755011,DEPOSIT,4005.65,MOBILE,UK,0
TXN_0006031,ACC_000127,ACC_000931,2026-06-27 10:46:29.755011,WITHDRAWAL,1140.58,ATM,USA,0
TXN_0006032,ACC_000671,ACC_000027,2026-06-24 03:41:59.755011,TRANSFER,4866.85,ONLINE,USA,0
TXN_0006033,ACC_000904,ACC_000141,2026-05-07 13:26:45.755011,PAYMENT,14809.14,ONLINE,UK,0
TXN_0006034,ACC_000547,ACC_000786,2026-08-24 22:02:26.755011,PAYMENT,2782.49,ATM,UK,0
TXN_0006035,ACC_000957,ACC_000733,2026-04-25 03:27:54.755011,TRANSFER,1462.36,ATM,USA,0
TXN_0006036,ACC_000753,ACC_000944,2026-08-24 16:59:37.755011,WITHDRAWAL,8806.14,BRANCH,USA,0
TXN_0006037,ACC_000854,ACC_000084,2026-06-08 00:16:21.755011,PAYMENT,22812.23,ATM,India,0
TXN_0006038,ACC_000856,ACC_000991,2026-05-07 06:24:20.755011,WITHDRAWAL,9225.75,ATM,USA,1
TXN_0006039,ACC_000820,ACC_000041,2026-06-01 02:21:15.755011,DEPOSIT,21682.89,BRANCH,Singapore,0
TXN_0006040,ACC_000138,ACC_000634,2026-08-04 12:24:18.755011,PAYMENT,21606.89,BRANCH,Hong Kong,0
TXN_0006041,ACC_000437,ACC_000726,2026-08-29 04:19:45.755011,DEPOSIT,25460.97,BRANCH,UK,0
TXN_0006042,ACC_000718,ACC_000898,2026-06-20 03:23:24.755011,DEPOSIT,34967.57,BRANCH,USA,0
TXN_0006043,ACC_000666,ACC_000347,2026-06-02 14:45:04.755011,PAYMENT,113824.91,MOBILE,Hong Kong,0
TXN_0006044,ACC_000853,ACC_000224,2026-04-23 06:42:31.755011,TRANSFER,5285.33,MOBILE,India,0
TXN_0006045,ACC_000834,ACC_000824,2026-07-16 04:29:52.755011,DEPOSIT,9241.74,ATM,UK,0
TXN_0006046,ACC_000999,ACC_000141,2026-08-10 15:31:38.755011,WITHDRAWAL,4916.12,MOBILE,USA,0
TXN_0006047,ACC_000907,ACC_000067,2026-05-02 15:30:46.755011,DEPOSIT,8122.33,ATM,UAE,0
TXN_0006048,ACC_000445,ACC_000771,2026-08-18 08:25:56.755011,PAYMENT,50993.22,MOBILE,Hong Kong,0
TXN_0006049,ACC_000674,ACC_000106,2026-06-23 08:08:52.755011,PAYMENT,1613.21,ATM,Singapore,0
TXN_0006050,ACC_000642,ACC_000171,2026-07-15 16:23:50.755011,DEPOSIT,2883.44,BRANCH,UAE,0
TXN_0006051,ACC_000756,ACC_000941,2026-08-26 05:48:34.755011,TRANSFER,42303.16,MOBILE,USA,0
TXN_0006052,ACC_000361,ACC_000926,2026-04-21 13:27:05.755011,DEPOSIT,27557.88,ATM,India,0
TXN_0006053,ACC_000377,ACC_000593,2026-07-02 09:00:43.755011,PAYMENT,5240.87,ONLINE,India,0
TXN_0006054,ACC_000593,ACC_000608,2026-07-17 20:00:28.755011,PAYMENT,22590.45,ONLINE,Hong Kong,0
TXN_0006055,ACC_000320,ACC_000725,2026-04-24 21:35:48.755011,DEPOSIT,12203.27,ONLINE,UK,0
TXN_0006056,ACC_000876,ACC_000672,2026-06-06 14:06:33.755011,TRANSFER,49036.96,BRANCH,Singapore,0
TXN_0006057,ACC_000572,ACC_000565,2026-07-25 21:30:53.755011,WITHDRAWAL,8860.97,MOBILE,Hong Kong,0
TXN_0006058,ACC_000812,ACC_000935,2026-07-04 07:00:49.755011,DEPOSIT,27743.55,ATM,UK,0
TXN_0006059,ACC_000427,ACC_000722,2026-06-13 10:33:11.755011,DEPOSIT,192993.98,ATM,India,0
TXN_0006060,ACC_000832,ACC_000334,2026-03-09 16:36:54.755011,WITHDRAWAL,16609.32,ONLINE,UAE,0
TXN_0006061,ACC_000566,ACC_000287,2026-04-26 09:45:12.755011,WITHDRAWAL,8597.22,MOBILE,Hong Kong,0
TXN_0006062,ACC_000380,ACC_000597,2026-08-29 06:26:36.755011,WITHDRAWAL,19282.18,MOBILE,India,0
TXN_0006063,ACC_000845,ACC_000194,2026-08-18 18:14:23.755011,TRANSFER,5227.37,MOBILE,UAE,0
TXN_0006064,ACC_000099,ACC_000596,2026-05-03 13:54:30.755011,DEPOSIT,142281.28,ATM,Hong Kong,0
TXN_0006065,ACC_000943,ACC_000766,2026-03-28 18:29:20.755011,TRANSFER,10057.61,ONLINE,UAE,0
TXN_0006066,ACC_000351,ACC_000110,2026-05-06 09:22:37.755011,PAYMENT,5839.96,BRANCH,USA,0
TXN_0006067,ACC_000752,ACC_000620,2026-05-15 11:45:25.755011,TRANSFER,2972.54,MOBILE,Hong Kong,0
TXN_0006068,ACC_000504,ACC_000244,2026-03-20 01:28:50.755011,DEPOSIT,30232.24,ATM,USA,0
TXN_0006069,ACC_000430,ACC_000887,2026-04-02 13:00:49.755011,DEPOSIT,22939.71,BRANCH,India,0
TXN_0006070,ACC_000846,ACC_000695,2026-04-15 01:12:14.755011,PAYMENT,81429.55,ATM,Hong Kong,1
TXN_0006071,ACC_000144,ACC_000529,2026-03-29 05:13:18.755011,TRANSFER,16183.41,BRANCH,India,0
TXN_0006072,ACC_000539,ACC_000836,2026-08-24 00:30:52.755011,PAYMENT,1325.75,MOBILE,UK,0
TXN_0006073,ACC_000699,ACC_000873,2026-07-29 11:46:28.755011,WITHDRAWAL,10116.92,ATM,India,0
TXN_0006074,ACC_000452,ACC_000768,2026-04-07 18:29:06.755011,WITHDRAWAL,13951.02,BRANCH,USA,0
TXN_0006075,ACC_000913,ACC_000837,2026-06-12 04:08:39.755011,PAYMENT,62868.2,ONLINE,India,0
TXN_0006076,ACC_000977,ACC_000211,2026-08-17 19:39:37.755011,PAYMENT,3213.18,ONLINE,India,0
TXN_0006077,ACC_000998,ACC_000247,2026-06-13 07:17:24.755011,TRANSFER,19295.25,BRANCH,Hong Kong,1
TXN_0006078,ACC_000995,ACC_000596,2026-08-06 05:00:16.755011,WITHDRAWAL,2766.91,ONLINE,India,0
TXN_0006079,ACC_000098,ACC_000522,2026-06-18 20:56:30.755011,TRANSFER,1629.65,ATM,Hong Kong,0
TXN_0006080,ACC_000975,ACC_000382,2026-06-21 16:57:25.755011,TRANSFER,40295.25,ONLINE,India,0
TXN_0006081,ACC_000157,ACC_000312,2026-06-12 16:59:18.755011,TRANSFER,51967.15,MOBILE,India,0
TXN_0006082,ACC_000047,ACC_000138,2026-06-02 09:42:32.755011,WITHDRAWAL,11899.6,BRANCH,India,0
TXN_0006083,ACC_000482,ACC_000546,2026-06-22 06:59:24.755011,DEPOSIT,35085.88,ATM,USA,0
TXN_0006084,ACC_000582,ACC_000622,2026-05-01 03:12:17.755011,DEPOSIT,9516.19,ONLINE,USA,0
TXN_0006085,ACC_000287,ACC_000193,2026-03-11 11:05:40.755011,WITHDRAWAL,7229.07,BRANCH,UK,0
TXN_0006086,ACC_000315,ACC_000313,2026-04-16 06:08:20.755011,PAYMENT,5433.59,ONLINE,India,0
TXN_0006087,ACC_000892,ACC_000047,2026-03-20 08:16:28.755011,TRANSFER,5583.28,MOBILE,Singapore,0
TXN_0006088,ACC_000645,ACC_000300,2026-03-09 18:57:19.755011,TRANSFER,1264.76,ATM,India,0
TXN_0006089,ACC_000342,ACC_000984,2026-05-17 14:34:44.755011,DEPOSIT,11126.73,MOBILE,USA,0
TXN_0006090,ACC_000779,ACC_001000,2026-06-07 04:26:29.755011,PAYMENT,7720.23,ATM,Hong Kong,0
TXN_0006091,ACC_000434,ACC_000774,2026-05-15 20:25:14.755011,DEPOSIT,19819.72,ATM,Hong Kong,0
TXN_0006092,ACC_000814,ACC_000800,2026-05-19 19:38:28.755011,TRANSFER,9065.47,BRANCH,Hong Kong,0
TXN_0006093,ACC_000843,ACC_000465,2026-08-19 07:41:00.755011,DEPOSIT,6665.87,BRANCH,Singapore,0
TXN_0006094,ACC_000380,ACC_000886,2026-09-01 16:27:55.755011,TRANSFER,2848.56,ATM,UAE,0
TXN_0006095,ACC_000079,ACC_000132,2026-07-12 21:35:13.755011,PAYMENT,8835.95,ONLINE,UAE,0
TXN_0006096,ACC_000659,ACC_000652,2026-04-19 19:18:34.755011,PAYMENT,279454.44,ONLINE,UK,1
TXN_0006097,ACC_000040,ACC_000282,2026-04-20 02:51:04.755011,WITHDRAWAL,2054.92,ONLINE,UAE,0
TXN_0006098,ACC_000758,ACC_000514,2026-05-12 18:58:56.755011,DEPOSIT,8999.9,ONLINE,Hong Kong,0
TXN_0006099,ACC_000849,ACC_000742,2026-06-04 01:20:52.755011,PAYMENT,10717.7,MOBILE,India,0
TXN_0006100,ACC_000703,ACC_000032,2026-08-28 23:56:09.755011,DEPOSIT,3423.17,BRANCH,UK,0
TXN_0006101,ACC_000254,ACC_000642,2026-03-15 05:44:21.755011,TRANSFER,4002.09,MOBILE,Singapore,0
TXN_0006102,ACC_000340,ACC_000635,2026-06-14 11:51:31.755011,PAYMENT,10686.46,ONLINE,UAE,0
TXN_0006103,ACC_000678,ACC_000401,2026-04-22 18:14:16.755011,PAYMENT,2079.52,ONLINE,UK,0
TXN_0006104,ACC_000314,ACC_000616,2026-08-15 02:18:14.755011,PAYMENT,12331.45,ATM,UAE,0
TXN_0006105,ACC_000691,ACC_000578,2026-03-23 05:16:46.755011,WITHDRAWAL,2767.15,MOBILE,India,0
TXN_0006106,ACC_000529,ACC_000322,2026-04-20 17:12:02.755011,DEPOSIT,29010.83,BRANCH,India,0
TXN_0006107,ACC_000757,ACC_000480,2026-03-18 01:16:46.755011,TRANSFER,133972.96,MOBILE,USA,0
TXN_0006108,ACC_000286,ACC_000191,2026-07-12 23:40:37.755011,TRANSFER,2884.46,MOBILE,UK,0
TXN_0006109,ACC_000737,ACC_000345,2026-05-14 02:01:10.755011,PAYMENT,15383.48,MOBILE,UK,0
TXN_0006110,ACC_000870,ACC_000037,2026-08-01 21:47:06.755011,DEPOSIT,3387.71,BRANCH,Singapore,0
TXN_0006111,ACC_000896,ACC_000539,2026-06-13 04:48:19.755011,PAYMENT,28258.37,ATM,India,0
TXN_0006112,ACC_000759,ACC_000040,2026-03-13 12:53:03.755011,DEPOSIT,1775.24,ATM,Hong Kong,0
TXN_0006113,ACC_000284,ACC_000023,2026-09-03 04:32:45.755011,WITHDRAWAL,14424.8,BRANCH,India,0
TXN_0006114,ACC_000413,ACC_000109,2026-08-06 08:49:59.755011,DEPOSIT,21621.84,MOBILE,Hong Kong,1
TXN_0006115,ACC_000016,ACC_000914,2026-07-20 00:00:35.755011,WITHDRAWAL,6320.91,ONLINE,India,0
TXN_0006116,ACC_000419,ACC_000496,2026-05-06 18:42:37.755011,TRANSFER,31225.02,BRANCH,UK,1
TXN_0006117,ACC_000130,ACC_000789,2026-04-05 09:10:44.755011,WITHDRAWAL,421695.41,MOBILE,Singapore,1
TXN_0006118,ACC_000577,ACC_000562,2026-04-26 17:00:24.755011,DEPOSIT,2967.94,BRANCH,India,0
TXN_0006119,ACC_000121,ACC_000515,2026-03-10 12:07:38.755011,DEPOSIT,15714.78,BRANCH,India,0
TXN_0006120,ACC_000335,ACC_000475,2026-04-06 22:54:21.755011,TRANSFER,5361.95,MOBILE,Hong Kong,0
TXN_0006121,ACC_000773,ACC_000030,2026-08-07 01:19:35.755011,DEPOSIT,7063.06,ATM,USA,0
TXN_0006122,ACC_000676,ACC_000434,2026-05-19 12:20:53.755011,DEPOSIT,9675.06,MOBILE,UAE,0
TXN_0006123,ACC_000062,ACC_000773,2026-07-17 08:56:11.755011,PAYMENT,3248.05,ONLINE,UK,0
TXN_0006124,ACC_000526,ACC_000104,2026-04-20 15:41:25.755011,DEPOSIT,10429.99,BRANCH,UAE,0
TXN_0006125,ACC_000513,ACC_000956,2026-07-29 06:56:25.755011,PAYMENT,50838.11,MOBILE,Singapore,0
TXN_0006126,ACC_000291,ACC_000479,2026-04-07 16:40:44.755011,TRANSFER,3185.25,MOBILE,UAE,0
TXN_0006127,ACC_000197,ACC_000061,2026-07-17 12:31:40.755011,TRANSFER,33063.07,BRANCH,UK,0
TXN_0006128,ACC_000086,ACC_000834,2026-04-24 12:20:30.755011,WITHDRAWAL,48909.02,MOBILE,Hong Kong,0
TXN_0006129,ACC_000100,ACC_000523,2026-05-18 14:48:23.755011,TRANSFER,3043.05,ATM,Singapore,0
TXN_0006130,ACC_000920,ACC_000837,2026-03-23 03:03:33.755011,DEPOSIT,1413.66,ONLINE,India,0
TXN_0006131,ACC_000926,ACC_000778,2026-04-23 11:02:50.755011,DEPOSIT,11641.75,MOBILE,USA,0
TXN_0006132,ACC_000363,ACC_000910,2026-04-06 11:22:48.755011,DEPOSIT,4201.14,BRANCH,UK,0
TXN_0006133,ACC_000814,ACC_000991,2026-08-12 05:42:01.755011,WITHDRAWAL,76292.04,ATM,Singapore,0
TXN_0006134,ACC_000897,ACC_000665,2026-03-25 05:05:30.755011,PAYMENT,8448.71,ATM,India,0
TXN_0006135,ACC_000265,ACC_000112,2026-05-11 19:33:43.755011,TRANSFER,3094.44,ONLINE,UAE,0
TXN_0006136,ACC_000028,ACC_000656,2026-08-29 09:57:39.755011,PAYMENT,2045.52,ONLINE,Singapore,0
TXN_0006137,ACC_000254,ACC_000755,2026-03-27 08:35:38.755011,DEPOSIT,29968.02,ATM,India,0
TXN_0006138,ACC_000893,ACC_000132,2026-05-16 11:03:16.755011,PAYMENT,4082.97,ONLINE,Hong Kong,0
TXN_0006139,ACC_000663,ACC_000886,2026-04-08 07:09:19.755011,DEPOSIT,8540.67,BRANCH,Hong Kong,0
TXN_0006140,ACC_000375,ACC_000836,2026-04-23 21:49:04.755011,PAYMENT,413929.7,MOBILE,Hong Kong,1
TXN_0006141,ACC_000435,ACC_000123,2026-08-04 22:38:36.755011,TRANSFER,4531.87,BRANCH,India,0
TXN_0006142,ACC_000637,ACC_000585,2026-05-07 04:14:25.755011,WITHDRAWAL,115190.6,MOBILE,Hong Kong,1
TXN_0006143,ACC_000719,ACC_000088,2026-08-08 06:34:28.755011,WITHDRAWAL,7943.57,MOBILE,UK,0
TXN_0006144,ACC_000793,ACC_000899,2026-08-02 15:48:33.755011,WITHDRAWAL,18397.86,ATM,Singapore,0
TXN_0006145,ACC_000657,ACC_000640,2026-07-25 05:46:26.755011,WITHDRAWAL,16463.37,ONLINE,UAE,0
TXN_0006146,ACC_000627,ACC_000595,2026-08-19 19:26:12.755011,WITHDRAWAL,6222.1,ONLINE,USA,0
TXN_0006147,ACC_000200,ACC_000356,2026-04-02 09:33:24.755011,WITHDRAWAL,8746.24,ATM,UK,0
TXN_0006148,ACC_000212,ACC_000972,2026-07-20 03:48:10.755011,WITHDRAWAL,5186.76,ATM,UAE,0
TXN_0006149,ACC_000029,ACC_000949,2026-05-11 17:15:37.755011,DEPOSIT,1375.9,MOBILE,India,0
TXN_0006150,ACC_000682,ACC_000521,2026-07-24 12:13:37.755011,TRANSFER,11038.24,BRANCH,USA,0
TXN_0006151,ACC_000809,ACC_000843,2026-08-07 13:07:41.755011,WITHDRAWAL,78482.43,ATM,UK,0
TXN_0006152,ACC_000719,ACC_000485,2026-07-22 02:46:40.755011,DEPOSIT,2806.06,BRANCH,Singapore,0
TXN_0006153,ACC_000932,ACC_000281,2026-08-05 15:39:15.755011,DEPOSIT,3204.67,MOBILE,UAE,0
TXN_0006154,ACC_000438,ACC_000290,2026-05-05 21:42:38.755011,TRANSFER,2850.15,ONLINE,Singapore,0
TXN_0006155,ACC_000545,ACC_000895,2026-06-25 19:33:44.755011,PAYMENT,19331.87,BRANCH,UK,0
TXN_0006156,ACC_000984,ACC_000760,2026-03-31 21:51:23.755011,DEPOSIT,13879.7,MOBILE,UK,0
TXN_0006157,ACC_000474,ACC_000608,2026-06-11 22:31:48.755011,PAYMENT,6699.28,MOBILE,Hong Kong,0
TXN_0006158,ACC_000824,ACC_000389,2026-07-12 07:20:23.755011,TRANSFER,2692.91,ONLINE,USA,0
TXN_0006159,ACC_000867,ACC_000261,2026-08-26 11:55:56.755011,TRANSFER,9053.01,BRANCH,USA,0
TXN_0006160,ACC_000830,ACC_000363,2026-04-25 15:28:04.755011,PAYMENT,1239.49,BRANCH,India,0
TXN_0006161,ACC_000062,ACC_000588,2026-05-30 18:19:56.755011,PAYMENT,9624.93,ATM,Hong Kong,0
TXN_0006162,ACC_000032,ACC_000451,2026-06-06 11:33:15.755011,PAYMENT,23059.41,BRANCH,USA,0
TXN_0006163,ACC_000814,ACC_000107,2026-08-27 19:38:09.755011,DEPOSIT,1805.44,MOBILE,USA,0
TXN_0006164,ACC_000793,ACC_000059,2026-05-23 00:23:32.755011,PAYMENT,1288.17,ATM,UK,0
TXN_0006165,ACC_000237,ACC_000768,2026-08-14 16:57:06.755011,WITHDRAWAL,53923.71,ATM,Hong Kong,0
TXN_0006166,ACC_000957,ACC_000544,2026-06-14 04:56:46.755011,WITHDRAWAL,3888.93,MOBILE,USA,0
TXN_0006167,ACC_000367,ACC_000160,2026-06-26 18:25:54.755011,PAYMENT,31670.39,BRANCH,India,0
TXN_0006168,ACC_000606,ACC_000933,2026-06-12 10:21:02.755011,WITHDRAWAL,6735.87,BRANCH,Hong Kong,0
TXN_0006169,ACC_000818,ACC_000314,2026-09-03 08:41:25.755011,WITHDRAWAL,6671.86,MOBILE,Singapore,0
TXN_0006170,ACC_000119,ACC_000178,2026-08-24 12:49:59.755011,DEPOSIT,13712.94,ATM,Hong Kong,0
TXN_0006171,ACC_000896,ACC_000295,2026-07-23 06:12:37.755011,PAYMENT,2805.12,BRANCH,Hong Kong,0
TXN_0006172,ACC_000136,ACC_000871,2026-04-20 20:21:37.755011,PAYMENT,9499.52,MOBILE,India,0
TXN_0006173,ACC_000989,ACC_000214,2026-07-01 21:54:10.755011,DEPOSIT,5126.68,ATM,Singapore,0
TXN_0006174,ACC_000419,ACC_000941,2026-06-05 02:37:44.755011,WITHDRAWAL,1661.39,ONLINE,Hong Kong,0
TXN_0006175,ACC_000285,ACC_000746,2026-03-15 07:31:57.755011,DEPOSIT,12148.71,MOBILE,Hong Kong,0
TXN_0006176,ACC_000168,ACC_000566,2026-03-23 03:30:09.755011,DEPOSIT,5907.81,ATM,UAE,0
TXN_0006177,ACC_000988,ACC_000017,2026-03-31 07:14:24.755011,WITHDRAWAL,6711.45,ONLINE,USA,0
TXN_0006178,ACC_000135,ACC_000545,2026-08-10 17:03:56.755011,PAYMENT,1896.58,ONLINE,Singapore,0
TXN_0006179,ACC_000696,ACC_000652,2026-05-03 03:41:40.755011,WITHDRAWAL,54703.36,MOBILE,USA,0
TXN_0006180,ACC_000736,ACC_000971,2026-06-17 13:54:41.755011,PAYMENT,23203.47,BRANCH,Singapore,0
TXN_0006181,ACC_000280,ACC_000187,2026-08-08 18:08:51.755011,PAYMENT,25770.53,ATM,UK,0
TXN_0006182,ACC_000933,ACC_000771,2026-04-18 14:29:33.755011,PAYMENT,5616.51,BRANCH,USA,0
TXN_0006183,ACC_000733,ACC_000452,2026-04-02 07:49:13.755011,PAYMENT,1017.37,BRANCH,Hong Kong,0
TXN_0006184,ACC_000845,ACC_000982,2026-03-22 23:02:30.755011,WITHDRAWAL,84415.04,ONLINE,India,0
TXN_0006185,ACC_000002,ACC_000502,2026-05-20 03:01:00.755011,DEPOSIT,7530.25,ATM,India,0
TXN_0006186,ACC_000644,ACC_000642,2026-08-28 01:35:30.755011,WITHDRAWAL,3299.22,BRANCH,UAE,0
TXN_0006187,ACC_000995,ACC_000810,2026-05-20 18:24:22.755011,WITHDRAWAL,13361.89,ATM,Singapore,0
TXN_0006188,ACC_000366,ACC_000488,2026-08-29 17:31:52.755011,PAYMENT,32877.54,ONLINE,India,0
TXN_0006189,ACC_000574,ACC_000582,2026-03-08 07:08:17.755011,PAYMENT,7882.02,ONLINE,UAE,0
TXN_0006190,ACC_000682,ACC_000830,2026-03-13 08:23:57.755011,WITHDRAWAL,37582.36,ONLINE,Singapore,0
TXN_0006191,ACC_000239,ACC_000479,2026-08-17 19:49:06.755011,DEPOSIT,29720.73,ATM,India,0
TXN_0006192,ACC_000198,ACC_000911,2026-07-04 08:37:14.755011,WITHDRAWAL,27045.12,ONLINE,Hong Kong,1
TXN_0006193,ACC_000053,ACC_000916,2026-05-12 11:04:24.755011,PAYMENT,3609.96,BRANCH,Hong Kong,0
TXN_0006194,ACC_000622,ACC_000655,2026-05-18 21:56:58.755011,TRANSFER,25566.66,ATM,Singapore,0
TXN_0006195,ACC_000001,ACC_000623,2026-03-11 01:28:56.755011,TRANSFER,312.58,BRANCH,USA,0
TXN_0006196,ACC_000671,ACC_000644,2026-06-24 08:29:36.755011,DEPOSIT,6772.69,ONLINE,USA,0
TXN_0006197,ACC_000535,ACC_000599,2026-03-31 00:06:18.755011,WITHDRAWAL,1455.35,MOBILE,USA,0
TXN_0006198,ACC_000717,ACC_000332,2026-07-10 08:31:49.755011,DEPOSIT,4573.96,ONLINE,USA,0
TXN_0006199,ACC_000833,ACC_000336,2026-03-22 02:25:03.755011,DEPOSIT,5661.34,MOBILE,India,0
TXN_0006200,ACC_000809,ACC_000636,2026-06-01 23:10:42.755011,TRANSFER,5271.69,ATM,USA,0
TXN_0006201,ACC_000959,ACC_000565,2026-08-13 12:08:53.755011,TRANSFER,4176.74,BRANCH,India,0
TXN_0006202,ACC_000962,ACC_000069,2026-05-01 10:00:41.755011,DEPOSIT,2172.05,MOBILE,India,0
TXN_0006203,ACC_000752,ACC_000287,2026-08-08 21:26:11.755011,TRANSFER,126790.77,ATM,India,0
TXN_0006204,ACC_000641,ACC_000560,2026-06-15 02:56:57.755011,DEPOSIT,76187.63,BRANCH,Hong Kong,0
TXN_0006205,ACC_000801,ACC_000497,2026-07-21 12:26:28.755011,WITHDRAWAL,2009.26,MOBILE,Hong Kong,0
TXN_0006206,ACC_000602,ACC_000347,2026-03-08 09:51:45.755011,TRANSFER,54097.33,MOBILE,UK,0
TXN_0006207,ACC_000849,ACC_000931,2026-07-05 14:02:15.755011,DEPOSIT,5017.27,ATM,USA,0
TXN_0006208,ACC_000299,ACC_000694,2026-07-06 05:56:12.755011,DEPOSIT,9461.87,ATM,Singapore,0
TXN_0006209,ACC_000979,ACC_000348,2026-05-29 19:32:07.755011,TRANSFER,7510.6,ONLINE,UK,0
TXN_0006210,ACC_000041,ACC_000316,2026-04-02 13:07:53.755011,PAYMENT,3671.3,MOBILE,Hong Kong,0
TXN_0006211,ACC_000699,ACC_000978,2026-03-16 09:23:51.755011,WITHDRAWAL,26386.9,BRANCH,USA,0
TXN_0006212,ACC_000396,ACC_000268,2026-08-24 17:00:17.755011,PAYMENT,9424.46,MOBILE,UAE,0
TXN_0006213,ACC_000588,ACC_000926,2026-08-21 03:07:32.755011,WITHDRAWAL,4573.98,ONLINE,Singapore,0
TXN_0006214,ACC_000971,ACC_000733,2026-09-02 09:22:13.755011,DEPOSIT,1693.4,BRANCH,UK,0
TXN_0006215,ACC_000696,ACC_000574,2026-06-01 05:11:22.755011,DEPOSIT,36988.19,MOBILE,UAE,1
TXN_0006216,ACC_000636,ACC_000078,2026-04-29 00:47:59.755011,TRANSFER,1130.42,ONLINE,Singapore,0
TXN_0006217,ACC_000469,ACC_000657,2026-05-31 06:30:53.755011,PAYMENT,8222.82,BRANCH,UK,0
TXN_0006218,ACC_000459,ACC_000640,2026-06-13 07:55:11.755011,PAYMENT,1927.54,BRANCH,UAE,0
TXN_0006219,ACC_000222,ACC_000466,2026-05-08 00:33:51.755011,DEPOSIT,5891.86,ONLINE,India,0
TXN_0006220,ACC_000900,ACC_000864,2026-04-30 14:06:47.755011,TRANSFER,571499.33,BRANCH,Hong Kong,1
TXN_0006221,ACC_000687,ACC_000612,2026-07-16 16:29:43.755011,PAYMENT,34171.92,MOBILE,USA,0
TXN_0006222,ACC_000277,ACC_000451,2026-05-31 14:50:08.755011,TRANSFER,102887.12,MOBILE,India,1
TXN_0006223,ACC_000206,ACC_000399,2026-06-29 20:52:21.755011,WITHDRAWAL,7299.04,ONLINE,UAE,0
TXN_0006224,ACC_000404,ACC_000806,2026-05-18 22:39:21.755011,PAYMENT,77330.94,BRANCH,Hong Kong,0
TXN_0006225,ACC_000776,ACC_000052,2026-04-03 13:29:49.755011,PAYMENT,15137.15,ATM,Singapore,0
TXN_0006226,ACC_000121,ACC_000145,2026-05-12 22:16:37.755011,WITHDRAWAL,91009.98,BRANCH,Singapore,1
TXN_0006227,ACC_000256,ACC_000005,2026-03-21 12:20:21.755011,TRANSFER,10706.8,MOBILE,Singapore,1
TXN_0006228,ACC_000590,ACC_000358,2026-08-21 22:44:21.755011,TRANSFER,12999.26,MOBILE,USA,0
TXN_0006229,ACC_000186,ACC_000349,2026-05-05 16:11:26.755011,DEPOSIT,21920.74,BRANCH,India,0
TXN_0006230,ACC_000804,ACC_000742,2026-06-20 06:03:12.755011,TRANSFER,3797.2,MOBILE,Singapore,0
TXN_0006231,ACC_000418,ACC_000670,2026-04-17 19:04:46.755011,TRANSFER,11492.42,ATM,India,0
TXN_0006232,ACC_000276,ACC_000075,2026-08-31 04:11:26.755011,PAYMENT,5238.09,BRANCH,UK,0
TXN_0006233,ACC_000603,ACC_000528,2026-03-31 17:40:49.755011,WITHDRAWAL,6497.42,BRANCH,Hong Kong,0
TXN_0006234,ACC_000632,ACC_000912,2026-04-28 07:15:04.755011,DEPOSIT,409.37,BRANCH,India,0
TXN_0006235,ACC_000045,ACC_000437,2026-08-10 01:16:20.755011,TRANSFER,6209.67,ONLINE,Singapore,0
TXN_0006236,ACC_000102,ACC_000852,2026-05-19 17:33:52.755011,WITHDRAWAL,25932.26,ATM,USA,0
TXN_0006237,ACC_000053,ACC_000803,2026-03-13 13:21:55.755011,WITHDRAWAL,3798.33,ONLINE,Hong Kong,0
TXN_0006238,ACC_000317,ACC_000914,2026-06-10 06:16:23.755011,WITHDRAWAL,8630.27,ATM,Singapore,0
TXN_0006239,ACC_000677,ACC_000746,2026-03-23 11:19:42.755011,DEPOSIT,3271.03,ATM,UAE,0
TXN_0006240,ACC_000448,ACC_000191,2026-06-04 11:32:18.755011,TRANSFER,12488.08,MOBILE,Singapore,0
TXN_0006241,ACC_000309,ACC_000853,2026-08-09 19:19:09.755011,TRANSFER,6248.97,MOBILE,UK,0
TXN_0006242,ACC_000440,ACC_000125,2026-08-16 06:44:18.755011,PAYMENT,32877.61,MOBILE,UAE,1
TXN_0006243,ACC_000069,ACC_000281,2026-05-06 04:38:27.755011,PAYMENT,40097.2,BRANCH,UAE,0
TXN_0006244,ACC_000643,ACC_000066,2026-04-21 20:59:22.755011,WITHDRAWAL,24703.95,ONLINE,Hong Kong,0
TXN_0006245,ACC_000513,ACC_000482,2026-06-13 03:46:10.755011,PAYMENT,3921.04,BRANCH,USA,0
TXN_0006246,ACC_000586,ACC_000177,2026-07-18 16:18:50.755011,TRANSFER,14725.65,ATM,USA,0
TXN_0006247,ACC_000591,ACC_000891,2026-04-18 22:47:13.755011,PAYMENT,15442.74,ONLINE,UK,0
TXN_0006248,ACC_000015,ACC_000473,2026-03-12 02:03:24.755011,TRANSFER,17514.1,ATM,USA,0
TXN_0006249,ACC_000297,ACC_000736,2026-03-08 18:24:50.755011,WITHDRAWAL,1060.92,MOBILE,UK,0
TXN_0006250,ACC_000815,ACC_000495,2026-09-02 19:39:54.755011,TRANSFER,27117.32,MOBILE,Hong Kong,0
TXN_0006251,ACC_000974,ACC_000476,2026-07-28 00:11:28.755011,DEPOSIT,4090.25,BRANCH,India,0
TXN_0006252,ACC_000562,ACC_000604,2026-05-27 13:40:03.755011,PAYMENT,5274.33,ONLINE,India,0
TXN_0006253,ACC_000757,ACC_000318,2026-08-13 10:56:34.755011,WITHDRAWAL,192039.83,BRANCH,Hong Kong,0
TXN_0006254,ACC_000806,ACC_000839,2026-09-02 05:30:59.755011,DEPOSIT,11640.53,BRANCH,UK,0
TXN_0006255,ACC_000444,ACC_000395,2026-07-25 04:33:45.755011,DEPOSIT,5097.03,MOBILE,Singapore,0
TXN_0006256,ACC_000129,ACC_000009,2026-03-16 13:31:02.755011,WITHDRAWAL,7717.81,ATM,UAE,1
TXN_0006257,ACC_000902,ACC_000329,2026-05-10 10:49:26.755011,PAYMENT,42946.78,ONLINE,Singapore,0
TXN_0006258,ACC_000587,ACC_000639,2026-05-02 07:01:25.755011,DEPOSIT,1612.83,ATM,UAE,0
TXN_0006259,ACC_000148,ACC_000480,2026-06-10 03:42:30.755011,WITHDRAWAL,2430.55,MOBILE,Hong Kong,0
TXN_0006260,ACC_000006,ACC_000442,2026-04-08 19:33:25.755011,TRANSFER,5444.59,MOBILE,Hong Kong,0
TXN_0006261,ACC_000622,ACC_000175,2026-08-27 08:42:32.755011,DEPOSIT,44342.29,ATM,Hong Kong,0
TXN_0006262,ACC_000703,ACC_000283,2026-08-06 22:01:34.755011,TRANSFER,20494.01,ONLINE,Singapore,0
TXN_0006263,ACC_000313,ACC_000425,2026-04-03 14:06:25.755011,DEPOSIT,6704.91,ATM,UAE,0
TXN_0006264,ACC_000820,ACC_000888,2026-04-07 23:07:31.755011,TRANSFER,11730.53,MOBILE,USA,0
TXN_0006265,ACC_000558,ACC_000714,2026-03-24 17:41:07.755011,PAYMENT,3942.37,ATM,USA,0
TXN_0006266,ACC_000081,ACC_000112,2026-08-28 14:39:32.755011,TRANSFER,9581.45,MOBILE,Hong Kong,0
TXN_0006267,ACC_000258,ACC_000514,2026-05-15 03:10:55.755011,WITHDRAWAL,8848.51,MOBILE,UAE,0
TXN_0006268,ACC_000137,ACC_000714,2026-05-18 14:33:02.755011,WITHDRAWAL,25913.62,MOBILE,USA,0
TXN_0006269,ACC_000352,ACC_000077,2026-03-27 17:21:39.755011,WITHDRAWAL,25864.17,ATM,Singapore,0
TXN_0006270,ACC_000355,ACC_000466,2026-04-25 13:55:55.755011,PAYMENT,14658.46,MOBILE,India,0
TXN_0006271,ACC_000901,ACC_000560,2026-06-26 12:12:00.755011,PAYMENT,5245.8,BRANCH,Hong Kong,0
TXN_0006272,ACC_000248,ACC_000337,2026-07-12 23:40:46.755011,WITHDRAWAL,19735.75,BRANCH,Singapore,0
TXN_0006273,ACC_000997,ACC_000898,2026-05-30 08:28:48.755011,PAYMENT,7256.39,ATM,UAE,0
TXN_0006274,ACC_000364,ACC_000728,2026-06-27 03:34:05.755011,DEPOSIT,2212.11,MOBILE,India,0
TXN_0006275,ACC_000946,ACC_000145,2026-06-19 03:10:29.755011,WITHDRAWAL,4994.31,BRANCH,India,0
TXN_0006276,ACC_000630,ACC_000768,2026-07-01 23:19:19.755011,TRANSFER,8968.13,BRANCH,USA,0
TXN_0006277,ACC_000957,ACC_000618,2026-05-28 21:43:24.755011,WITHDRAWAL,24155.3,BRANCH,Singapore,0
TXN_0006278,ACC_000607,ACC_000201,2026-04-09 02:35:28.755011,DEPOSIT,6501.36,MOBILE,USA,0
TXN_0006279,ACC_000371,ACC_000857,2026-08-21 11:00:36.755011,TRANSFER,1898.77,BRANCH,UAE,0
TXN_0006280,ACC_000493,ACC_000579,2026-05-30 18:10:40.755011,TRANSFER,8674.04,ONLINE,India,0
TXN_0006281,ACC_000870,ACC_000507,2026-08-13 01:23:53.755011,TRANSFER,9284.92,ONLINE,Hong Kong,0
TXN_0006282,ACC_000321,ACC_000877,2026-07-05 21:12:14.755011,PAYMENT,10127.45,ONLINE,USA,0
TXN_0006283,ACC_000466,ACC_000163,2026-07-13 16:49:12.755011,TRANSFER,24436.81,ATM,India,0
TXN_0006284,ACC_000375,ACC_000653,2026-08-10 03:03:30.755011,TRANSFER,27521.09,ONLINE,Hong Kong,0
TXN_0006285,ACC_000749,ACC_000816,2026-05-14 18:47:56.755011,DEPOSIT,3971.69,ATM,UK,0
TXN_0006286,ACC_000278,ACC_000428,2026-07-25 21:06:18.755011,PAYMENT,3868.52,ATM,India,0
TXN_0006287,ACC_000436,ACC_000418,2026-05-11 19:40:35.755011,PAYMENT,2325.67,ATM,UAE,0
TXN_0006288,ACC_000362,ACC_000038,2026-07-17 03:19:46.755011,PAYMENT,18743.06,MOBILE,USA,0
TXN_0006289,ACC_000132,ACC_000331,2026-05-20 21:13:02.755011,PAYMENT,46100.73,ONLINE,UK,0
TXN_0006290,ACC_000659,ACC_000507,2026-03-17 21:08:20.755011,WITHDRAWAL,5551.93,MOBILE,UAE,0
TXN_0006291,ACC_000291,ACC_000068,2026-08-17 05:18:48.755011,WITHDRAWAL,6064.96,ATM,India,0
TXN_0006292,ACC_000542,ACC_000305,2026-05-01 10:21:07.755011,PAYMENT,47105.22,MOBILE,India,0
TXN_0006293,ACC_000015,ACC_000779,2026-05-18 03:05:42.755011,PAYMENT,14863.58,ATM,USA,0
TXN_0006294,ACC_000599,ACC_000656,2026-08-20 11:32:06.755011,DEPOSIT,13677.16,ONLINE,USA,0
TXN_0006295,ACC_000310,ACC_000951,2026-03-08 05:18:42.755011,PAYMENT,1940.89,ONLINE,India,0
TXN_0006296,ACC_000480,ACC_000496,2026-03-09 19:07:51.755011,TRANSFER,18296.66,ATM,USA,0
TXN_0006297,ACC_000707,ACC_000248,2026-07-21 21:27:55.755011,PAYMENT,2657.22,BRANCH,Singapore,0
TXN_0006298,ACC_000502,ACC_000447,2026-04-19 07:13:02.755011,WITHDRAWAL,2078.03,MOBILE,UK,0
TXN_0006299,ACC_000449,ACC_000131,2026-03-20 01:24:56.755011,DEPOSIT,5344.77,MOBILE,Singapore,0
TXN_0006300,ACC_000329,ACC_000318,2026-05-12 00:12:15.755011,TRANSFER,4012.01,MOBILE,Singapore,0
TXN_0006301,ACC_000931,ACC_000399,2026-04-11 08:40:08.755011,DEPOSIT,6211.02,BRANCH,India,0
TXN_0006302,ACC_000253,ACC_000595,2026-07-18 03:41:36.755011,PAYMENT,1437.73,ATM,UAE,0
TXN_0006303,ACC_000725,ACC_000053,2026-06-05 07:17:48.755011,PAYMENT,25605.94,ONLINE,UK,0
TXN_0006304,ACC_000101,ACC_000213,2026-07-10 01:29:00.755011,WITHDRAWAL,31357.96,ATM,Hong Kong,0
TXN_0006305,ACC_000448,ACC_000162,2026-03-17 06:37:18.755011,DEPOSIT,783.04,MOBILE,UAE,0
TXN_0006306,ACC_000832,ACC_000458,2026-05-02 09:22:10.755011,DEPOSIT,26216.63,ATM,USA,0
TXN_0006307,ACC_000579,ACC_000072,2026-08-16 01:34:54.755011,PAYMENT,3063.66,ONLINE,USA,0
TXN_0006308,ACC_000706,ACC_000615,2026-03-29 04:41:13.755011,TRANSFER,22660.32,ATM,Singapore,0
TXN_0006309,ACC_000581,ACC_000714,2026-04-23 12:51:11.755011,WITHDRAWAL,7464.13,MOBILE,Singapore,0
TXN_0006310,ACC_000972,ACC_000295,2026-03-24 11:01:50.755011,PAYMENT,8387.78,ONLINE,Hong Kong,0
TXN_0006311,ACC_000192,ACC_000182,2026-07-16 05:05:10.755011,TRANSFER,6489.12,BRANCH,Hong Kong,0
TXN_0006312,ACC_000613,ACC_000091,2026-05-09 14:38:45.755011,TRANSFER,34702.08,ONLINE,Hong Kong,0
TXN_0006313,ACC_000195,ACC_000404,2026-04-25 06:50:08.755011,WITHDRAWAL,1830.77,ATM,Singapore,0
TXN_0006314,ACC_000216,ACC_000844,2026-04-25 04:44:38.755011,PAYMENT,16804.61,BRANCH,UAE,0
TXN_0006315,ACC_000161,ACC_000707,2026-04-05 01:48:44.755011,TRANSFER,30381.71,ONLINE,Singapore,0
TXN_0006316,ACC_000942,ACC_000911,2026-04-08 12:44:49.755011,DEPOSIT,19141.39,BRANCH,Hong Kong,0
TXN_0006317,ACC_000161,ACC_000473,2026-05-08 10:23:34.755011,TRANSFER,131878.81,BRANCH,UAE,0
TXN_0006318,ACC_000109,ACC_000058,2026-06-09 03:15:24.755011,PAYMENT,4295.25,ATM,UAE,0
TXN_0006319,ACC_000041,ACC_000015,2026-04-18 19:15:59.755011,TRANSFER,25559.54,ONLINE,India,0
TXN_0006320,ACC_000650,ACC_000999,2026-04-17 13:42:55.755011,PAYMENT,7134.46,MOBILE,UAE,0
TXN_0006321,ACC_000661,ACC_000981,2026-05-28 19:40:28.755011,DEPOSIT,35599.51,BRANCH,UK,0
TXN_0006322,ACC_000565,ACC_000424,2026-05-18 05:54:28.755011,TRANSFER,8028.66,BRANCH,USA,0
TXN_0006323,ACC_000988,ACC_000474,2026-05-06 11:26:42.755011,TRANSFER,5087.54,ATM,UK,0
TXN_0006324,ACC_000654,ACC_000222,2026-05-28 05:49:40.755011,PAYMENT,38843.14,ATM,Hong Kong,0
TXN_0006325,ACC_000363,ACC_000665,2026-05-19 23:13:17.755011,DEPOSIT,4492.33,MOBILE,India,0
TXN_0006326,ACC_000421,ACC_000753,2026-07-30 19:39:20.755011,PAYMENT,1487.32,MOBILE,India,0
TXN_0006327,ACC_000209,ACC_000322,2026-06-11 14:20:01.755011,TRANSFER,4358.07,MOBILE,India,0
TXN_0006328,ACC_000512,ACC_000406,2026-08-18 04:21:40.755011,DEPOSIT,17031.84,MOBILE,Hong Kong,0
TXN_0006329,ACC_000936,ACC_000594,2026-05-16 13:09:04.755011,DEPOSIT,43064.17,MOBILE,Singapore,0
TXN_0006330,ACC_000951,ACC_000656,2026-08-07 00:26:41.755011,PAYMENT,9259.04,ATM,Singapore,0
TXN_0006331,ACC_000187,ACC_000584,2026-04-06 06:12:12.755011,DEPOSIT,39412.43,MOBILE,UAE,0
TXN_0006332,ACC_000091,ACC_000009,2026-04-03 14:00:35.755011,PAYMENT,1587.94,ATM,USA,0
TXN_0006333,ACC_000272,ACC_000347,2026-07-27 16:06:11.755011,WITHDRAWAL,4760.39,BRANCH,UAE,0
TXN_0006334,ACC_000738,ACC_000203,2026-08-17 09:57:00.755011,DEPOSIT,5731.37,ATM,USA,0
TXN_0006335,ACC_000047,ACC_000280,2026-05-26 16:48:10.755011,TRANSFER,7062.32,MOBILE,USA,0
TXN_0006336,ACC_000220,ACC_000059,2026-05-06 01:16:47.755011,PAYMENT,8963.48,BRANCH,India,0
TXN_0006337,ACC_000810,ACC_000499,2026-04-19 07:31:55.755011,PAYMENT,18566.11,ATM,UAE,0
TXN_0006338,ACC_000017,ACC_000635,2026-03-31 02:59:59.755011,PAYMENT,4751.58,MOBILE,Hong Kong,0
TXN_0006339,ACC_000914,ACC_000688,2026-05-06 22:18:30.755011,PAYMENT,9574.27,ATM,USA,0
TXN_0006340,ACC_000034,ACC_000090,2026-05-18 04:03:53.755011,WITHDRAWAL,7675.99,BRANCH,USA,0
TXN_0006341,ACC_000472,ACC_000825,2026-03-12 10:17:26.755011,DEPOSIT,2667.59,MOBILE,USA,0
TXN_0006342,ACC_000559,ACC_000480,2026-09-02 07:57:07.755011,PAYMENT,7069.89,MOBILE,Singapore,0
TXN_0006343,ACC_000639,ACC_000025,2026-07-18 20:55:17.755011,TRANSFER,6819.96,BRANCH,UAE,0
TXN_0006344,ACC_000409,ACC_000442,2026-05-05 09:15:49.755011,DEPOSIT,6646.88,BRANCH,UAE,0
TXN_0006345,ACC_000228,ACC_000442,2026-06-24 14:14:25.755011,TRANSFER,8417.86,MOBILE,USA,0
TXN_0006346,ACC_000163,ACC_000900,2026-06-13 15:10:04.755011,WITHDRAWAL,8873.36,ONLINE,UAE,0
TXN_0006347,ACC_000186,ACC_000343,2026-06-27 22:44:21.755011,DEPOSIT,4823.46,ATM,UAE,0
TXN_0006348,ACC_000387,ACC_000390,2026-04-12 06:16:55.755011,PAYMENT,37318.99,ATM,USA,0
TXN_0006349,ACC_000835,ACC_000163,2026-07-28 01:41:03.755011,DEPOSIT,1991.46,ATM,Hong Kong,0
TXN_0006350,ACC_000848,ACC_000904,2026-07-24 20:28:09.755011,DEPOSIT,3411.26,ATM,Singapore,0
TXN_0006351,ACC_000479,ACC_000182,2026-07-26 18:12:46.755011,PAYMENT,3468549.3,ATM,UK,1
TXN_0006352,ACC_000899,ACC_000441,2026-08-24 09:59:58.755011,DEPOSIT,2331.83,BRANCH,India,0
TXN_0006353,ACC_000960,ACC_000980,2026-03-26 21:43:56.755011,WITHDRAWAL,1596.38,BRANCH,India,0
TXN_0006354,ACC_000891,ACC_000526,2026-05-19 22:41:46.755011,DEPOSIT,19562.55,ATM,UAE,0
TXN_0006355,ACC_000776,ACC_000757,2026-05-21 10:30:39.755011,DEPOSIT,670.12,ATM,UK,0
TXN_0006356,ACC_000261,ACC_000911,2026-07-02 18:15:59.755011,TRANSFER,112496.05,ATM,Hong Kong,1
TXN_0006357,ACC_000666,ACC_000693,2026-08-01 21:23:26.755011,WITHDRAWAL,106403.09,ONLINE,UAE,0
TXN_0006358,ACC_000428,ACC_000820,2026-07-06 03:52:47.755011,TRANSFER,19809.88,ATM,Hong Kong,1
TXN_0006359,ACC_000871,ACC_000575,2026-03-16 14:21:39.755011,PAYMENT,751.18,ATM,India,0
TXN_0006360,ACC_000029,ACC_000125,2026-06-21 04:26:19.755011,DEPOSIT,1340.75,ATM,UK,0
TXN_0006361,ACC_000070,ACC_000824,2026-06-29 04:15:54.755011,PAYMENT,23814.06,ATM,Singapore,0
TXN_0006362,ACC_000254,ACC_000647,2026-07-02 10:47:44.755011,TRANSFER,610650.76,ONLINE,Hong Kong,1
TXN_0006363,ACC_000953,ACC_000819,2026-04-07 12:28:49.755011,TRANSFER,4380.39,ONLINE,Singapore,0
TXN_0006364,ACC_000783,ACC_000376,2026-06-12 18:44:00.755011,PAYMENT,18395.38,ONLINE,India,0
TXN_0006365,ACC_000594,ACC_000102,2026-04-23 03:43:05.755011,WITHDRAWAL,42972.1,ATM,USA,0
TXN_0006366,ACC_000249,ACC_000834,2026-04-14 07:08:48.755011,DEPOSIT,69204.12,ATM,Hong Kong,0
TXN_0006367,ACC_000005,ACC_000608,2026-08-03 14:20:25.755011,PAYMENT,6029.37,ONLINE,USA,0
TXN_0006368,ACC_000251,ACC_000126,2026-04-12 02:41:17.755011,DEPOSIT,511.95,BRANCH,USA,0
TXN_0006369,ACC_000188,ACC_000638,2026-03-29 06:53:59.755011,WITHDRAWAL,3025.84,ONLINE,USA,0
TXN_0006370,ACC_000468,ACC_000498,2026-08-04 14:51:12.755011,WITHDRAWAL,4855.34,BRANCH,UAE,0
TXN_0006371,ACC_000008,ACC_000716,2026-03-10 03:07:51.755011,TRANSFER,5938.87,ONLINE,Hong Kong,0
TXN_0006372,ACC_000767,ACC_000082,2026-07-31 10:48:37.755011,DEPOSIT,6467.65,BRANCH,UK,0
TXN_0006373,ACC_000218,ACC_000841,2026-08-26 00:50:57.755011,PAYMENT,31028.88,MOBILE,UK,0
TXN_0006374,ACC_000224,ACC_000803,2026-04-26 09:37:53.755011,DEPOSIT,37395.82,ONLINE,UK,0
TXN_0006375,ACC_000292,ACC_000737,2026-05-07 03:59:20.755011,DEPOSIT,6594.5,MOBILE,Singapore,0
TXN_0006376,ACC_000477,ACC_001000,2026-03-29 12:21:02.755011,TRANSFER,30278.16,BRANCH,India,0
TXN_0006377,ACC_000546,ACC_000991,2026-04-03 18:28:58.755011,PAYMENT,12446.49,ONLINE,UK,0
TXN_0006378,ACC_000244,ACC_000673,2026-07-06 11:37:20.755011,TRANSFER,8755.24,ATM,UK,0
TXN_0006379,ACC_000657,ACC_000117,2026-06-25 17:42:19.755011,PAYMENT,24049.1,ATM,USA,0
TXN_0006380,ACC_000698,ACC_000013,2026-07-14 19:10:58.755011,TRANSFER,8837.0,MOBILE,UAE,0
TXN_0006381,ACC_000183,ACC_000272,2026-04-18 03:38:35.755011,TRANSFER,95738.27,ATM,USA,0
TXN_0006382,ACC_000359,ACC_000192,2026-07-31 21:35:45.755011,DEPOSIT,1442.17,BRANCH,USA,0
TXN_0006383,ACC_000890,ACC_000044,2026-07-12 18:07:58.755011,PAYMENT,4366.84,ONLINE,USA,0
TXN_0006384,ACC_000479,ACC_000578,2026-05-31 06:02:33.755011,WITHDRAWAL,6961.69,MOBILE,USA,0
TXN_0006385,ACC_000763,ACC_000221,2026-08-30 06:21:35.755011,PAYMENT,13730.06,BRANCH,Singapore,0
TXN_0006386,ACC_000768,ACC_000776,2026-03-27 04:10:53.755011,TRANSFER,37106.69,BRANCH,Singapore,0
TXN_0006387,ACC_000823,ACC_000444,2026-03-29 09:25:46.755011,DEPOSIT,7869.28,BRANCH,Hong Kong,0
TXN_0006388,ACC_000008,ACC_000184,2026-07-01 13:03:17.755011,WITHDRAWAL,1470.45,ONLINE,UK,0
TXN_0006389,ACC_000896,ACC_000263,2026-05-23 13:08:20.755011,PAYMENT,22270.47,BRANCH,Singapore,0
TXN_0006390,ACC_000175,ACC_000176,2026-03-10 12:26:53.755011,TRANSFER,20049.32,MOBILE,India,0
TXN_0006391,ACC_000954,ACC_000966,2026-08-11 03:36:39.755011,WITHDRAWAL,788.21,ATM,Hong Kong,0
TXN_0006392,ACC_000969,ACC_000690,2026-05-01 09:33:48.755011,TRANSFER,8066.18,MOBILE,USA,0
TXN_0006393,ACC_000288,ACC_000799,2026-06-16 19:20:59.755011,TRANSFER,1202.11,ONLINE,Hong Kong,0
TXN_0006394,ACC_000331,ACC_000815,2026-06-02 07:56:05.755011,WITHDRAWAL,3649.77,ONLINE,UAE,0
TXN_0006395,ACC_000168,ACC_000561,2026-05-08 13:58:51.755011,WITHDRAWAL,2742.51,BRANCH,Singapore,0
TXN_0006396,ACC_000801,ACC_000509,2026-04-21 15:28:56.755011,WITHDRAWAL,21399.39,BRANCH,Singapore,0
TXN_0006397,ACC_000752,ACC_000008,2026-03-17 01:49:49.755011,PAYMENT,9322.59,ONLINE,Hong Kong,0
TXN_0006398,ACC_000676,ACC_000302,2026-04-29 09:30:29.755011,TRANSFER,1732.45,MOBILE,UAE,0
TXN_0006399,ACC_000736,ACC_000918,2026-05-10 02:09:34.755011,TRANSFER,23296.98,ONLINE,Singapore,0
TXN_0006400,ACC_000172,ACC_000466,2026-06-01 06:20:12.755011,DEPOSIT,1450.17,ATM,Hong Kong,0
TXN_0006401,ACC_000579,ACC_000027,2026-04-12 20:25:52.755011,TRANSFER,12041.77,ATM,USA,0
TXN_0006402,ACC_000093,ACC_000770,2026-03-28 10:07:45.755011,PAYMENT,3050.89,ONLINE,USA,0
TXN_0006403,ACC_000917,ACC_000201,2026-05-29 09:53:03.755011,DEPOSIT,5224.88,ONLINE,India,0
TXN_0006404,ACC_000041,ACC_000373,2026-07-01 07:09:37.755011,TRANSFER,14840.64,ATM,UK,0
TXN_0006405,ACC_000066,ACC_000068,2026-05-07 14:09:27.755011,DEPOSIT,15149.75,MOBILE,Singapore,0
TXN_0006406,ACC_000091,ACC_000472,2026-07-25 01:56:45.755011,TRANSFER,40310.32,BRANCH,UK,0
TXN_0006407,ACC_000879,ACC_000451,2026-08-12 03:16:15.755011,DEPOSIT,7341.48,BRANCH,USA,0
TXN_0006408,ACC_000168,ACC_000916,2026-03-24 20:29:41.755011,WITHDRAWAL,11704.64,ONLINE,Singapore,0
TXN_0006409,ACC_000026,ACC_000316,2026-07-02 18:42:18.755011,WITHDRAWAL,4792.06,ONLINE,USA,0
TXN_0006410,ACC_000534,ACC_000124,2026-07-13 03:56:09.755011,TRANSFER,10080.8,ONLINE,India,0
TXN_0006411,ACC_000931,ACC_000344,2026-08-18 10:49:18.755011,DEPOSIT,125163.04,BRANCH,Hong Kong,1
TXN_0006412,ACC_000427,ACC_000924,2026-05-31 16:52:42.755011,TRANSFER,7201.38,MOBILE,USA,0
TXN_0006413,ACC_000756,ACC_000030,2026-05-23 23:03:37.755011,TRANSFER,930.29,BRANCH,India,0
TXN_0006414,ACC_000097,ACC_000461,2026-08-07 21:26:56.755011,DEPOSIT,12061.39,MOBILE,UK,0
TXN_0006415,ACC_000495,ACC_000891,2026-08-29 03:03:01.755011,DEPOSIT,12549.97,ONLINE,USA,0
TXN_0006416,ACC_000211,ACC_000569,2026-07-14 16:27:24.755011,TRANSFER,3582.41,MOBILE,Hong Kong,0
TXN_0006417,ACC_000517,ACC_000895,2026-04-21 02:59:01.755011,PAYMENT,16620.83,BRANCH,Singapore,1
TXN_0006418,ACC_000883,ACC_000195,2026-05-09 02:29:43.755011,PAYMENT,47622.23,ONLINE,UAE,0
TXN_0006419,ACC_000603,ACC_000660,2026-07-08 23:35:03.755011,PAYMENT,14613.99,MOBILE,UAE,0
TXN_0006420,ACC_000803,ACC_000242,2026-06-07 13:29:48.755011,WITHDRAWAL,6155.51,BRANCH,USA,0
TXN_0006421,ACC_000898,ACC_000973,2026-04-09 17:51:40.755011,PAYMENT,29589.92,ATM,Hong Kong,1
TXN_0006422,ACC_000484,ACC_000914,2026-07-21 12:03:56.755011,TRANSFER,3022.45,ATM,Hong Kong,0
TXN_0006423,ACC_000916,ACC_000836,2026-03-13 06:57:44.755011,PAYMENT,38681.18,BRANCH,Hong Kong,0
TXN_0006424,ACC_000621,ACC_000820,2026-07-24 01:57:19.755011,WITHDRAWAL,9558.58,BRANCH,UK,0
TXN_0006425,ACC_000139,ACC_000694,2026-04-28 05:23:06.755011,DEPOSIT,4185.14,ATM,UAE,0
TXN_0006426,ACC_000741,ACC_000778,2026-05-08 10:10:59.755011,DEPOSIT,14937.45,MOBILE,USA,0
TXN_0006427,ACC_000080,ACC_000567,2026-07-02 12:23:34.755011,DEPOSIT,3049.47,BRANCH,Singapore,0
TXN_0006428,ACC_000485,ACC_000255,2026-04-06 15:52:19.755011,WITHDRAWAL,49070.42,ATM,USA,0
TXN_0006429,ACC_000004,ACC_000962,2026-08-28 05:52:50.755011,DEPOSIT,41083.45,ATM,India,0
TXN_0006430,ACC_000435,ACC_000200,2026-05-26 06:32:39.755011,PAYMENT,4629.07,MOBILE,India,0
TXN_0006431,ACC_000899,ACC_000137,2026-07-19 16:06:54.755011,TRANSFER,3810.8,MOBILE,Singapore,0
TXN_0006432,ACC_000904,ACC_000706,2026-04-26 01:27:48.755011,WITHDRAWAL,350.11,ATM,Singapore,0
TXN_0006433,ACC_000819,ACC_000890,2026-04-09 17:32:06.755011,DEPOSIT,1369.37,ATM,USA,0
TXN_0006434,ACC_000033,ACC_000291,2026-06-04 15:54:43.755011,WITHDRAWAL,1623.98,MOBILE,UK,0
TXN_0006435,ACC_000121,ACC_000758,2026-07-24 14:41:54.755011,WITHDRAWAL,9530.27,ATM,UK,0
TXN_0006436,ACC_000087,ACC_000080,2026-04-05 01:33:05.755011,TRANSFER,5478.13,BRANCH,UK,0
TXN_0006437,ACC_000272,ACC_000301,2026-06-27 06:48:39.755011,WITHDRAWAL,1612.59,BRANCH,Hong Kong,0
TXN_0006438,ACC_000833,ACC_000083,2026-08-03 01:41:30.755011,WITHDRAWAL,5782.57,ATM,Hong Kong,0
TXN_0006439,ACC_000244,ACC_000518,2026-05-19 23:20:05.755011,TRANSFER,14859.65,MOBILE,India,0
TXN_0006440,ACC_000126,ACC_000932,2026-03-29 01:31:27.755011,DEPOSIT,15266.36,MOBILE,Singapore,0
TXN_0006441,ACC_000924,ACC_000258,2026-04-10 04:18:05.755011,DEPOSIT,829.15,MOBILE,USA,0
TXN_0006442,ACC_000514,ACC_000453,2026-08-25 00:55:46.755011,PAYMENT,6947.13,MOBILE,Singapore,0
TXN_0006443,ACC_000220,ACC_000668,2026-05-09 05:21:13.755011,DEPOSIT,1540.7,MOBILE,Hong Kong,0
TXN_0006444,ACC_000369,ACC_000246,2026-03-30 10:12:04.755011,TRANSFER,23910.54,ONLINE,Singapore,0
TXN_0006445,ACC_000268,ACC_000378,2026-03-30 14:44:28.755011,TRANSFER,20763.99,ATM,UK,0
TXN_0006446,ACC_000182,ACC_000940,2026-06-25 22:03:36.755011,PAYMENT,2758.29,ONLINE,UK,0
TXN_0006447,ACC_000176,ACC_000267,2026-08-12 06:51:39.755011,WITHDRAWAL,59235.19,ATM,India,1
TXN_0006448,ACC_000094,ACC_000144,2026-06-13 04:02:39.755011,WITHDRAWAL,4658.64,BRANCH,UK,0
TXN_0006449,ACC_000761,ACC_000490,2026-04-22 19:06:16.755011,DEPOSIT,542.75,ATM,UK,0
TXN_0006450,ACC_000838,ACC_000651,2026-03-16 16:12:20.755011,TRANSFER,12126.66,MOBILE,Hong Kong,0
TXN_0006451,ACC_000431,ACC_000755,2026-05-29 03:20:29.755011,DEPOSIT,5840.59,ONLINE,Hong Kong,0
TXN_0006452,ACC_000886,ACC_000610,2026-08-11 13:19:03.755011,DEPOSIT,25957.35,ATM,Hong Kong,0
TXN_0006453,ACC_000622,ACC_000105,2026-05-06 13:31:13.755011,PAYMENT,2168.76,ONLINE,UAE,0
TXN_0006454,ACC_000979,ACC_000717,2026-07-01 12:40:31.755011,TRANSFER,3854.72,BRANCH,UK,0
TXN_0006455,ACC_000870,ACC_000792,2026-03-22 12:23:32.755011,WITHDRAWAL,1328.98,BRANCH,India,0
TXN_0006456,ACC_000105,ACC_000111,2026-03-09 04:58:57.755011,PAYMENT,2428.07,MOBILE,India,0
TXN_0006457,ACC_000084,ACC_000426,2026-04-13 13:16:01.755011,TRANSFER,1961.81,ONLINE,UK,0
TXN_0006458,ACC_000933,ACC_000493,2026-04-12 19:43:25.755011,PAYMENT,26773.51,BRANCH,UAE,0
TXN_0006459,ACC_000948,ACC_000177,2026-07-09 12:27:00.755011,TRANSFER,24555.83,BRANCH,India,1
TXN_0006460,ACC_000632,ACC_000562,2026-07-21 18:43:29.755011,WITHDRAWAL,9405.13,ATM,UK,0
TXN_0006461,ACC_000634,ACC_000405,2026-06-05 04:36:12.755011,DEPOSIT,5131.14,BRANCH,UAE,0
TXN_0006462,ACC_000034,ACC_000954,2026-04-08 07:02:45.755011,TRANSFER,1766.3,ONLINE,UK,0
TXN_0006463,ACC_000277,ACC_000140,2026-08-17 05:08:35.755011,WITHDRAWAL,6621.25,BRANCH,India,0
TXN_0006464,ACC_000863,ACC_000501,2026-04-19 17:35:32.755011,PAYMENT,16629.34,ATM,Hong Kong,0
TXN_0006465,ACC_000434,ACC_000070,2026-09-01 14:16:56.755011,WITHDRAWAL,1902.05,MOBILE,USA,0
TXN_0006466,ACC_000864,ACC_000330,2026-09-03 09:23:36.755011,WITHDRAWAL,21395.49,BRANCH,UK,0
TXN_0006467,ACC_000448,ACC_000219,2026-07-20 21:48:49.755011,DEPOSIT,2922.91,ATM,UAE,0
TXN_0006468,ACC_000322,ACC_000511,2026-05-12 11:40:24.755011,DEPOSIT,4538.81,BRANCH,Hong Kong,0
TXN_0006469,ACC_000548,ACC_000869,2026-07-09 23:49:28.755011,PAYMENT,15318.55,BRANCH,Singapore,0
TXN_0006470,ACC_000320,ACC_000738,2026-06-06 13:00:25.755011,TRANSFER,3655.09,ONLINE,UK,0
TXN_0006471,ACC_000280,ACC_000748,2026-07-02 23:44:04.755011,TRANSFER,8476.81,MOBILE,India,0
TXN_0006472,ACC_000868,ACC_000236,2026-08-13 04:01:23.755011,TRANSFER,5554.54,ATM,UK,0
TXN_0006473,ACC_000896,ACC_000137,2026-05-30 16:03:02.755011,WITHDRAWAL,152663.62,BRANCH,UAE,1
TXN_0006474,ACC_000436,ACC_000734,2026-05-20 20:18:47.755011,TRANSFER,465.5,BRANCH,USA,0
TXN_0006475,ACC_000480,ACC_000929,2026-07-16 19:52:20.755011,DEPOSIT,901.79,ONLINE,Singapore,0
TXN_0006476,ACC_000817,ACC_000176,2026-03-23 08:42:57.755011,TRANSFER,16969.29,ONLINE,India,0
TXN_0006477,ACC_000399,ACC_000170,2026-04-01 14:44:55.755011,PAYMENT,28130.73,BRANCH,UK,0
TXN_0006478,ACC_000937,ACC_000107,2026-05-01 22:36:28.755011,TRANSFER,2717.36,ATM,UK,0
TXN_0006479,ACC_000063,ACC_000514,2026-05-03 10:24:35.755011,WITHDRAWAL,6046.08,ATM,UK,0
TXN_0006480,ACC_000345,ACC_000162,2026-04-23 03:27:00.755011,WITHDRAWAL,11541.02,ATM,Singapore,0
TXN_0006481,ACC_000748,ACC_000968,2026-08-02 18:35:16.755011,WITHDRAWAL,18617.57,ONLINE,Singapore,0
TXN_0006482,ACC_000944,ACC_000699,2026-05-27 12:06:49.755011,WITHDRAWAL,711.08,MOBILE,Singapore,0
TXN_0006483,ACC_000897,ACC_000881,2026-06-09 19:16:26.755011,WITHDRAWAL,2798.26,MOBILE,Hong Kong,0
TXN_0006484,ACC_000339,ACC_000078,2026-04-06 12:05:30.755011,PAYMENT,5436.58,ATM,UK,0
TXN_0006485,ACC_000565,ACC_000850,2026-07-30 00:34:31.755011,WITHDRAWAL,18840.58,BRANCH,Singapore,0
TXN_0006486,ACC_000656,ACC_000053,2026-08-18 16:20:57.755011,TRANSFER,162448.54,BRANCH,UK,0
TXN_0006487,ACC_000162,ACC_000873,2026-08-19 22:10:00.755011,DEPOSIT,6163.46,ATM,UAE,0
TXN_0006488,ACC_000780,ACC_000868,2026-07-18 14:27:51.755011,DEPOSIT,1497.61,MOBILE,USA,0
TXN_0006489,ACC_000407,ACC_000509,2026-07-06 15:56:58.755011,WITHDRAWAL,13130.88,ONLINE,USA,0
TXN_0006490,ACC_000681,ACC_000530,2026-04-19 23:20:11.755011,WITHDRAWAL,39545.02,MOBILE,India,0
TXN_0006491,ACC_000574,ACC_000269,2026-03-18 21:21:10.755011,TRANSFER,9224.49,MOBILE,UAE,0
TXN_0006492,ACC_000290,ACC_000147,2026-04-01 11:49:22.755011,DEPOSIT,2729.9,MOBILE,Singapore,0
TXN_0006493,ACC_000858,ACC_000712,2026-04-19 10:46:47.755011,WITHDRAWAL,25580.68,ONLINE,Hong Kong,0
TXN_0006494,ACC_000892,ACC_000494,2026-07-16 16:09:07.755011,DEPOSIT,343584.99,ATM,UK,1
TXN_0006495,ACC_000428,ACC_000073,2026-05-01 16:07:13.755011,WITHDRAWAL,2365.4,ATM,Hong Kong,0
TXN_0006496,ACC_000023,ACC_000278,2026-04-09 00:04:00.755011,TRANSFER,12806.53,MOBILE,USA,0
TXN_0006497,ACC_000252,ACC_000210,2026-08-07 23:34:17.755011,WITHDRAWAL,26815.05,BRANCH,India,0
TXN_0006498,ACC_000511,ACC_000539,2026-07-01 17:47:16.755011,DEPOSIT,33465.42,ATM,Singapore,0
TXN_0006499,ACC_000667,ACC_000392,2026-04-11 07:53:37.755011,WITHDRAWAL,7482.04,ATM,Hong Kong,0
TXN_0006500,ACC_000043,ACC_000294,2026-06-14 00:37:38.755011,TRANSFER,5272.74,ONLINE,Singapore,0
TXN_0006501,ACC_000825,ACC_000394,2026-08-26 04:16:42.755011,TRANSFER,35338.51,ATM,USA,0
TXN_0006502,ACC_000237,ACC_000063,2026-07-28 18:21:07.755011,WITHDRAWAL,32337.89,MOBILE,UK,1
TXN_0006503,ACC_000309,ACC_000256,2026-07-11 16:48:04.755011,DEPOSIT,13715.68,BRANCH,India,0
TXN_0006504,ACC_000017,ACC_000646,2026-07-16 22:03:51.755011,PAYMENT,1565.51,ONLINE,USA,0
TXN_0006505,ACC_000554,ACC_000050,2026-06-22 21:46:27.755011,PAYMENT,29098.78,ONLINE,India,0
TXN_0006506,ACC_000498,ACC_000743,2026-05-27 03:28:55.755011,DEPOSIT,5945.24,BRANCH,Singapore,0
TXN_0006507,ACC_000246,ACC_000874,2026-06-03 19:10:13.755011,DEPOSIT,37134.43,MOBILE,Singapore,0
TXN_0006508,ACC_000357,ACC_000306,2026-05-15 19:12:28.755011,WITHDRAWAL,14613.42,ONLINE,USA,0
TXN_0006509,ACC_000114,ACC_000629,2026-06-13 09:08:02.755011,WITHDRAWAL,1867.09,MOBILE,USA,0
TXN_0006510,ACC_000740,ACC_000114,2026-07-28 23:26:55.755011,TRANSFER,44781.63,ONLINE,USA,0
TXN_0006511,ACC_000588,ACC_000323,2026-04-16 03:17:12.755011,WITHDRAWAL,52129.92,ATM,USA,0
TXN_0006512,ACC_000634,ACC_000750,2026-06-19 19:21:13.755011,PAYMENT,23359.14,ATM,Hong Kong,0
TXN_0006513,ACC_000969,ACC_000900,2026-07-12 05:21:57.755011,TRANSFER,3248.97,ATM,UK,0
TXN_0006514,ACC_000319,ACC_000998,2026-03-21 00:32:15.755011,WITHDRAWAL,5612.68,MOBILE,Hong Kong,0
TXN_0006515,ACC_000024,ACC_000147,2026-06-05 15:51:57.755011,DEPOSIT,9648.07,MOBILE,India,0
TXN_0006516,ACC_000815,ACC_000433,2026-08-09 20:40:14.755011,TRANSFER,3482.65,BRANCH,Singapore,0
TXN_0006517,ACC_000328,ACC_000648,2026-03-28 01:39:50.755011,TRANSFER,61747.94,MOBILE,UK,0
TXN_0006518,ACC_000448,ACC_000161,2026-06-08 04:27:33.755011,TRANSFER,9635.33,BRANCH,UK,0
TXN_0006519,ACC_000753,ACC_000262,2026-04-23 23:23:58.755011,PAYMENT,316.08,BRANCH,Hong Kong,0
TXN_0006520,ACC_000593,ACC_000465,2026-08-27 13:40:45.755011,PAYMENT,12176.06,ONLINE,USA,0
TXN_0006521,ACC_000448,ACC_000581,2026-03-17 21:15:34.755011,WITHDRAWAL,5335.89,BRANCH,USA,0
TXN_0006522,ACC_000035,ACC_000162,2026-07-14 22:07:19.755011,PAYMENT,7406.31,MOBILE,UAE,0
TXN_0006523,ACC_000474,ACC_000787,2026-06-03 14:39:19.755011,TRANSFER,5206.47,ATM,UK,0
TXN_0006524,ACC_000271,ACC_000544,2026-06-19 17:45:14.755011,TRANSFER,21342.5,MOBILE,UAE,0
TXN_0006525,ACC_000394,ACC_000695,2026-03-23 11:48:13.755011,WITHDRAWAL,31058.42,ONLINE,Hong Kong,0
TXN_0006526,ACC_000283,ACC_000322,2026-06-28 20:37:16.755011,DEPOSIT,11380.58,MOBILE,UK,0
TXN_0006527,ACC_000330,ACC_000148,2026-08-03 11:41:34.755011,PAYMENT,5392.84,ONLINE,India,0
TXN_0006528,ACC_000174,ACC_000311,2026-05-18 09:17:14.755011,PAYMENT,7710.94,BRANCH,Singapore,0
TXN_0006529,ACC_000262,ACC_000506,2026-05-10 14:05:34.755011,TRANSFER,8295.92,ONLINE,UAE,0
TXN_0006530,ACC_000500,ACC_000614,2026-08-02 10:42:01.755011,WITHDRAWAL,3093.58,ONLINE,India,0
TXN_0006531,ACC_000385,ACC_000463,2026-05-04 23:04:15.755011,TRANSFER,16231.59,ATM,Singapore,0
TXN_0006532,ACC_000658,ACC_000976,2026-08-01 19:13:06.755011,WITHDRAWAL,14073.53,ONLINE,Hong Kong,0
TXN_0006533,ACC_000715,ACC_000029,2026-06-13 05:36:43.755011,TRANSFER,51458.43,MOBILE,Hong Kong,0
TXN_0006534,ACC_000922,ACC_000729,2026-06-09 08:38:05.755011,TRANSFER,36549.39,BRANCH,USA,0
TXN_0006535,ACC_000434,ACC_000044,2026-08-19 15:14:51.755011,PAYMENT,3558.84,ONLINE,Singapore,0
TXN_0006536,ACC_000306,ACC_000013,2026-07-14 07:47:52.755011,DEPOSIT,21684.61,ATM,Hong Kong,0
TXN_0006537,ACC_000907,ACC_000275,2026-05-21 06:54:44.755011,WITHDRAWAL,2588.56,BRANCH,UK,0
TXN_0006538,ACC_000354,ACC_000296,2026-06-10 04:23:06.755011,PAYMENT,18678.32,ATM,USA,0
TXN_0006539,ACC_000410,ACC_000502,2026-07-31 23:03:07.755011,WITHDRAWAL,4359.28,ONLINE,UK,0
TXN_0006540,ACC_000930,ACC_000906,2026-05-28 13:58:19.755011,DEPOSIT,2373.44,ONLINE,UK,0
TXN_0006541,ACC_000113,ACC_000710,2026-06-06 08:34:40.755011,WITHDRAWAL,11339.58,MOBILE,Singapore,0
TXN_0006542,ACC_000881,ACC_000432,2026-03-23 04:21:01.755011,DEPOSIT,327.18,MOBILE,India,0
TXN_0006543,ACC_000957,ACC_000765,2026-05-28 03:07:36.755011,PAYMENT,991.11,BRANCH,UK,0
TXN_0006544,ACC_000350,ACC_000583,2026-03-10 05:02:26.755011,WITHDRAWAL,6548.62,MOBILE,India,0
TXN_0006545,ACC_000885,ACC_000929,2026-03-30 02:20:03.755011,TRANSFER,8945.72,ATM,USA,0
TXN_0006546,ACC_000193,ACC_000192,2026-05-27 02:39:07.755011,PAYMENT,5202.1,MOBILE,UK,0
TXN_0006547,ACC_000153,ACC_000383,2026-06-14 15:24:19.755011,DEPOSIT,1217.65,BRANCH,India,0
TXN_0006548,ACC_000972,ACC_000149,2026-03-23 07:01:20.755011,DEPOSIT,3036.71,BRANCH,Hong Kong,0
TXN_0006549,ACC_000860,ACC_000779,2026-06-23 19:45:39.755011,DEPOSIT,12957.77,BRANCH,UAE,0
TXN_0006550,ACC_000585,ACC_000772,2026-06-09 00:08:22.755011,DEPOSIT,16287.25,ATM,India,0
TXN_0006551,ACC_000060,ACC_000356,2026-04-20 01:11:01.755011,PAYMENT,7946.86,BRANCH,Hong Kong,0
TXN_0006552,ACC_000210,ACC_000399,2026-07-23 01:30:26.755011,PAYMENT,32474.18,ATM,UK,0
TXN_0006553,ACC_000081,ACC_000433,2026-07-27 13:24:34.755011,WITHDRAWAL,13054.35,ATM,USA,0
TXN_0006554,ACC_000138,ACC_000495,2026-03-30 20:40:09.755011,WITHDRAWAL,3304.54,BRANCH,UAE,0
TXN_0006555,ACC_000011,ACC_000114,2026-08-03 05:36:53.755011,DEPOSIT,5787.16,BRANCH,USA,0
TXN_0006556,ACC_000585,ACC_000846,2026-07-31 17:00:21.755011,DEPOSIT,21204.35,ATM,Singapore,1
TXN_0006557,ACC_000537,ACC_000372,2026-07-11 23:42:04.755011,WITHDRAWAL,37397.31,ATM,Singapore,1
TXN_0006558,ACC_000154,ACC_000178,2026-08-07 11:58:58.755011,PAYMENT,30776.93,ONLINE,Singapore,0
TXN_0006559,ACC_000482,ACC_000212,2026-05-27 11:17:09.755011,WITHDRAWAL,18441.3,BRANCH,Singapore,0
TXN_0006560,ACC_000749,ACC_000297,2026-07-05 22:05:39.755011,PAYMENT,43582.51,MOBILE,India,0
TXN_0006561,ACC_000901,ACC_000009,2026-05-04 07:43:35.755011,TRANSFER,5633.79,ATM,Hong Kong,0
TXN_0006562,ACC_000019,ACC_000224,2026-04-15 22:15:23.755011,PAYMENT,40754.43,MOBILE,UAE,0
TXN_0006563,ACC_000312,ACC_000886,2026-06-01 18:33:43.755011,DEPOSIT,6425.53,ATM,Hong Kong,0
TXN_0006564,ACC_000700,ACC_000743,2026-04-01 04:28:06.755011,PAYMENT,47377.47,MOBILE,Singapore,0
TXN_0006565,ACC_000528,ACC_000708,2026-06-23 13:55:07.755011,PAYMENT,7893.32,ONLINE,USA,0
TXN_0006566,ACC_000004,ACC_000704,2026-06-20 07:52:26.755011,DEPOSIT,18933.3,MOBILE,UAE,0
TXN_0006567,ACC_000990,ACC_000143,2026-05-26 16:10:44.755011,TRANSFER,47578.43,MOBILE,USA,0
TXN_0006568,ACC_000896,ACC_000066,2026-07-14 12:28:23.755011,TRANSFER,6424.58,ONLINE,Hong Kong,0
TXN_0006569,ACC_000781,ACC_000081,2026-06-13 00:59:21.755011,DEPOSIT,10530.88,BRANCH,UAE,0
TXN_0006570,ACC_000653,ACC_000401,2026-04-17 01:33:32.755011,DEPOSIT,38049.23,BRANCH,Singapore,0
TXN_0006571,ACC_000738,ACC_000962,2026-07-11 20:39:12.755011,WITHDRAWAL,6907.73,BRANCH,USA,0
TXN_0006572,ACC_000253,ACC_000163,2026-07-11 16:31:00.755011,DEPOSIT,1660.59,MOBILE,UAE,0
TXN_0006573,ACC_000011,ACC_000198,2026-05-11 18:18:16.755011,PAYMENT,106043.9,BRANCH,UAE,0
TXN_0006574,ACC_000684,ACC_000680,2026-04-10 01:28:56.755011,WITHDRAWAL,4611.38,ONLINE,USA,0
TXN_0006575,ACC_000354,ACC_000649,2026-04-18 22:20:37.755011,PAYMENT,9803.62,ONLINE,Hong Kong,0
TXN_0006576,ACC_000257,ACC_000758,2026-07-23 10:14:00.755011,WITHDRAWAL,32441.96,ATM,Hong Kong,0
TXN_0006577,ACC_000338,ACC_000425,2026-07-19 04:29:36.755011,DEPOSIT,3904.2,ONLINE,UAE,0
TXN_0006578,ACC_000833,ACC_000826,2026-03-16 16:09:40.755011,PAYMENT,2417.67,ONLINE,UK,0
TXN_0006579,ACC_000569,ACC_000064,2026-06-03 18:29:47.755011,DEPOSIT,10987.18,ONLINE,USA,0
TXN_0006580,ACC_000408,ACC_000338,2026-08-04 12:55:14.755011,PAYMENT,942.29,MOBILE,UAE,0
TXN_0006581,ACC_000619,ACC_000074,2026-06-20 16:06:48.755011,WITHDRAWAL,5735.97,ATM,Hong Kong,0
TXN_0006582,ACC_000244,ACC_000520,2026-06-13 14:06:31.755011,PAYMENT,10873.09,ONLINE,Hong Kong,0
TXN_0006583,ACC_000284,ACC_000602,2026-03-30 22:04:45.755011,DEPOSIT,5860.9,BRANCH,Singapore,0
TXN_0006584,ACC_000092,ACC_000252,2026-06-26 23:43:48.755011,DEPOSIT,1271.38,ONLINE,Singapore,0
TXN_0006585,ACC_000424,ACC_000860,2026-05-31 23:48:02.755011,WITHDRAWAL,54886.0,ATM,UAE,0
TXN_0006586,ACC_000982,ACC_000138,2026-04-08 19:08:52.755011,DEPOSIT,9175.07,ONLINE,UAE,0
TXN_0006587,ACC_000276,ACC_000726,2026-07-12 22:49:54.755011,TRANSFER,45133.61,ATM,UAE,0
TXN_0006588,ACC_000270,ACC_000595,2026-08-20 15:39:02.755011,WITHDRAWAL,5931.05,ATM,Hong Kong,0
TXN_0006589,ACC_000263,ACC_000759,2026-08-12 14:27:42.755011,WITHDRAWAL,2818.57,BRANCH,Singapore,0
TXN_0006590,ACC_000885,ACC_000405,2026-05-25 22:28:17.755011,TRANSFER,11192.7,ATM,UAE,0
TXN_0006591,ACC_000352,ACC_000641,2026-05-31 07:19:50.755011,WITHDRAWAL,6254.49,ONLINE,Hong Kong,0
TXN_0006592,ACC_000917,ACC_000597,2026-09-01 06:14:42.755011,TRANSFER,10863.34,MOBILE,UAE,1
TXN_0006593,ACC_000763,ACC_000455,2026-05-24 04:31:40.755011,PAYMENT,47275.2,ATM,USA,0
TXN_0006594,ACC_000997,ACC_000760,2026-07-11 21:46:38.755011,WITHDRAWAL,3840.18,ATM,Singapore,0
TXN_0006595,ACC_000120,ACC_000594,2026-09-02 19:45:52.755011,WITHDRAWAL,890.41,ONLINE,USA,0
TXN_0006596,ACC_000426,ACC_000393,2026-03-13 10:07:20.755011,TRANSFER,39886.74,MOBILE,Hong Kong,0
TXN_0006597,ACC_000723,ACC_000544,2026-03-14 03:07:02.755011,DEPOSIT,4424.19,ONLINE,Singapore,0
TXN_0006598,ACC_000144,ACC_000030,2026-07-15 08:35:04.755011,PAYMENT,3907.34,ATM,UAE,0
TXN_0006599,ACC_000967,ACC_000069,2026-03-26 22:02:53.755011,PAYMENT,974.12,ONLINE,UAE,0
TXN_0006600,ACC_000873,ACC_000489,2026-05-23 08:40:11.755011,DEPOSIT,65455.76,ATM,Singapore,0
TXN_0006601,ACC_000205,ACC_000663,2026-03-10 20:25:29.755011,DEPOSIT,1724.38,ATM,UK,0
TXN_0006602,ACC_000230,ACC_000918,2026-06-13 04:34:48.755011,DEPOSIT,8691.84,MOBILE,Singapore,0
TXN_0006603,ACC_000656,ACC_000104,2026-06-04 18:51:01.755011,TRANSFER,24225.1,MOBILE,Singapore,0
TXN_0006604,ACC_000503,ACC_000825,2026-05-09 18:15:12.755011,WITHDRAWAL,13440.94,ATM,UAE,0
TXN_0006605,ACC_000035,ACC_000326,2026-06-08 08:12:26.755011,WITHDRAWAL,7543.3,BRANCH,Singapore,0
TXN_0006606,ACC_000078,ACC_000402,2026-04-23 20:09:43.755011,WITHDRAWAL,1051.53,ONLINE,UAE,0
TXN_0006607,ACC_000278,ACC_000436,2026-05-12 19:37:10.755011,DEPOSIT,3066.62,ATM,Hong Kong,0
TXN_0006608,ACC_000363,ACC_000530,2026-08-01 01:53:43.755011,DEPOSIT,10151.33,ONLINE,India,0
TXN_0006609,ACC_000218,ACC_000097,2026-05-10 15:24:27.755011,PAYMENT,3150.74,ATM,Singapore,0
TXN_0006610,ACC_000131,ACC_000324,2026-05-27 22:26:41.755011,WITHDRAWAL,10342.65,BRANCH,UAE,0
TXN_0006611,ACC_000034,ACC_000578,2026-07-18 18:02:40.755011,WITHDRAWAL,18362.98,ONLINE,UK,0
TXN_0006612,ACC_000799,ACC_000301,2026-03-25 01:25:42.755011,DEPOSIT,25719.47,ONLINE,UK,0
TXN_0006613,ACC_000788,ACC_000751,2026-06-06 02:45:04.755011,TRANSFER,1860.47,ONLINE,India,0
TXN_0006614,ACC_000688,ACC_000057,2026-06-28 01:39:16.755011,TRANSFER,113094.07,BRANCH,USA,0
TXN_0006615,ACC_000264,ACC_000402,2026-05-08 15:27:12.755011,DEPOSIT,20352.83,ATM,Hong Kong,0
TXN_0006616,ACC_000290,ACC_000250,2026-06-11 19:18:14.755011,DEPOSIT,8086.43,ATM,UAE,0
TXN_0006617,ACC_000568,ACC_000619,2026-03-13 18:14:24.755011,WITHDRAWAL,29954.77,ONLINE,USA,0
TXN_0006618,ACC_000326,ACC_000970,2026-06-18 14:20:01.755011,DEPOSIT,138481.13,BRANCH,India,0
TXN_0006619,ACC_000112,ACC_000206,2026-04-04 07:37:30.755011,TRANSFER,1441.64,MOBILE,UK,0
TXN_0006620,ACC_000555,ACC_000653,2026-07-13 16:17:31.755011,WITHDRAWAL,6183.78,ATM,UK,0
TXN_0006621,ACC_000089,ACC_000990,2026-03-27 13:44:17.755011,TRANSFER,466.79,ATM,UK,0
TXN_0006622,ACC_000766,ACC_000015,2026-08-21 10:08:19.755011,WITHDRAWAL,10210.6,ATM,Hong Kong,0
TXN_0006623,ACC_000846,ACC_000186,2026-03-19 16:56:32.755011,WITHDRAWAL,12562.52,BRANCH,UAE,0
TXN_0006624,ACC_000604,ACC_000038,2026-08-13 18:35:49.755011,PAYMENT,7731.09,ATM,USA,0
TXN_0006625,ACC_000459,ACC_000696,2026-07-23 06:34:59.755011,DEPOSIT,3694.35,BRANCH,Singapore,0
TXN_0006626,ACC_000648,ACC_000397,2026-03-14 12:08:24.755011,PAYMENT,692.69,MOBILE,India,0
TXN_0006627,ACC_000972,ACC_000852,2026-08-06 03:16:49.755011,WITHDRAWAL,12685.82,ONLINE,Hong Kong,0
TXN_0006628,ACC_000838,ACC_000998,2026-07-04 06:43:30.755011,DEPOSIT,46468.1,ATM,UAE,0
TXN_0006629,ACC_000686,ACC_000717,2026-05-02 19:30:22.755011,PAYMENT,3986.93,ONLINE,UAE,0
TXN_0006630,ACC_000418,ACC_000245,2026-04-14 15:05:42.755011,PAYMENT,13740.07,ATM,Hong Kong,0
TXN_0006631,ACC_000839,ACC_000459,2026-07-18 07:09:10.755011,TRANSFER,1234.26,ATM,Singapore,0
TXN_0006632,ACC_000523,ACC_000171,2026-04-23 12:33:08.755011,TRANSFER,14025.83,BRANCH,India,0
TXN_0006633,ACC_000573,ACC_000082,2026-05-06 10:45:04.755011,WITHDRAWAL,5054.03,ONLINE,USA,0
TXN_0006634,ACC_000108,ACC_000080,2026-08-22 20:10:24.755011,DEPOSIT,3245.74,BRANCH,India,0
TXN_0006635,ACC_000460,ACC_000416,2026-08-15 11:28:59.755011,DEPOSIT,3253.75,BRANCH,India,0
TXN_0006636,ACC_000802,ACC_000895,2026-07-22 05:34:47.755011,PAYMENT,5052.64,ONLINE,USA,0
TXN_0006637,ACC_000544,ACC_000994,2026-04-06 18:30:11.755011,DEPOSIT,12822.03,MOBILE,Singapore,0
TXN_0006638,ACC_000516,ACC_000640,2026-05-15 21:15:50.755011,PAYMENT,1678.08,ATM,Hong Kong,0
TXN_0006639,ACC_000428,ACC_000014,2026-04-17 02:06:03.755011,DEPOSIT,5031.44,BRANCH,Singapore,0
TXN_0006640,ACC_000609,ACC_000893,2026-03-28 23:17:27.755011,PAYMENT,7709.69,MOBILE,UAE,0
TXN_0006641,ACC_000388,ACC_000332,2026-04-10 10:29:57.755011,WITHDRAWAL,2167.12,BRANCH,India,0
TXN_0006642,ACC_000289,ACC_000591,2026-05-25 01:56:52.755011,DEPOSIT,69982.34,BRANCH,UK,0
TXN_0006643,ACC_000712,ACC_000763,2026-03-25 20:38:04.755011,WITHDRAWAL,2909.7,MOBILE,USA,0
TXN_0006644,ACC_000182,ACC_000364,2026-08-03 02:39:43.755011,DEPOSIT,3628.87,MOBILE,UK,0
TXN_0006645,ACC_000531,ACC_000545,2026-08-14 09:20:32.755011,PAYMENT,2504.97,MOBILE,USA,0
TXN_0006646,ACC_000864,ACC_000971,2026-07-12 14:11:33.755011,TRANSFER,70134.92,ONLINE,UAE,0
TXN_0006647,ACC_000781,ACC_000948,2026-03-27 16:49:55.755011,TRANSFER,15732.54,ONLINE,UK,0
TXN_0006648,ACC_000915,ACC_000256,2026-06-07 22:55:09.755011,PAYMENT,2633.55,MOBILE,India,0
TXN_0006649,ACC_000294,ACC_000754,2026-05-29 12:54:03.755011,DEPOSIT,30560.94,BRANCH,India,0
TXN_0006650,ACC_000677,ACC_000424,2026-03-19 04:02:19.755011,TRANSFER,10309.68,ATM,UAE,0
TXN_0006651,ACC_000881,ACC_000597,2026-03-20 14:38:52.755011,PAYMENT,11033.64,MOBILE,Singapore,0
TXN_0006652,ACC_000182,ACC_000778,2026-03-19 05:11:37.755011,DEPOSIT,5359.51,MOBILE,UAE,0
TXN_0006653,ACC_000641,ACC_000307,2026-03-17 11:39:42.755011,WITHDRAWAL,28778.78,BRANCH,USA,1
TXN_0006654,ACC_000212,ACC_000797,2026-08-20 07:32:04.755011,PAYMENT,12152.85,ATM,UK,0
TXN_0006655,ACC_000369,ACC_000142,2026-08-26 10:55:31.755011,WITHDRAWAL,4212.85,MOBILE,Singapore,0
TXN_0006656,ACC_000325,ACC_000885,2026-03-22 10:32:44.755011,WITHDRAWAL,71690.01,BRANCH,UAE,0
TXN_0006657,ACC_000137,ACC_000413,2026-07-09 08:14:18.755011,PAYMENT,1766.67,ONLINE,Hong Kong,0
TXN_0006658,ACC_000985,ACC_000276,2026-04-08 17:35:03.755011,PAYMENT,51194.54,BRANCH,India,0
TXN_0006659,ACC_000538,ACC_000766,2026-07-14 14:38:53.755011,DEPOSIT,7089.84,ATM,Hong Kong,0
TXN_0006660,ACC_000932,ACC_000648,2026-06-14 17:41:05.755011,DEPOSIT,11601.65,BRANCH,Hong Kong,0
TXN_0006661,ACC_000741,ACC_000825,2026-05-27 14:57:28.755011,PAYMENT,22021.83,ATM,Hong Kong,0
TXN_0006662,ACC_000701,ACC_000570,2026-04-17 01:39:05.755011,WITHDRAWAL,3803.59,MOBILE,Singapore,0
TXN_0006663,ACC_000771,ACC_000892,2026-06-01 15:49:05.755011,PAYMENT,22858.95,BRANCH,UAE,0
TXN_0006664,ACC_000194,ACC_000941,2026-08-22 23:23:59.755011,TRANSFER,314.49,ATM,USA,0
TXN_0006665,ACC_000093,ACC_000791,2026-04-30 22:23:59.755011,PAYMENT,3415.27,ATM,USA,0
TXN_0006666,ACC_000001,ACC_000888,2026-07-20 20:18:37.755011,DEPOSIT,2673.45,ATM,UK,0
TXN_0006667,ACC_000257,ACC_000889,2026-06-28 00:59:43.755011,TRANSFER,1800.45,MOBILE,UK,0
TXN_0006668,ACC_000066,ACC_000864,2026-04-30 11:37:13.755011,PAYMENT,6260.74,MOBILE,UAE,0
TXN_0006669,ACC_000945,ACC_000939,2026-08-26 20:37:09.755011,PAYMENT,12873.16,ONLINE,UK,0
TXN_0006670,ACC_000912,ACC_000238,2026-03-17 09:32:34.755011,WITHDRAWAL,18829.72,BRANCH,USA,0
TXN_0006671,ACC_000937,ACC_000163,2026-08-30 02:44:08.755011,PAYMENT,10818.92,BRANCH,Singapore,0
TXN_0006672,ACC_000311,ACC_000892,2026-07-15 02:58:35.755011,TRANSFER,3645.2,MOBILE,Singapore,0
TXN_0006673,ACC_000560,ACC_000975,2026-08-01 01:41:20.755011,DEPOSIT,12617.24,MOBILE,Singapore,0
TXN_0006674,ACC_000813,ACC_000516,2026-08-15 07:20:08.755011,DEPOSIT,9406.37,ATM,India,0
TXN_0006675,ACC_000757,ACC_000813,2026-08-05 19:38:32.755011,WITHDRAWAL,24916.05,ONLINE,UAE,0
TXN_0006676,ACC_000553,ACC_000418,2026-08-19 14:24:07.755011,WITHDRAWAL,20585.13,BRANCH,UK,0
TXN_0006677,ACC_000396,ACC_000052,2026-04-17 07:17:14.755011,PAYMENT,79601.59,ATM,India,1
TXN_0006678,ACC_000371,ACC_000558,2026-08-19 17:13:05.755011,DEPOSIT,2760.86,ATM,UAE,0
TXN_0006679,ACC_000656,ACC_000297,2026-07-11 21:17:01.755011,DEPOSIT,3701.38,BRANCH,Hong Kong,0
TXN_0006680,ACC_000080,ACC_000407,2026-04-17 02:40:27.755011,PAYMENT,4189.15,ATM,India,0
TXN_0006681,ACC_000397,ACC_000043,2026-05-03 10:57:49.755011,TRANSFER,5550.71,BRANCH,USA,0
TXN_0006682,ACC_000156,ACC_000527,2026-08-27 16:51:44.755011,TRANSFER,11177.53,ATM,USA,0
TXN_0006683,ACC_000320,ACC_000624,2026-05-25 03:34:50.755011,TRANSFER,19114.63,MOBILE,Hong Kong,0
TXN_0006684,ACC_000083,ACC_000647,2026-06-26 07:58:24.755011,TRANSFER,7620.96,BRANCH,USA,0
TXN_0006685,ACC_000725,ACC_000228,2026-07-12 01:37:21.755011,TRANSFER,8261.4,ATM,India,0
TXN_0006686,ACC_000101,ACC_000398,2026-07-19 09:12:15.755011,DEPOSIT,9623.54,ATM,Singapore,0
TXN_0006687,ACC_000995,ACC_000148,2026-07-31 10:26:36.755011,WITHDRAWAL,4362.99,MOBILE,UK,0
TXN_0006688,ACC_000769,ACC_000003,2026-05-02 19:04:34.755011,WITHDRAWAL,2669.19,BRANCH,UAE,0
TXN_0006689,ACC_000975,ACC_000388,2026-08-20 04:51:39.755011,PAYMENT,985.82,ATM,UAE,0
TXN_0006690,ACC_000858,ACC_000107,2026-08-02 18:41:37.755011,TRANSFER,3518.61,MOBILE,UAE,0
TXN_0006691,ACC_000392,ACC_000749,2026-03-14 12:39:32.755011,DEPOSIT,14296.56,ONLINE,Hong Kong,0
TXN_0006692,ACC_000188,ACC_000888,2026-03-19 03:20:16.755011,DEPOSIT,3485.99,ONLINE,UK,0
TXN_0006693,ACC_000653,ACC_000107,2026-03-10 21:03:20.755011,DEPOSIT,6091.39,MOBILE,UAE,0
TXN_0006694,ACC_000524,ACC_000850,2026-04-15 03:40:19.755011,TRANSFER,14181.84,BRANCH,USA,0
TXN_0006695,ACC_000075,ACC_000988,2026-04-30 08:07:55.755011,TRANSFER,15135.94,BRANCH,Singapore,0
TXN_0006696,ACC_000558,ACC_000295,2026-06-21 10:11:12.755011,WITHDRAWAL,2218.44,BRANCH,USA,0
TXN_0006697,ACC_000931,ACC_000078,2026-04-05 02:29:53.755011,DEPOSIT,26808.42,MOBILE,India,0
TXN_0006698,ACC_000700,ACC_000281,2026-08-31 09:28:35.755011,PAYMENT,31345.32,ATM,UAE,0
TXN_0006699,ACC_000273,ACC_000761,2026-05-13 18:06:34.755011,WITHDRAWAL,2088.46,ONLINE,Singapore,0
TXN_0006700,ACC_000658,ACC_000948,2026-03-20 14:27:50.755011,TRANSFER,3015.12,BRANCH,USA,0
TXN_0006701,ACC_000025,ACC_000173,2026-05-19 06:04:40.755011,PAYMENT,33836.95,ONLINE,UK,0
TXN_0006702,ACC_000032,ACC_000861,2026-07-30 21:49:14.755011,DEPOSIT,6793.87,BRANCH,Singapore,0
TXN_0006703,ACC_000348,ACC_000240,2026-06-20 11:48:51.755011,PAYMENT,564.68,ATM,India,0
TXN_0006704,ACC_000261,ACC_000467,2026-03-23 02:37:02.755011,WITHDRAWAL,1510.78,MOBILE,UK,0
TXN_0006705,ACC_000175,ACC_000577,2026-03-20 06:37:02.755011,PAYMENT,6007.45,MOBILE,UAE,0
TXN_0006706,ACC_000841,ACC_000802,2026-03-08 14:03:34.755011,PAYMENT,2006.9,ONLINE,UK,0
TXN_0006707,ACC_000049,ACC_000522,2026-04-11 14:36:07.755011,WITHDRAWAL,4933.93,ATM,India,0
TXN_0006708,ACC_000402,ACC_000561,2026-08-23 23:17:05.755011,TRANSFER,8424.3,ONLINE,USA,0
TXN_0006709,ACC_000171,ACC_000343,2026-05-29 23:33:21.755011,TRANSFER,46849.96,MOBILE,India,0
TXN_0006710,ACC_000730,ACC_000140,2026-04-20 17:31:25.755011,WITHDRAWAL,5718.46,ONLINE,USA,0
TXN_0006711,ACC_000245,ACC_000056,2026-05-03 19:30:21.755011,PAYMENT,29350.07,ATM,UK,0
TXN_0006712,ACC_000173,ACC_000499,2026-08-01 04:45:07.755011,WITHDRAWAL,45004.25,BRANCH,USA,0
TXN_0006713,ACC_000575,ACC_000236,2026-04-23 00:12:54.755011,WITHDRAWAL,45304.95,MOBILE,India,0
TXN_0006714,ACC_000860,ACC_000238,2026-07-17 08:15:19.755011,DEPOSIT,11403.84,BRANCH,UK,0
TXN_0006715,ACC_000599,ACC_000607,2026-07-01 05:13:56.755011,WITHDRAWAL,768.2,ATM,Hong Kong,0
TXN_0006716,ACC_000756,ACC_000538,2026-05-15 15:51:41.755011,TRANSFER,14086.75,ATM,USA,0
TXN_0006717,ACC_000261,ACC_000841,2026-06-16 23:13:21.755011,TRANSFER,318288.0,MOBILE,UAE,1
TXN_0006718,ACC_000850,ACC_000132,2026-04-24 04:33:57.755011,TRANSFER,7351.94,MOBILE,India,0
TXN_0006719,ACC_000773,ACC_000850,2026-03-18 13:47:07.755011,WITHDRAWAL,65742.48,BRANCH,Hong Kong,0
TXN_0006720,ACC_000029,ACC_000857,2026-06-28 23:17:56.755011,WITHDRAWAL,22738.17,ONLINE,UAE,0
TXN_0006721,ACC_000478,ACC_000500,2026-04-17 12:18:17.755011,PAYMENT,16025.36,ONLINE,India,0
TXN_0006722,ACC_000260,ACC_000296,2026-06-09 07:26:42.755011,WITHDRAWAL,29841.55,BRANCH,UAE,0
TXN_0006723,ACC_000110,ACC_000709,2026-06-25 18:09:52.755011,TRANSFER,12088.91,BRANCH,India,0
TXN_0006724,ACC_000875,ACC_000732,2026-04-25 06:48:53.755011,TRANSFER,406.92,ONLINE,USA,0
TXN_0006725,ACC_000404,ACC_000541,2026-05-15 16:42:40.755011,WITHDRAWAL,4451.66,BRANCH,UK,0
TXN_0006726,ACC_000773,ACC_000214,2026-06-09 23:34:25.755011,DEPOSIT,34084.62,MOBILE,UK,0
TXN_0006727,ACC_000387,ACC_000969,2026-05-25 01:52:57.755011,TRANSFER,3074.48,BRANCH,USA,0
TXN_0006728,ACC_000748,ACC_000060,2026-05-19 22:46:34.755011,WITHDRAWAL,6197.08,BRANCH,UK,0
TXN_0006729,ACC_000572,ACC_000109,2026-03-08 18:13:24.755011,TRANSFER,2312.76,ATM,Singapore,0
TXN_0006730,ACC_000514,ACC_000655,2026-04-17 09:03:10.755011,PAYMENT,68920.37,MOBILE,USA,0
TXN_0006731,ACC_000967,ACC_000600,2026-07-17 04:34:32.755011,WITHDRAWAL,60948.89,ONLINE,UK,0
TXN_0006732,ACC_000793,ACC_000374,2026-04-24 10:30:22.755011,TRANSFER,2805.56,BRANCH,India,0
TXN_0006733,ACC_000793,ACC_000726,2026-07-03 11:10:53.755011,WITHDRAWAL,9669.75,BRANCH,Singapore,0
TXN_0006734,ACC_000941,ACC_000441,2026-07-19 10:26:59.755011,DEPOSIT,3581.03,MOBILE,UAE,0
TXN_0006735,ACC_000683,ACC_000759,2026-04-18 14:31:04.755011,TRANSFER,16948.48,BRANCH,USA,0
TXN_0006736,ACC_000072,ACC_000471,2026-06-17 01:33:58.755011,WITHDRAWAL,14937.34,ATM,UK,0
TXN_0006737,ACC_000069,ACC_000255,2026-06-22 22:28:30.755011,WITHDRAWAL,21462.16,ATM,Singapore,0
TXN_0006738,ACC_000161,ACC_000625,2026-04-28 10:20:50.755011,PAYMENT,12067.87,ATM,India,0
TXN_0006739,ACC_000782,ACC_000367,2026-07-06 15:41:42.755011,PAYMENT,274439.87,MOBILE,USA,0
TXN_0006740,ACC_000870,ACC_000407,2026-08-25 19:42:36.755011,TRANSFER,2360.18,MOBILE,USA,0
TXN_0006741,ACC_000573,ACC_000857,2026-08-10 22:21:55.755011,DEPOSIT,1040.31,ATM,UK,0
TXN_0006742,ACC_000096,ACC_000087,2026-03-13 07:48:43.755011,WITHDRAWAL,5055.8,BRANCH,Hong Kong,0
TXN_0006743,ACC_000279,ACC_000745,2026-05-10 08:32:39.755011,DEPOSIT,1234.49,ATM,Hong Kong,0
TXN_0006744,ACC_000877,ACC_000475,2026-06-02 18:02:39.755011,TRANSFER,1351.6,MOBILE,UAE,0
TXN_0006745,ACC_000428,ACC_000470,2026-03-15 04:48:43.755011,TRANSFER,33234.48,MOBILE,UK,1
TXN_0006746,ACC_000881,ACC_000345,2026-05-22 01:38:15.755011,DEPOSIT,2679.47,BRANCH,USA,0
TXN_0006747,ACC_000799,ACC_000952,2026-03-25 17:35:38.755011,TRANSFER,2577.2,ATM,Hong Kong,0
TXN_0006748,ACC_000482,ACC_000211,2026-05-13 02:09:41.755011,DEPOSIT,15091.13,ONLINE,India,0
TXN_0006749,ACC_000021,ACC_000301,2026-07-30 06:51:26.755011,TRANSFER,4414.16,BRANCH,UK,0
TXN_0006750,ACC_000285,ACC_000912,2026-07-09 13:38:27.755011,PAYMENT,6532.75,ONLINE,Singapore,0
TXN_0006751,ACC_000166,ACC_000825,2026-08-31 12:53:22.755011,TRANSFER,23696.42,BRANCH,Hong Kong,0
TXN_0006752,ACC_000694,ACC_000737,2026-03-20 17:38:49.755011,DEPOSIT,3230.57,ONLINE,Singapore,0
TXN_0006753,ACC_000186,ACC_000238,2026-06-05 06:56:09.755011,DEPOSIT,5899.04,ATM,UK,0
TXN_0006754,ACC_000033,ACC_000271,2026-03-30 12:20:34.755011,WITHDRAWAL,12568.04,BRANCH,UAE,0
TXN_0006755,ACC_000461,ACC_000956,2026-05-27 22:28:24.755011,TRANSFER,788.49,ATM,Singapore,0
TXN_0006756,ACC_000711,ACC_000164,2026-06-08 02:21:27.755011,TRANSFER,463.18,ATM,UAE,0
TXN_0006757,ACC_000870,ACC_000503,2026-04-08 17:51:23.755011,WITHDRAWAL,12275.26,ATM,UK,0
TXN_0006758,ACC_000597,ACC_000066,2026-07-16 07:05:22.755011,DEPOSIT,14623.97,ONLINE,Hong Kong,0
TXN_0006759,ACC_000737,ACC_000713,2026-03-26 20:45:21.755011,WITHDRAWAL,96477.41,MOBILE,UK,0
TXN_0006760,ACC_000233,ACC_000064,2026-07-23 23:08:05.755011,WITHDRAWAL,9795.85,ATM,Singapore,0
TXN_0006761,ACC_000127,ACC_000543,2026-04-15 22:04:52.755011,WITHDRAWAL,21670.08,MOBILE,UAE,0
TXN_0006762,ACC_000023,ACC_000505,2026-06-11 09:23:15.755011,TRANSFER,6408.84,BRANCH,UAE,0
TXN_0006763,ACC_000561,ACC_000728,2026-04-26 00:43:55.755011,TRANSFER,11575.81,MOBILE,Hong Kong,0
TXN_0006764,ACC_000061,ACC_000765,2026-03-08 09:21:32.755011,WITHDRAWAL,59916.56,ONLINE,Singapore,0
TXN_0006765,ACC_000153,ACC_000245,2026-03-16 05:26:23.755011,TRANSFER,633.47,ONLINE,Hong Kong,0
TXN_0006766,ACC_000042,ACC_000456,2026-08-05 01:11:32.755011,DEPOSIT,13310.91,ATM,UAE,0
TXN_0006767,ACC_000166,ACC_000181,2026-07-29 06:27:54.755011,WITHDRAWAL,105103.84,MOBILE,USA,0
TXN_0006768,ACC_000761,ACC_000274,2026-04-16 11:44:22.755011,WITHDRAWAL,11366.67,BRANCH,UAE,0
TXN_0006769,ACC_000153,ACC_000918,2026-07-01 19:36:11.755011,WITHDRAWAL,58728.92,ONLINE,Hong Kong,0
TXN_0006770,ACC_000707,ACC_000200,2026-06-08 18:06:27.755011,DEPOSIT,3808.33,BRANCH,Hong Kong,0
TXN_0006771,ACC_000283,ACC_000457,2026-05-08 22:20:10.755011,WITHDRAWAL,7797.38,BRANCH,UAE,0
TXN_0006772,ACC_000991,ACC_000745,2026-07-14 23:31:09.755011,PAYMENT,8435.71,BRANCH,India,0
TXN_0006773,ACC_000718,ACC_000331,2026-08-17 11:28:52.755011,PAYMENT,566.17,ATM,UK,0
TXN_0006774,ACC_000057,ACC_000816,2026-06-30 01:06:53.755011,DEPOSIT,1994.58,BRANCH,Singapore,0
TXN_0006775,ACC_000200,ACC_000732,2026-05-09 08:10:05.755011,DEPOSIT,2172.75,ONLINE,Hong Kong,0
TXN_0006776,ACC_000951,ACC_000230,2026-05-02 16:08:49.755011,TRANSFER,21730.66,MOBILE,India,0
TXN_0006777,ACC_000977,ACC_000813,2026-04-07 02:31:06.755011,TRANSFER,236604.65,ONLINE,UK,1
TXN_0006778,ACC_000102,ACC_000419,2026-08-29 07:09:59.755011,DEPOSIT,11954.27,BRANCH,Singapore,0
TXN_0006779,ACC_000796,ACC_000001,2026-06-08 17:26:15.755011,DEPOSIT,21783.84,ONLINE,USA,0
TXN_0006780,ACC_000724,ACC_000753,2026-06-27 05:49:50.755011,DEPOSIT,6654.31,ONLINE,Singapore,0
TXN_0006781,ACC_000981,ACC_000334,2026-07-29 09:45:01.755011,TRANSFER,34280.02,BRANCH,UK,0
TXN_0006782,ACC_000470,ACC_000162,2026-07-20 16:05:18.755011,TRANSFER,8188.99,MOBILE,USA,0
TXN_0006783,ACC_000104,ACC_000499,2026-07-07 14:47:31.755011,DEPOSIT,8685.73,BRANCH,Singapore,0
TXN_0006784,ACC_000172,ACC_000869,2026-08-22 08:27:46.755011,DEPOSIT,5891.64,ONLINE,USA,0
TXN_0006785,ACC_000253,ACC_000974,2026-05-07 01:10:04.755011,TRANSFER,18422.73,BRANCH,Hong Kong,0
TXN_0006786,ACC_000327,ACC_000523,2026-04-21 12:55:03.755011,WITHDRAWAL,66567.78,BRANCH,UK,1
TXN_0006787,ACC_000344,ACC_000429,2026-03-31 22:48:38.755011,TRANSFER,26152.96,MOBILE,Singapore,0
TXN_0006788,ACC_000525,ACC_000162,2026-08-27 12:59:28.755011,TRANSFER,2082.7,ATM,Singapore,0
TXN_0006789,ACC_000711,ACC_000930,2026-05-22 08:15:48.755011,TRANSFER,2167.44,MOBILE,Hong Kong,0
TXN_0006790,ACC_000034,ACC_000680,2026-05-14 14:30:11.755011,PAYMENT,18488.65,BRANCH,India,0
TXN_0006791,ACC_000719,ACC_000639,2026-03-13 04:37:36.755011,DEPOSIT,7286.27,ATM,India,0
TXN_0006792,ACC_000812,ACC_000790,2026-04-06 12:10:52.755011,TRANSFER,4700.06,BRANCH,Singapore,0
TXN_0006793,ACC_000994,ACC_000331,2026-05-25 06:55:57.755011,WITHDRAWAL,23578.0,ONLINE,UK,0
TXN_0006794,ACC_000184,ACC_000285,2026-07-08 18:03:23.755011,PAYMENT,3909.98,ONLINE,Hong Kong,0
TXN_0006795,ACC_000285,ACC_000227,2026-06-25 05:06:00.755011,WITHDRAWAL,6372.57,ATM,Hong Kong,0
TXN_0006796,ACC_000764,ACC_000445,2026-06-12 15:57:35.755011,TRANSFER,43437.29,BRANCH,UAE,0
TXN_0006797,ACC_000568,ACC_000911,2026-05-17 11:20:42.755011,TRANSFER,51378.28,ATM,UAE,0
TXN_0006798,ACC_000464,ACC_000230,2026-05-11 02:39:52.755011,PAYMENT,53470.1,ONLINE,USA,0
TXN_0006799,ACC_000455,ACC_000878,2026-08-11 01:26:48.755011,DEPOSIT,5775.9,MOBILE,UK,0
TXN_0006800,ACC_000137,ACC_000419,2026-05-18 18:05:17.755011,TRANSFER,35484.22,MOBILE,India,0
TXN_0006801,ACC_000753,ACC_000357,2026-03-09 14:58:56.755011,WITHDRAWAL,2594.78,BRANCH,India,0
TXN_0006802,ACC_000638,ACC_000969,2026-04-06 20:09:11.755011,WITHDRAWAL,2729.07,ONLINE,UAE,0
TXN_0006803,ACC_000911,ACC_000817,2026-06-11 03:17:47.755011,WITHDRAWAL,482.73,MOBILE,India,0
TXN_0006804,ACC_000352,ACC_000951,2026-04-13 12:59:31.755011,DEPOSIT,60321.38,ATM,UK,0
TXN_0006805,ACC_000155,ACC_000896,2026-07-01 07:55:25.755011,DEPOSIT,2873.32,ATM,UK,0
TXN_0006806,ACC_000393,ACC_000664,2026-03-14 06:09:57.755011,PAYMENT,6961.57,MOBILE,Hong Kong,0
TXN_0006807,ACC_000090,ACC_000495,2026-05-17 13:43:43.755011,DEPOSIT,2717.89,MOBILE,India,0
TXN_0006808,ACC_000487,ACC_000899,2026-04-15 10:41:01.755011,WITHDRAWAL,18661.14,MOBILE,USA,0
TXN_0006809,ACC_000466,ACC_000822,2026-04-09 23:44:16.755011,PAYMENT,5162.83,MOBILE,UK,0
TXN_0006810,ACC_000543,ACC_000662,2026-05-11 08:43:12.755011,TRANSFER,1692.94,ONLINE,UAE,0
TXN_0006811,ACC_000115,ACC_000203,2026-05-28 14:55:46.755011,WITHDRAWAL,210844.8,BRANCH,India,1
TXN_0006812,ACC_000386,ACC_000079,2026-07-18 03:14:10.755011,WITHDRAWAL,1450.3,ATM,Hong Kong,0
TXN_0006813,ACC_000789,ACC_000344,2026-05-30 06:10:14.755011,PAYMENT,2966.43,ATM,USA,0
TXN_0006814,ACC_000810,ACC_000268,2026-07-16 13:30:33.755011,DEPOSIT,646.6,ONLINE,Hong Kong,0
TXN_0006815,ACC_000003,ACC_000110,2026-03-25 20:48:03.755011,WITHDRAWAL,1467.4,ONLINE,USA,0
TXN_0006816,ACC_000075,ACC_000631,2026-06-01 10:21:23.755011,WITHDRAWAL,10039.02,ONLINE,UAE,0
TXN_0006817,ACC_000258,ACC_000253,2026-07-13 06:58:25.755011,DEPOSIT,767.05,MOBILE,UAE,0
TXN_0006818,ACC_000886,ACC_000664,2026-09-01 14:05:10.755011,TRANSFER,1370.08,ATM,Singapore,0
TXN_0006819,ACC_000773,ACC_000949,2026-06-10 03:09:47.755011,PAYMENT,8080.08,ONLINE,Hong Kong,0
TXN_0006820,ACC_000019,ACC_000332,2026-08-19 20:11:46.755011,TRANSFER,4220.34,MOBILE,Hong Kong,0
TXN_0006821,ACC_000043,ACC_000560,2026-06-14 01:55:42.755011,TRANSFER,88472.23,MOBILE,India,0
TXN_0006822,ACC_000730,ACC_000860,2026-05-01 08:11:42.755011,TRANSFER,73179.88,MOBILE,India,0
TXN_0006823,ACC_000116,ACC_000712,2026-07-29 08:45:08.755011,TRANSFER,2859.76,MOBILE,Singapore,0
TXN_0006824,ACC_000981,ACC_000657,2026-07-23 08:52:53.755011,DEPOSIT,131566.57,ONLINE,Hong Kong,1
TXN_0006825,ACC_000797,ACC_000242,2026-03-27 23:30:34.755011,TRANSFER,19913.22,ONLINE,Singapore,0
TXN_0006826,ACC_000311,ACC_000429,2026-06-25 20:00:28.755011,TRANSFER,3956.15,ATM,Hong Kong,0
TXN_0006827,ACC_000979,ACC_000902,2026-08-31 16:04:13.755011,WITHDRAWAL,1346.62,BRANCH,Singapore,0
TXN_0006828,ACC_000265,ACC_000148,2026-08-05 02:29:15.755011,TRANSFER,7984.38,ATM,Hong Kong,0
TXN_0006829,ACC_000356,ACC_000580,2026-07-26 16:13:53.755011,PAYMENT,6585.23,BRANCH,USA,0
TXN_0006830,ACC_000829,ACC_000274,2026-08-13 08:23:48.755011,WITHDRAWAL,4803.42,MOBILE,UAE,0
TXN_0006831,ACC_000399,ACC_000005,2026-04-09 21:25:50.755011,PAYMENT,13777.34,ONLINE,USA,0
TXN_0006832,ACC_000864,ACC_000266,2026-07-26 01:08:50.755011,DEPOSIT,3291.58,MOBILE,Singapore,0
TXN_0006833,ACC_000924,ACC_000893,2026-05-15 04:37:33.755011,TRANSFER,25281.78,BRANCH,Singapore,1
TXN_0006834,ACC_000882,ACC_000942,2026-08-19 15:16:21.755011,TRANSFER,9236.33,ATM,India,0
TXN_0006835,ACC_000639,ACC_000354,2026-06-27 01:23:09.755011,TRANSFER,12876.56,MOBILE,USA,0
TXN_0006836,ACC_000692,ACC_000772,2026-06-26 02:35:51.755011,DEPOSIT,1974.41,MOBILE,Hong Kong,0
TXN_0006837,ACC_000361,ACC_000041,2026-04-29 00:30:21.755011,DEPOSIT,24679.02,ATM,Hong Kong,0
TXN_0006838,ACC_000899,ACC_000331,2026-06-24 21:22:27.755011,PAYMENT,968.18,ATM,USA,0
TXN_0006839,ACC_000484,ACC_000152,2026-03-11 22:07:33.755011,WITHDRAWAL,4049.16,BRANCH,Singapore,0
TXN_0006840,ACC_000191,ACC_000424,2026-09-01 11:56:30.755011,TRANSFER,5945.5,ATM,Hong Kong,0
TXN_0006841,ACC_000835,ACC_000860,2026-05-17 03:48:08.755011,WITHDRAWAL,3776.42,BRANCH,UK,0
TXN_0006842,ACC_000122,ACC_000517,2026-05-23 12:35:51.755011,TRANSFER,4113.08,MOBILE,UAE,0
TXN_0006843,ACC_000320,ACC_000906,2026-04-24 02:44:23.755011,TRANSFER,76518.62,ATM,UK,0
TXN_0006844,ACC_000948,ACC_000286,2026-08-12 19:57:56.755011,PAYMENT,2918.83,BRANCH,UAE,0
TXN_0006845,ACC_000559,ACC_000951,2026-06-25 02:18:42.755011,TRANSFER,151670.56,ATM,India,0
TXN_0006846,ACC_000382,ACC_000391,2026-05-20 20:20:43.755011,PAYMENT,13691.8,ATM,UK,0
TXN_0006847,ACC_000425,ACC_000830,2026-07-01 13:31:06.755011,PAYMENT,9049.51,BRANCH,Singapore,0
TXN_0006848,ACC_000246,ACC_000425,2026-04-03 10:12:34.755011,PAYMENT,14349.76,ONLINE,USA,0
TXN_0006849,ACC_000928,ACC_000261,2026-04-21 06:12:47.755011,TRANSFER,168706.08,ATM,UAE,0
TXN_0006850,ACC_000771,ACC_000353,2026-07-22 02:39:14.755011,WITHDRAWAL,2459.44,BRANCH,UAE,0
TXN_0006851,ACC_000974,ACC_000034,2026-08-05 17:52:06.755011,PAYMENT,2112.23,ATM,UAE,0
TXN_0006852,ACC_000466,ACC_000510,2026-08-21 15:08:51.755011,TRANSFER,3275.29,ONLINE,Singapore,0
TXN_0006853,ACC_000372,ACC_000889,2026-05-03 23:29:12.755011,TRANSFER,8421.74,ATM,Hong Kong,0
TXN_0006854,ACC_000586,ACC_000294,2026-08-01 17:29:40.755011,WITHDRAWAL,1021.55,BRANCH,USA,0
TXN_0006855,ACC_000219,ACC_000285,2026-07-14 23:17:09.755011,TRANSFER,8323.24,MOBILE,Hong Kong,0
TXN_0006856,ACC_000032,ACC_000761,2026-03-21 16:20:17.755011,PAYMENT,61836.96,ATM,USA,0
TXN_0006857,ACC_000847,ACC_000542,2026-03-31 11:33:31.755011,DEPOSIT,9717.55,BRANCH,Singapore,0
TXN_0006858,ACC_000052,ACC_000910,2026-07-09 04:25:09.755011,DEPOSIT,5703.17,BRANCH,Hong Kong,0
TXN_0006859,ACC_000264,ACC_000482,2026-07-30 01:35:50.755011,DEPOSIT,3859.17,ATM,India,0
TXN_0006860,ACC_000082,ACC_000678,2026-03-26 09:54:28.755011,TRANSFER,23818.41,MOBILE,India,0
TXN_0006861,ACC_000257,ACC_000253,2026-06-14 08:35:15.755011,DEPOSIT,3007.91,ATM,Singapore,0
TXN_0006862,ACC_000658,ACC_000560,2026-03-23 22:54:28.755011,DEPOSIT,74285.8,BRANCH,Hong Kong,0
TXN_0006863,ACC_000772,ACC_000355,2026-07-06 00:34:05.755011,PAYMENT,82456.96,ATM,Hong Kong,0
TXN_0006864,ACC_000137,ACC_000333,2026-04-04 03:02:12.755011,PAYMENT,11026.99,ATM,UAE,0
TXN_0006865,ACC_000132,ACC_000369,2026-04-27 15:55:09.755011,DEPOSIT,7991.88,BRANCH,Singapore,0
TXN_0006866,ACC_000468,ACC_000259,2026-06-04 00:09:01.755011,WITHDRAWAL,27911.44,BRANCH,Hong Kong,0
TXN_0006867,ACC_000110,ACC_000675,2026-04-08 11:22:28.755011,WITHDRAWAL,30144.51,ATM,India,0
TXN_0006868,ACC_000289,ACC_000539,2026-09-03 04:33:59.755011,WITHDRAWAL,3080.39,BRANCH,India,0
TXN_0006869,ACC_000195,ACC_000544,2026-05-19 22:51:07.755011,PAYMENT,4307.59,BRANCH,Hong Kong,0
TXN_0006870,ACC_000556,ACC_000853,2026-06-10 10:51:56.755011,WITHDRAWAL,1657.69,ATM,India,0
TXN_0006871,ACC_000684,ACC_000293,2026-08-08 23:53:22.755011,DEPOSIT,13238.41,MOBILE,Hong Kong,0
TXN_0006872,ACC_000602,ACC_000791,2026-08-26 04:45:52.755011,PAYMENT,18032.91,MOBILE,Hong Kong,0
TXN_0006873,ACC_000319,ACC_000458,2026-06-30 19:36:27.755011,DEPOSIT,1603.73,ONLINE,Singapore,0
TXN_0006874,ACC_000850,ACC_000251,2026-07-25 17:05:57.755011,PAYMENT,4692.69,MOBILE,USA,0
TXN_0006875,ACC_000056,ACC_000154,2026-07-09 12:54:11.755011,WITHDRAWAL,1608.88,MOBILE,Singapore,0
TXN_0006876,ACC_000730,ACC_000682,2026-05-27 22:58:22.755011,DEPOSIT,2755.74,MOBILE,Singapore,0
TXN_0006877,ACC_000661,ACC_000464,2026-06-01 21:26:03.755011,TRANSFER,15696.93,BRANCH,USA,0
TXN_0006878,ACC_000942,ACC_000081,2026-07-30 09:03:58.755011,PAYMENT,3360.42,MOBILE,UAE,0
TXN_0006879,ACC_000653,ACC_000336,2026-08-05 23:24:17.755011,PAYMENT,5647.73,ONLINE,India,0
TXN_0006880,ACC_000767,ACC_000449,2026-05-11 13:46:40.755011,PAYMENT,1149.67,ATM,Hong Kong,0
TXN_0006881,ACC_000053,ACC_000090,2026-07-07 20:48:14.755011,WITHDRAWAL,10141.47,BRANCH,USA,0
TXN_0006882,ACC_000433,ACC_000141,2026-06-26 07:53:58.755011,DEPOSIT,7683.82,ATM,UAE,0
TXN_0006883,ACC_000389,ACC_000905,2026-06-28 17:59:37.755011,WITHDRAWAL,3378.71,MOBILE,UAE,0
TXN_0006884,ACC_000506,ACC_000696,2026-08-24 22:12:38.755011,DEPOSIT,6458.7,ONLINE,Hong Kong,0
TXN_0006885,ACC_000647,ACC_000158,2026-07-07 05:19:47.755011,PAYMENT,10060.32,ONLINE,India,0
TXN_0006886,ACC_000127,ACC_000024,2026-07-10 16:05:55.755011,TRANSFER,3047.75,ONLINE,Hong Kong,0
TXN_0006887,ACC_000837,ACC_000418,2026-06-13 10:44:38.755011,DEPOSIT,1378.13,ONLINE,Singapore,0
TXN_0006888,ACC_000330,ACC_000501,2026-03-24 02:58:48.755011,WITHDRAWAL,70734.54,MOBILE,India,0
TXN_0006889,ACC_000786,ACC_000773,2026-06-28 14:37:45.755011,TRANSFER,3789.82,BRANCH,Singapore,0
TXN_0006890,ACC_000804,ACC_000687,2026-07-20 20:40:52.755011,TRANSFER,7214.79,ONLINE,India,0
TXN_0006891,ACC_000963,ACC_000362,2026-07-08 00:31:21.755011,DEPOSIT,27255.42,ATM,UK,0
TXN_0006892,ACC_000496,ACC_000879,2026-04-10 08:18:00.755011,WITHDRAWAL,559537.72,BRANCH,Singapore,0
TXN_0006893,ACC_000132,ACC_000635,2026-07-13 11:19:36.755011,WITHDRAWAL,1820.04,ATM,India,0
TXN_0006894,ACC_000118,ACC_000468,2026-05-13 12:27:08.755011,TRANSFER,13902.06,BRANCH,USA,0
TXN_0006895,ACC_000185,ACC_000669,2026-03-19 21:06:06.755011,PAYMENT,3466.63,MOBILE,USA,0
TXN_0006896,ACC_000336,ACC_000238,2026-04-22 02:20:38.755011,DEPOSIT,4244.81,BRANCH,UK,0
TXN_0006897,ACC_000496,ACC_000510,2026-07-17 11:24:07.755011,DEPOSIT,3414.36,ATM,UK,0
TXN_0006898,ACC_000841,ACC_000134,2026-08-07 06:51:12.755011,DEPOSIT,2099.0,MOBILE,UAE,0
TXN_0006899,ACC_000050,ACC_000212,2026-05-09 02:50:50.755011,TRANSFER,7711.36,ONLINE,UK,0
TXN_0006900,ACC_000449,ACC_000614,2026-06-30 02:02:17.755011,TRANSFER,1381.05,MOBILE,India,0
TXN_0006901,ACC_000077,ACC_000645,2026-06-08 03:51:30.755011,PAYMENT,25239.59,ONLINE,Singapore,0
TXN_0006902,ACC_000591,ACC_000611,2026-07-13 16:36:06.755011,TRANSFER,8655.96,BRANCH,UK,0
TXN_0006903,ACC_000423,ACC_000619,2026-05-22 18:46:30.755011,DEPOSIT,246326.99,MOBILE,Singapore,1
TXN_0006904,ACC_000920,ACC_000939,2026-08-18 11:36:13.755011,TRANSFER,4631.21,BRANCH,India,0
TXN_0006905,ACC_000297,ACC_000787,2026-04-09 12:38:47.755011,PAYMENT,5215.32,MOBILE,Singapore,0
TXN_0006906,ACC_000830,ACC_000251,2026-07-12 22:17:39.755011,TRANSFER,11442.35,ATM,USA,0
TXN_0006907,ACC_000397,ACC_000953,2026-04-14 18:13:48.755011,WITHDRAWAL,2004.48,ATM,UK,0
TXN_0006908,ACC_000746,ACC_000754,2026-06-01 23:13:21.755011,DEPOSIT,5273.3,BRANCH,USA,0
TXN_0006909,ACC_000486,ACC_000993,2026-03-09 12:07:08.755011,TRANSFER,2888.42,ONLINE,Hong Kong,0
TXN_0006910,ACC_000706,ACC_000230,2026-06-16 22:32:49.755011,WITHDRAWAL,2783.09,BRANCH,Singapore,0
TXN_0006911,ACC_000426,ACC_000768,2026-07-26 10:36:03.755011,TRANSFER,644.32,ATM,Hong Kong,0
TXN_0006912,ACC_000625,ACC_000715,2026-04-27 00:12:57.755011,PAYMENT,40424.52,BRANCH,Hong Kong,0
TXN_0006913,ACC_000790,ACC_000587,2026-03-28 07:13:27.755011,DEPOSIT,3555.15,ATM,Singapore,0
TXN_0006914,ACC_000306,ACC_000262,2026-07-21 00:10:28.755011,PAYMENT,32730.13,ONLINE,UAE,0
TXN_0006915,ACC_000620,ACC_000857,2026-07-07 16:59:42.755011,WITHDRAWAL,29218.31,BRANCH,Singapore,0
TXN_0006916,ACC_000064,ACC_000668,2026-03-10 16:02:01.755011,DEPOSIT,1731.6,ATM,Singapore,0
TXN_0006917,ACC_000121,ACC_000812,2026-09-03 04:36:41.755011,TRANSFER,2194.93,MOBILE,Hong Kong,0
TXN_0006918,ACC_000058,ACC_000457,2026-04-26 18:00:40.755011,DEPOSIT,175010.9,ONLINE,UK,0
TXN_0006919,ACC_000111,ACC_000093,2026-06-12 19:55:23.755011,PAYMENT,66244.73,MOBILE,USA,0
TXN_0006920,ACC_000747,ACC_000488,2026-07-19 00:35:46.755011,PAYMENT,7802.33,BRANCH,UK,0
TXN_0006921,ACC_000945,ACC_000644,2026-06-09 04:46:48.755011,PAYMENT,11035.23,MOBILE,UAE,0
TXN_0006922,ACC_000452,ACC_000472,2026-05-22 16:35:13.755011,DEPOSIT,3800.87,ONLINE,UK,0
TXN_0006923,ACC_000607,ACC_000599,2026-06-15 19:41:23.755011,TRANSFER,13613.58,BRANCH,India,0
TXN_0006924,ACC_000620,ACC_000394,2026-07-20 02:32:50.755011,TRANSFER,47348.89,MOBILE,UK,1
TXN_0006925,ACC_000998,ACC_000842,2026-04-12 00:18:36.755011,DEPOSIT,707.1,ONLINE,India,0
TXN_0006926,ACC_000254,ACC_000223,2026-06-26 21:34:09.755011,TRANSFER,1659.27,ATM,USA,0
TXN_0006927,ACC_000200,ACC_000483,2026-06-26 12:28:19.755011,WITHDRAWAL,8310.8,BRANCH,India,0
TXN_0006928,ACC_000445,ACC_000777,2026-04-24 22:50:33.755011,WITHDRAWAL,2085.41,ONLINE,UK,0
TXN_0006929,ACC_000710,ACC_000139,2026-03-23 16:39:32.755011,TRANSFER,7474.61,MOBILE,USA,0
TXN_0006930,ACC_000384,ACC_000065,2026-07-10 22:21:27.755011,WITHDRAWAL,2231.45,BRANCH,India,0
TXN_0006931,ACC_000929,ACC_000374,2026-07-14 20:53:48.755011,WITHDRAWAL,3169.01,ATM,USA,0
TXN_0006932,ACC_000371,ACC_000905,2026-05-18 00:53:58.755011,PAYMENT,22556.95,MOBILE,UAE,0
TXN_0006933,ACC_000891,ACC_000920,2026-03-12 11:28:41.755011,DEPOSIT,10905.0,ATM,India,0
TXN_0006934,ACC_000787,ACC_000152,2026-04-05 20:29:14.755011,PAYMENT,8009.65,ATM,USA,0
TXN_0006935,ACC_000557,ACC_000875,2026-04-04 08:52:26.755011,DEPOSIT,23266.2,BRANCH,India,0
TXN_0006936,ACC_000199,ACC_000360,2026-08-28 00:22:31.755011,DEPOSIT,14425.18,MOBILE,Singapore,0
TXN_0006937,ACC_000539,ACC_000681,2026-05-26 04:20:25.755011,WITHDRAWAL,45976.05,BRANCH,UK,0
TXN_0006938,ACC_000369,ACC_000329,2026-07-16 16:57:34.755011,TRANSFER,4666.52,BRANCH,Hong Kong,0
TXN_0006939,ACC_000252,ACC_000106,2026-06-16 10:05:55.755011,TRANSFER,4838.88,ONLINE,UAE,0
TXN_0006940,ACC_000701,ACC_000051,2026-07-26 10:22:41.755011,TRANSFER,1700.49,BRANCH,UK,0
TXN_0006941,ACC_000839,ACC_000959,2026-05-06 18:07:21.755011,WITHDRAWAL,4842.68,ONLINE,Hong Kong,0
TXN_0006942,ACC_000114,ACC_000667,2026-06-20 21:21:36.755011,TRANSFER,25789.53,MOBILE,UAE,0
TXN_0006943,ACC_000576,ACC_000927,2026-03-07 18:07:18.755011,DEPOSIT,38560.54,BRANCH,UAE,0
TXN_0006944,ACC_000260,ACC_000512,2026-04-26 22:45:20.755011,DEPOSIT,25651.73,ONLINE,UAE,0
TXN_0006945,ACC_000831,ACC_000791,2026-06-18 15:33:06.755011,DEPOSIT,941.03,BRANCH,USA,0
TXN_0006946,ACC_000650,ACC_000303,2026-08-07 01:12:48.755011,DEPOSIT,29725.91,MOBILE,USA,0
TXN_0006947,ACC_000308,ACC_000837,2026-04-21 21:28:22.755011,DEPOSIT,892.28,BRANCH,UK,0
TXN_0006948,ACC_000998,ACC_000235,2026-05-25 18:29:07.755011,PAYMENT,23807.14,BRANCH,UAE,0
TXN_0006949,ACC_000160,ACC_000813,2026-04-05 04:20:32.755011,DEPOSIT,5211.69,ATM,UAE,0
TXN_0006950,ACC_000077,ACC_000354,2026-09-03 01:17:52.755011,TRANSFER,18826.86,ATM,USA,0
TXN_0006951,ACC_000563,ACC_000908,2026-04-16 14:33:06.755011,DEPOSIT,1637.72,ATM,UK,0
TXN_0006952,ACC_000169,ACC_000119,2026-03-17 05:24:29.755011,WITHDRAWAL,325320.64,ONLINE,UK,1
TXN_0006953,ACC_000259,ACC_000485,2026-03-08 05:17:24.755011,PAYMENT,1396.93,BRANCH,India,0
TXN_0006954,ACC_000931,ACC_000657,2026-08-22 07:00:44.755011,DEPOSIT,3633.15,ATM,UAE,0
TXN_0006955,ACC_000973,ACC_000602,2026-05-15 11:23:21.755011,DEPOSIT,2446.19,BRANCH,USA,0
TXN_0006956,ACC_000586,ACC_000546,2026-05-26 00:23:06.755011,WITHDRAWAL,10528.12,ONLINE,UAE,1
TXN_0006957,ACC_000770,ACC_000306,2026-05-31 17:22:14.755011,DEPOSIT,9076.4,ATM,Singapore,0
TXN_0006958,ACC_000629,ACC_000452,2026-04-16 06:23:43.755011,WITHDRAWAL,70778.24,BRANCH,UK,0
TXN_0006959,ACC_000700,ACC_000697,2026-07-01 02:46:27.755011,WITHDRAWAL,198846.07,MOBILE,Singapore,0
TXN_0006960,ACC_000819,ACC_000647,2026-03-29 10:47:21.755011,WITHDRAWAL,9105.07,MOBILE,UK,0
TXN_0006961,ACC_000400,ACC_000067,2026-07-25 19:27:31.755011,DEPOSIT,433682.23,ATM,UAE,1
TXN_0006962,ACC_000491,ACC_000257,2026-05-12 06:42:06.755011,DEPOSIT,10705.51,BRANCH,Singapore,0
TXN_0006963,ACC_000656,ACC_000162,2026-05-31 15:03:41.755011,TRANSFER,14745.01,ATM,USA,0
TXN_0006964,ACC_000467,ACC_000456,2026-06-15 12:09:36.755011,WITHDRAWAL,5374.5,BRANCH,India,0
TXN_0006965,ACC_000636,ACC_000084,2026-09-01 14:44:26.755011,DEPOSIT,10240.36,MOBILE,UK,0
TXN_0006966,ACC_000685,ACC_000551,2026-08-23 11:47:25.755011,PAYMENT,15443.98,ATM,Hong Kong,0
TXN_0006967,ACC_000042,ACC_000655,2026-06-30 22:21:23.755011,TRANSFER,4047.47,ONLINE,UK,0
TXN_0006968,ACC_000294,ACC_000360,2026-05-08 12:57:05.755011,TRANSFER,7383.53,BRANCH,USA,0
TXN_0006969,ACC_000374,ACC_000292,2026-06-22 08:44:38.755011,TRANSFER,7554.39,MOBILE,Hong Kong,0
TXN_0006970,ACC_000230,ACC_000284,2026-06-26 11:11:11.755011,WITHDRAWAL,21844.05,ATM,UK,0
TXN_0006971,ACC_000674,ACC_000758,2026-08-21 09:43:09.755011,DEPOSIT,2254.68,ONLINE,USA,0
TXN_0006972,ACC_000253,ACC_000961,2026-04-21 22:58:35.755011,TRANSFER,7617.09,BRANCH,UK,0
TXN_0006973,ACC_000899,ACC_000811,2026-05-18 16:04:55.755011,PAYMENT,80370.83,MOBILE,UAE,0
TXN_0006974,ACC_000956,ACC_000929,2026-05-07 09:21:33.755011,TRANSFER,32757.01,BRANCH,USA,0
TXN_0006975,ACC_000721,ACC_000123,2026-07-27 06:14:20.755011,DEPOSIT,40905.3,ONLINE,UAE,0
TXN_0006976,ACC_000783,ACC_000645,2026-06-10 09:02:45.755011,WITHDRAWAL,8344.17,BRANCH,UAE,0
TXN_0006977,ACC_000150,ACC_000797,2026-06-22 15:44:27.755011,DEPOSIT,11910.76,ATM,Singapore,0
TXN_0006978,ACC_000254,ACC_000049,2026-05-28 23:22:42.755011,DEPOSIT,26975.48,BRANCH,USA,0
TXN_0006979,ACC_000528,ACC_000743,2026-08-12 07:44:08.755011,PAYMENT,52696.62,BRANCH,Singapore,0
TXN_0006980,ACC_000512,ACC_000674,2026-06-25 23:50:41.755011,DEPOSIT,779.05,MOBILE,UK,0
TXN_0006981,ACC_000057,ACC_000703,2026-08-08 01:14:52.755011,WITHDRAWAL,30407.18,MOBILE,UK,1
TXN_0006982,ACC_000722,ACC_000144,2026-06-01 14:50:21.755011,DEPOSIT,39000.62,ATM,UAE,0
TXN_0006983,ACC_000995,ACC_000792,2026-07-27 02:02:01.755011,TRANSFER,5812.31,ONLINE,India,0
TXN_0006984,ACC_000237,ACC_000728,2026-07-04 07:56:10.755011,PAYMENT,3618.93,ATM,Singapore,0
TXN_0006985,ACC_000530,ACC_000163,2026-06-02 13:54:06.755011,WITHDRAWAL,1799.04,MOBILE,Singapore,0
TXN_0006986,ACC_000637,ACC_000312,2026-05-11 00:57:49.755011,TRANSFER,4162.95,MOBILE,Singapore,0
TXN_0006987,ACC_000470,ACC_000453,2026-03-20 14:32:24.755011,WITHDRAWAL,1505.92,ATM,UAE,0
TXN_0006988,ACC_000981,ACC_000743,2026-08-04 02:33:56.755011,DEPOSIT,99639.42,ATM,UK,0
TXN_0006989,ACC_000567,ACC_000093,2026-05-07 18:30:26.755011,DEPOSIT,7887.83,ONLINE,UAE,0
TXN_0006990,ACC_000008,ACC_000507,2026-05-05 12:34:21.755011,WITHDRAWAL,7558.74,MOBILE,USA,0
TXN_0006991,ACC_000003,ACC_000374,2026-08-11 01:15:12.755011,PAYMENT,16410.75,BRANCH,UK,0
TXN_0006992,ACC_000146,ACC_000448,2026-06-08 03:05:34.755011,PAYMENT,25714.6,MOBILE,India,0
TXN_0006993,ACC_000715,ACC_000998,2026-07-29 07:17:01.755011,TRANSFER,25211.76,MOBILE,India,0
TXN_0006994,ACC_000047,ACC_000419,2026-08-19 21:57:30.755011,DEPOSIT,29388.14,BRANCH,USA,0
TXN_0006995,ACC_000548,ACC_000110,2026-04-01 09:54:25.755011,WITHDRAWAL,3800.87,BRANCH,UAE,0
TXN_0006996,ACC_000801,ACC_000029,2026-06-02 19:47:20.755011,PAYMENT,5667.82,BRANCH,UAE,0
TXN_0006997,ACC_000461,ACC_000583,2026-04-20 00:50:48.755011,PAYMENT,20390.78,ONLINE,UK,0
TXN_0006998,ACC_000318,ACC_000087,2026-07-26 06:02:54.755011,PAYMENT,58535.66,BRANCH,India,1
TXN_0006999,ACC_000892,ACC_000908,2026-03-07 22:50:50.755011,DEPOSIT,8053.58,ATM,UAE,0
TXN_0007000,ACC_000381,ACC_000544,2026-06-18 05:15:34.755011,PAYMENT,13075.77,ONLINE,Singapore,0
TXN_0007001,ACC_000944,ACC_000514,2026-07-18 04:17:06.755011,PAYMENT,20789.89,BRANCH,UAE,0
TXN_0007002,ACC_000454,ACC_000166,2026-05-28 16:12:29.755011,PAYMENT,959.86,BRANCH,Singapore,0
TXN_0007003,ACC_000048,ACC_000957,2026-05-26 19:22:10.755011,DEPOSIT,19104.8,BRANCH,Singapore,0
TXN_0007004,ACC_000578,ACC_000365,2026-05-14 09:43:33.755011,DEPOSIT,6121.31,ATM,Hong Kong,0
TXN_0007005,ACC_000335,ACC_000298,2026-08-08 00:16:14.755011,TRANSFER,18938.44,ONLINE,UK,0
TXN_0007006,ACC_000655,ACC_000686,2026-08-01 11:58:07.755011,DEPOSIT,20585.0,BRANCH,Hong Kong,0
TXN_0007007,ACC_000301,ACC_000041,2026-03-09 18:43:43.755011,PAYMENT,55798.27,MOBILE,Hong Kong,0
TXN_0007008,ACC_000546,ACC_000667,2026-07-30 20:34:14.755011,TRANSFER,41115.66,ONLINE,Hong Kong,0
TXN_0007009,ACC_000826,ACC_000334,2026-05-08 15:07:51.755011,DEPOSIT,40777.51,ATM,USA,0
TXN_0007010,ACC_000299,ACC_000775,2026-06-13 07:12:23.755011,WITHDRAWAL,45816.72,BRANCH,Hong Kong,0
TXN_0007011,ACC_000022,ACC_000157,2026-06-17 16:16:12.755011,WITHDRAWAL,11494.85,ONLINE,India,0
TXN_0007012,ACC_000379,ACC_000061,2026-03-24 02:14:12.755011,DEPOSIT,8422.16,MOBILE,UAE,0
TXN_0007013,ACC_000389,ACC_000015,2026-05-25 07:30:10.755011,TRANSFER,23095.21,BRANCH,Hong Kong,0
TXN_0007014,ACC_000352,ACC_000651,2026-03-24 03:50:13.755011,WITHDRAWAL,19506.39,BRANCH,Singapore,0
TXN_0007015,ACC_000292,ACC_000018,2026-07-11 06:32:33.755011,WITHDRAWAL,5592.16,BRANCH,Hong Kong,0
TXN_0007016,ACC_000044,ACC_000043,2026-03-16 04:59:17.755011,WITHDRAWAL,13171.2,MOBILE,UAE,0
TXN_0007017,ACC_000568,ACC_000602,2026-07-09 21:04:14.755011,PAYMENT,7768.9,ATM,Hong Kong,0
TXN_0007018,ACC_000896,ACC_000914,2026-05-25 07:49:52.755011,TRANSFER,2908.17,BRANCH,UK,0
TXN_0007019,ACC_000639,ACC_000248,2026-05-06 05:18:49.755011,WITHDRAWAL,38122.23,BRANCH,Hong Kong,0
TXN_0007020,ACC_000873,ACC_000918,2026-07-20 14:44:33.755011,TRANSFER,8658.0,ATM,Hong Kong,0
TXN_0007021,ACC_000223,ACC_000414,2026-06-24 16:10:16.755011,WITHDRAWAL,94698.17,BRANCH,USA,0
TXN_0007022,ACC_000372,ACC_000334,2026-05-05 13:42:19.755011,TRANSFER,1152.18,BRANCH,India,0
TXN_0007023,ACC_000242,ACC_000358,2026-04-19 08:42:21.755011,TRANSFER,4154.16,MOBILE,Hong Kong,0
TXN_0007024,ACC_000279,ACC_000663,2026-04-27 01:44:17.755011,DEPOSIT,8426.75,BRANCH,Hong Kong,0
TXN_0007025,ACC_000037,ACC_000789,2026-07-03 10:06:03.755011,TRANSFER,31724.91,ONLINE,UK,0
TXN_0007026,ACC_000929,ACC_000971,2026-06-30 08:36:12.755011,TRANSFER,13086.85,MOBILE,Hong Kong,0
TXN_0007027,ACC_000889,ACC_000779,2026-08-29 15:38:34.755011,DEPOSIT,186581.89,BRANCH,Hong Kong,1
TXN_0007028,ACC_000107,ACC_000309,2026-05-07 20:35:12.755011,TRANSFER,2094.95,BRANCH,India,0
TXN_0007029,ACC_000579,ACC_000594,2026-03-17 08:26:30.755011,DEPOSIT,2021.65,ATM,India,0
TXN_0007030,ACC_000976,ACC_000605,2026-03-10 03:55:30.755011,TRANSFER,11932.32,BRANCH,Singapore,0
TXN_0007031,ACC_000229,ACC_000915,2026-08-31 08:48:07.755011,TRANSFER,21149.86,ATM,Hong Kong,1
TXN_0007032,ACC_000618,ACC_000112,2026-05-20 04:45:08.755011,PAYMENT,4280.16,ONLINE,UK,0
TXN_0007033,ACC_000259,ACC_000334,2026-05-20 10:47:03.755011,WITHDRAWAL,14781.04,BRANCH,Singapore,0
TXN_0007034,ACC_000115,ACC_000159,2026-05-18 05:59:01.755011,WITHDRAWAL,28887.67,ATM,Singapore,1
TXN_0007035,ACC_000413,ACC_000608,2026-06-01 04:02:57.755011,DEPOSIT,55627.18,BRANCH,USA,0
TXN_0007036,ACC_000806,ACC_000775,2026-04-07 21:08:11.755011,WITHDRAWAL,35197.26,BRANCH,Hong Kong,0
TXN_0007037,ACC_000501,ACC_000287,2026-05-06 11:30:21.755011,WITHDRAWAL,1229.42,ONLINE,UAE,0
TXN_0007038,ACC_000664,ACC_000518,2026-06-24 23:50:38.755011,DEPOSIT,2646.93,ONLINE,Singapore,0
TXN_0007039,ACC_000226,ACC_000092,2026-07-12 01:46:03.755011,WITHDRAWAL,521.69,BRANCH,India,0
TXN_0007040,ACC_000916,ACC_000285,2026-03-14 14:41:57.755011,PAYMENT,3168.11,BRANCH,India,0
TXN_0007041,ACC_000789,ACC_000259,2026-08-30 19:45:20.755011,DEPOSIT,20326.2,ONLINE,Singapore,0
TXN_0007042,ACC_000272,ACC_000269,2026-08-19 03:49:26.755011,TRANSFER,4931.14,MOBILE,USA,0
TXN_0007043,ACC_000992,ACC_000354,2026-05-01 14:17:48.755011,PAYMENT,14086.28,BRANCH,Hong Kong,0
TXN_0007044,ACC_000378,ACC_000264,2026-07-26 21:41:01.755011,TRANSFER,1304.01,ONLINE,USA,0
TXN_0007045,ACC_000475,ACC_000572,2026-08-13 06:19:18.755011,TRANSFER,21111.44,MOBILE,UAE,0
TXN_0007046,ACC_000439,ACC_000139,2026-08-15 08:08:27.755011,TRANSFER,4162.49,ATM,UAE,0
TXN_0007047,ACC_000253,ACC_000609,2026-06-01 17:25:06.755011,DEPOSIT,8222.29,MOBILE,Hong Kong,0
TXN_0007048,ACC_000178,ACC_000837,2026-08-29 00:31:22.755011,DEPOSIT,7248.51,BRANCH,India,0
TXN_0007049,ACC_000289,ACC_000676,2026-06-09 19:16:59.755011,TRANSFER,1761.89,MOBILE,Singapore,0
TXN_0007050,ACC_000915,ACC_000277,2026-08-02 14:27:42.755011,TRANSFER,2031.03,ATM,Singapore,0
TXN_0007051,ACC_000361,ACC_000196,2026-04-13 10:07:06.755011,WITHDRAWAL,25883.3,ATM,UK,0
TXN_0007052,ACC_000089,ACC_000571,2026-05-21 07:07:39.755011,PAYMENT,13079.36,ATM,Singapore,0
TXN_0007053,ACC_000091,ACC_000213,2026-08-15 20:24:02.755011,WITHDRAWAL,28568.47,ONLINE,Hong Kong,0
TXN_0007054,ACC_000863,ACC_000010,2026-03-21 12:28:23.755011,WITHDRAWAL,11963.19,MOBILE,USA,0
TXN_0007055,ACC_000371,ACC_000792,2026-07-07 11:47:08.755011,PAYMENT,9619.9,BRANCH,UK,0
TXN_0007056,ACC_000925,ACC_000555,2026-05-24 12:22:34.755011,TRANSFER,1021.25,MOBILE,Hong Kong,0
TXN_0007057,ACC_000177,ACC_000714,2026-09-02 15:00:10.755011,TRANSFER,5857.98,BRANCH,USA,0
TXN_0007058,ACC_000401,ACC_000193,2026-04-05 20:11:14.755011,PAYMENT,7841.13,MOBILE,India,0
TXN_0007059,ACC_000673,ACC_000634,2026-04-12 06:08:09.755011,PAYMENT,84434.27,BRANCH,UAE,0
TXN_0007060,ACC_000802,ACC_000255,2026-07-27 20:31:57.755011,PAYMENT,18478.22,BRANCH,Singapore,0
TXN_0007061,ACC_000250,ACC_000159,2026-04-24 12:19:51.755011,DEPOSIT,51188.67,ATM,Singapore,0
TXN_0007062,ACC_000440,ACC_000450,2026-07-25 11:12:01.755011,WITHDRAWAL,16598.13,BRANCH,UAE,0
TXN_0007063,ACC_000813,ACC_000521,2026-06-13 20:03:41.755011,TRANSFER,3451.06,MOBILE,Singapore,0
TXN_0007064,ACC_000656,ACC_000724,2026-06-02 03:13:47.755011,DEPOSIT,9325.88,MOBILE,UAE,0
TXN_0007065,ACC_000297,ACC_000275,2026-06-27 03:36:55.755011,PAYMENT,10758.68,ONLINE,USA,0
TXN_0007066,ACC_000653,ACC_000907,2026-05-13 18:15:46.755011,DEPOSIT,2625.47,ATM,Hong Kong,0
TXN_0007067,ACC_000419,ACC_000517,2026-05-24 18:32:32.755011,WITHDRAWAL,5108.88,ONLINE,Hong Kong,0
TXN_0007068,ACC_000665,ACC_000433,2026-05-24 23:26:32.755011,DEPOSIT,6330.15,ATM,USA,0
TXN_0007069,ACC_000407,ACC_000127,2026-03-22 03:36:39.755011,PAYMENT,55644.79,ONLINE,Singapore,0
TXN_0007070,ACC_000350,ACC_000250,2026-03-10 08:07:46.755011,WITHDRAWAL,667.21,ONLINE,USA,0
TXN_0007071,ACC_000227,ACC_000194,2026-06-19 03:46:01.755011,PAYMENT,34440.28,ONLINE,Hong Kong,0
TXN_0007072,ACC_000964,ACC_000909,2026-07-14 13:02:13.755011,TRANSFER,2632.91,ONLINE,India,0
TXN_0007073,ACC_000554,ACC_000838,2026-04-30 17:52:41.755011,TRANSFER,1561.66,ATM,USA,0
TXN_0007074,ACC_000060,ACC_000890,2026-06-19 21:10:06.755011,TRANSFER,33387.29,ATM,UAE,0
TXN_0007075,ACC_000756,ACC_000937,2026-07-20 01:16:50.755011,WITHDRAWAL,19502.1,ATM,India,0
TXN_0007076,ACC_000794,ACC_000907,2026-04-30 01:29:30.755011,PAYMENT,36512.96,BRANCH,UAE,0
TXN_0007077,ACC_000497,ACC_000252,2026-05-16 06:23:16.755011,WITHDRAWAL,21180.63,ONLINE,UK,0
TXN_0007078,ACC_000023,ACC_000690,2026-03-23 20:42:11.755011,DEPOSIT,95972.22,BRANCH,India,0
TXN_0007079,ACC_000188,ACC_000242,2026-08-18 17:53:12.755011,DEPOSIT,15842.77,MOBILE,India,0
TXN_0007080,ACC_000974,ACC_000145,2026-03-14 19:35:43.755011,DEPOSIT,6715.86,ATM,USA,0
TXN_0007081,ACC_000566,ACC_000655,2026-06-11 11:25:41.755011,PAYMENT,12228.34,ATM,UK,0
TXN_0007082,ACC_000564,ACC_000714,2026-08-06 06:38:22.755011,PAYMENT,36032.01,BRANCH,Hong Kong,0
TXN_0007083,ACC_000795,ACC_000251,2026-08-08 06:25:36.755011,WITHDRAWAL,3180.36,ONLINE,Singapore,0
TXN_0007084,ACC_000543,ACC_000297,2026-03-19 04:19:21.755011,TRANSFER,3706.09,ONLINE,UK,0
TXN_0007085,ACC_000629,ACC_000912,2026-08-18 10:03:26.755011,DEPOSIT,5592.87,ONLINE,Singapore,0
TXN_0007086,ACC_000906,ACC_000537,2026-07-04 21:47:55.755011,TRANSFER,648.4,ONLINE,UAE,0
TXN_0007087,ACC_000189,ACC_000889,2026-06-08 04:56:02.755011,DEPOSIT,139993.33,BRANCH,Singapore,1
TXN_0007088,ACC_000547,ACC_000220,2026-03-17 02:19:36.755011,DEPOSIT,842.73,ONLINE,Singapore,0
TXN_0007089,ACC_000690,ACC_000956,2026-08-11 15:44:48.755011,PAYMENT,8635.8,ONLINE,UK,0
TXN_0007090,ACC_000483,ACC_000201,2026-04-20 08:29:37.755011,TRANSFER,22887.53,BRANCH,India,0
TXN_0007091,ACC_000203,ACC_000593,2026-07-31 22:58:53.755011,TRANSFER,4572.19,ATM,UAE,0
TXN_0007092,ACC_000977,ACC_000159,2026-08-27 23:51:05.755011,TRANSFER,60629.63,ONLINE,UK,0
TXN_0007093,ACC_000681,ACC_000401,2026-07-28 22:45:45.755011,PAYMENT,1404.45,BRANCH,India,0
TXN_0007094,ACC_000182,ACC_000668,2026-07-08 06:42:57.755011,WITHDRAWAL,33843.86,BRANCH,UK,0
TXN_0007095,ACC_000915,ACC_000669,2026-05-09 20:04:09.755011,DEPOSIT,18217.98,ATM,India,0
TXN_0007096,ACC_000234,ACC_000546,2026-06-05 03:27:05.755011,TRANSFER,1033.56,MOBILE,USA,0
TXN_0007097,ACC_000847,ACC_000213,2026-08-06 19:55:12.755011,PAYMENT,209599.36,ATM,UAE,0
TXN_0007098,ACC_000179,ACC_000988,2026-07-17 07:28:07.755011,WITHDRAWAL,7506.36,MOBILE,India,0
TXN_0007099,ACC_000687,ACC_000874,2026-06-30 13:04:58.755011,PAYMENT,2827.14,MOBILE,Singapore,0
TXN_0007100,ACC_000299,ACC_000241,2026-05-17 21:17:42.755011,TRANSFER,1497.41,BRANCH,UK,0
TXN_0007101,ACC_000466,ACC_000560,2026-04-28 13:18:00.755011,TRANSFER,6222.82,ONLINE,Singapore,0
TXN_0007102,ACC_000851,ACC_000588,2026-08-15 20:33:26.755011,PAYMENT,6954.27,MOBILE,Singapore,0
TXN_0007103,ACC_000614,ACC_000856,2026-05-26 06:54:53.755011,PAYMENT,9165.25,BRANCH,UK,0
TXN_0007104,ACC_000666,ACC_000375,2026-07-09 10:50:05.755011,TRANSFER,5668.3,MOBILE,UK,0
TXN_0007105,ACC_000505,ACC_000370,2026-06-20 06:06:06.755011,TRANSFER,17324.39,ONLINE,Hong Kong,0
TXN_0007106,ACC_000993,ACC_000033,2026-06-05 17:05:41.755011,TRANSFER,5089.04,ATM,India,0
TXN_0007107,ACC_000098,ACC_000646,2026-04-04 13:57:29.755011,TRANSFER,794.76,ATM,UK,0
TXN_0007108,ACC_000290,ACC_000198,2026-07-22 16:08:56.755011,PAYMENT,84701.06,ATM,India,1
TXN_0007109,ACC_000690,ACC_000431,2026-05-19 05:35:54.755011,DEPOSIT,472.97,MOBILE,India,0
TXN_0007110,ACC_000320,ACC_000416,2026-03-23 15:44:46.755011,TRANSFER,12388.51,ONLINE,UAE,0
TXN_0007111,ACC_000941,ACC_000214,2026-09-02 08:35:27.755011,WITHDRAWAL,2501.99,ATM,India,0
TXN_0007112,ACC_000171,ACC_000179,2026-05-30 21:18:30.755011,DEPOSIT,9857.94,ONLINE,Hong Kong,0
TXN_0007113,ACC_000398,ACC_000762,2026-03-22 11:09:31.755011,WITHDRAWAL,39217.96,ATM,Singapore,0
TXN_0007114,ACC_000237,ACC_000120,2026-04-20 11:39:48.755011,DEPOSIT,2595.41,ONLINE,UK,0
TXN_0007115,ACC_000977,ACC_000160,2026-06-22 05:02:27.755011,PAYMENT,28955.27,ONLINE,India,0
TXN_0007116,ACC_000708,ACC_000460,2026-03-24 02:33:12.755011,TRANSFER,4817.12,MOBILE,UK,0
TXN_0007117,ACC_000257,ACC_000048,2026-07-28 20:37:09.755011,WITHDRAWAL,66425.33,ONLINE,UAE,0
TXN_0007118,ACC_000371,ACC_000030,2026-06-26 15:52:07.755011,TRANSFER,5228.17,ONLINE,India,0
TXN_0007119,ACC_000834,ACC_000341,2026-08-01 11:21:53.755011,DEPOSIT,2955.46,BRANCH,USA,0
TXN_0007120,ACC_000822,ACC_000428,2026-04-07 00:09:09.755011,PAYMENT,18484.47,MOBILE,UAE,0
TXN_0007121,ACC_000819,ACC_000443,2026-06-07 02:02:17.755011,PAYMENT,4803.27,MOBILE,USA,0
TXN_0007122,ACC_000668,ACC_000968,2026-04-23 00:40:44.755011,TRANSFER,2952.07,ATM,Hong Kong,0
TXN_0007123,ACC_000803,ACC_000776,2026-06-17 20:17:02.755011,DEPOSIT,4566.91,BRANCH,India,0
TXN_0007124,ACC_000335,ACC_000761,2026-05-26 21:27:56.755011,DEPOSIT,7680.75,ONLINE,USA,0
TXN_0007125,ACC_000991,ACC_000198,2026-04-09 00:12:34.755011,WITHDRAWAL,40563.18,BRANCH,Singapore,0
TXN_0007126,ACC_000681,ACC_000309,2026-03-23 05:17:38.755011,TRANSFER,795.6,MOBILE,Singapore,0
TXN_0007127,ACC_000197,ACC_000155,2026-05-11 22:14:11.755011,PAYMENT,8330.65,BRANCH,Hong Kong,0
TXN_0007128,ACC_000868,ACC_000856,2026-07-05 11:49:11.755011,DEPOSIT,17152.24,MOBILE,USA,0
TXN_0007129,ACC_000324,ACC_000540,2026-03-31 03:45:25.755011,DEPOSIT,10220.37,ONLINE,Singapore,0
TXN_0007130,ACC_000883,ACC_000256,2026-06-23 00:09:53.755011,TRANSFER,39020.34,BRANCH,India,0
TXN_0007131,ACC_000096,ACC_000069,2026-03-29 11:13:42.755011,WITHDRAWAL,7411.48,ATM,Hong Kong,0
TXN_0007132,ACC_000300,ACC_000719,2026-04-06 23:45:45.755011,WITHDRAWAL,6493.38,MOBILE,UK,0
TXN_0007133,ACC_000938,ACC_000689,2026-05-31 19:46:43.755011,PAYMENT,136122.72,BRANCH,India,1
TXN_0007134,ACC_000918,ACC_000862,2026-06-06 17:16:42.755011,WITHDRAWAL,9128.68,ONLINE,UAE,0
TXN_0007135,ACC_000699,ACC_000420,2026-03-07 13:38:15.755011,DEPOSIT,5072.1,MOBILE,UK,0
TXN_0007136,ACC_000671,ACC_000055,2026-05-08 02:39:08.755011,WITHDRAWAL,15053.61,BRANCH,Hong Kong,0
TXN_0007137,ACC_000261,ACC_000008,2026-04-13 18:08:20.755011,TRANSFER,3703.25,ONLINE,Singapore,0
TXN_0007138,ACC_000092,ACC_000473,2026-08-30 11:01:08.755011,TRANSFER,3891.65,BRANCH,India,0
TXN_0007139,ACC_000038,ACC_000117,2026-08-24 17:27:14.755011,TRANSFER,4300.16,ATM,Singapore,0
TXN_0007140,ACC_000878,ACC_000093,2026-04-19 12:05:12.755011,TRANSFER,41096.7,BRANCH,USA,0
TXN_0007141,ACC_000988,ACC_000326,2026-04-23 22:02:06.755011,DEPOSIT,169.83,BRANCH,UK,0
TXN_0007142,ACC_000032,ACC_000066,2026-05-28 09:14:39.755011,TRANSFER,115841.09,MOBILE,UK,1
TXN_0007143,ACC_000409,ACC_000741,2026-08-06 03:29:54.755011,TRANSFER,8443.28,BRANCH,UAE,0
TXN_0007144,ACC_000873,ACC_000298,2026-04-05 07:23:48.755011,TRANSFER,1078.1,ONLINE,Singapore,0
TXN_0007145,ACC_000278,ACC_000781,2026-04-16 10:04:29.755011,PAYMENT,11750.75,MOBILE,Hong Kong,0
TXN_0007146,ACC_000072,ACC_000857,2026-08-18 00:52:54.755011,TRANSFER,14341.35,MOBILE,Singapore,0
TXN_0007147,ACC_000675,ACC_000406,2026-05-03 02:14:24.755011,DEPOSIT,16441.55,ATM,UK,0
TXN_0007148,ACC_000150,ACC_000130,2026-06-18 00:32:22.755011,PAYMENT,336.23,ONLINE,Hong Kong,0
TXN_0007149,ACC_000301,ACC_000130,2026-08-25 18:56:37.755011,TRANSFER,41758.88,ONLINE,Singapore,0
TXN_0007150,ACC_000410,ACC_000057,2026-04-27 06:45:22.755011,PAYMENT,3343.31,MOBILE,India,0
TXN_0007151,ACC_000629,ACC_000153,2026-05-12 02:00:24.755011,PAYMENT,18469.6,MOBILE,Hong Kong,0
TXN_0007152,ACC_000151,ACC_000067,2026-05-08 07:53:08.755011,DEPOSIT,19718.03,MOBILE,Singapore,0
TXN_0007153,ACC_000780,ACC_000948,2026-04-13 00:44:59.755011,PAYMENT,2829.81,ONLINE,Singapore,0
TXN_0007154,ACC_000595,ACC_000812,2026-04-28 22:57:06.755011,WITHDRAWAL,17899.93,ONLINE,Singapore,0
TXN_0007155,ACC_000662,ACC_000842,2026-05-09 07:04:37.755011,WITHDRAWAL,5102.1,ONLINE,India,0
TXN_0007156,ACC_000488,ACC_000951,2026-04-17 20:39:06.755011,TRANSFER,674.75,ATM,Hong Kong,0
TXN_0007157,ACC_000436,ACC_000761,2026-07-09 21:17:04.755011,PAYMENT,32902.05,ONLINE,Hong Kong,0
TXN_0007158,ACC_000557,ACC_000613,2026-06-11 20:19:37.755011,TRANSFER,3196.93,BRANCH,UAE,0
TXN_0007159,ACC_000701,ACC_000768,2026-08-16 17:19:11.755011,WITHDRAWAL,2906.22,BRANCH,Hong Kong,0
TXN_0007160,ACC_000571,ACC_000820,2026-03-29 02:36:26.755011,PAYMENT,4995.64,ONLINE,UK,0
TXN_0007161,ACC_000331,ACC_000650,2026-07-16 06:40:04.755011,WITHDRAWAL,11233.82,MOBILE,Singapore,0
TXN_0007162,ACC_000247,ACC_000244,2026-06-12 05:22:53.755011,WITHDRAWAL,7564.91,ATM,UK,0
TXN_0007163,ACC_000624,ACC_000481,2026-08-15 14:08:55.755011,PAYMENT,231422.45,BRANCH,UAE,1
TXN_0007164,ACC_000681,ACC_000437,2026-03-25 16:08:06.755011,WITHDRAWAL,1623.94,ATM,UK,0
TXN_0007165,ACC_000682,ACC_000829,2026-03-22 07:37:22.755011,DEPOSIT,3324.71,MOBILE,India,0
TXN_0007166,ACC_000815,ACC_000578,2026-03-08 06:11:08.755011,PAYMENT,7050.15,BRANCH,India,0
TXN_0007167,ACC_000119,ACC_000531,2026-07-30 15:19:08.755011,WITHDRAWAL,79020.67,BRANCH,UAE,0
TXN_0007168,ACC_000276,ACC_000660,2026-06-02 09:28:20.755011,TRANSFER,7068.65,MOBILE,USA,0
TXN_0007169,ACC_000742,ACC_000807,2026-05-10 01:35:14.755011,WITHDRAWAL,29800.09,ONLINE,UAE,0
TXN_0007170,ACC_000585,ACC_000157,2026-09-02 10:31:43.755011,TRANSFER,8486.79,MOBILE,Singapore,0
TXN_0007171,ACC_000408,ACC_000518,2026-05-22 07:17:10.755011,TRANSFER,4535.13,BRANCH,USA,0
TXN_0007172,ACC_000621,ACC_000651,2026-07-03 04:51:27.755011,PAYMENT,6026.55,MOBILE,India,0
TXN_0007173,ACC_000098,ACC_000093,2026-07-08 20:29:34.755011,WITHDRAWAL,6620.3,MOBILE,India,0
TXN_0007174,ACC_000742,ACC_000945,2026-07-25 11:28:26.755011,DEPOSIT,16720.23,ATM,Hong Kong,0
TXN_0007175,ACC_000914,ACC_000914,2026-07-10 22:02:49.755011,TRANSFER,42172.92,ONLINE,Singapore,0
TXN_0007176,ACC_000092,ACC_000781,2026-04-15 13:36:39.755011,TRANSFER,12476.69,ATM,Hong Kong,0
TXN_0007177,ACC_000960,ACC_000597,2026-06-04 20:28:42.755011,WITHDRAWAL,33674.4,ATM,UAE,0
TXN_0007178,ACC_000902,ACC_000165,2026-08-14 20:31:25.755011,PAYMENT,2545.93,ATM,India,0
TXN_0007179,ACC_000498,ACC_000511,2026-05-22 05:26:13.755011,PAYMENT,4926.79,MOBILE,India,0
TXN_0007180,ACC_000854,ACC_000220,2026-07-23 00:40:46.755011,WITHDRAWAL,3397.64,BRANCH,India,0
TXN_0007181,ACC_000472,ACC_000717,2026-07-19 06:22:34.755011,TRANSFER,11817.46,MOBILE,India,0
TXN_0007182,ACC_000179,ACC_000509,2026-08-08 02:09:10.755011,DEPOSIT,5267.18,ATM,USA,0
TXN_0007183,ACC_000504,ACC_000239,2026-07-11 18:54:45.755011,DEPOSIT,19452.43,MOBILE,USA,0
TXN_0007184,ACC_000693,ACC_000918,2026-03-27 02:51:54.755011,WITHDRAWAL,2651.28,ATM,India,0
TXN_0007185,ACC_000036,ACC_000450,2026-04-12 09:53:14.755011,PAYMENT,8532.5,BRANCH,UK,0
TXN_0007186,ACC_000521,ACC_000467,2026-07-11 13:54:07.755011,TRANSFER,18476.03,MOBILE,USA,0
TXN_0007187,ACC_000679,ACC_000338,2026-08-21 08:19:31.755011,PAYMENT,679.69,MOBILE,USA,0
TXN_0007188,ACC_000929,ACC_000003,2026-08-29 23:09:56.755011,WITHDRAWAL,1510577.13,MOBILE,Hong Kong,1
TXN_0007189,ACC_000561,ACC_000504,2026-07-18 06:10:42.755011,DEPOSIT,5768.79,ATM,Singapore,0
TXN_0007190,ACC_000187,ACC_000501,2026-08-06 15:24:39.755011,PAYMENT,713.34,BRANCH,UAE,0
TXN_0007191,ACC_000228,ACC_000534,2026-04-05 09:18:21.755011,TRANSFER,9795.84,BRANCH,Hong Kong,0
TXN_0007192,ACC_000131,ACC_000597,2026-03-21 08:02:19.755011,PAYMENT,8434.89,ONLINE,USA,0
TXN_0007193,ACC_000676,ACC_000910,2026-03-27 06:20:29.755011,TRANSFER,7344.64,ATM,Hong Kong,0
TXN_0007194,ACC_000031,ACC_000487,2026-03-28 05:18:15.755011,WITHDRAWAL,26620.3,ATM,UK,0
TXN_0007195,ACC_000046,ACC_000183,2026-07-16 19:19:47.755011,WITHDRAWAL,19869.36,BRANCH,UAE,0
TXN_0007196,ACC_000853,ACC_000795,2026-06-17 11:01:56.755011,WITHDRAWAL,11584.83,ONLINE,USA,0
TXN_0007197,ACC_000747,ACC_000130,2026-08-14 05:30:21.755011,PAYMENT,13907.54,ATM,USA,0
TXN_0007198,ACC_000496,ACC_000805,2026-06-23 18:14:12.755011,PAYMENT,7149.3,MOBILE,Hong Kong,0
TXN_0007199,ACC_000061,ACC_000964,2026-06-07 14:28:39.755011,WITHDRAWAL,68226.55,ATM,UAE,0
TXN_0007200,ACC_000255,ACC_000492,2026-03-27 19:37:13.755011,TRANSFER,1373.29,MOBILE,UAE,0
TXN_0007201,ACC_000211,ACC_000492,2026-06-16 06:38:37.755011,PAYMENT,9581.43,ONLINE,USA,0
TXN_0007202,ACC_000435,ACC_000836,2026-03-29 03:12:56.755011,PAYMENT,8760.69,ATM,Singapore,0
TXN_0007203,ACC_000007,ACC_000633,2026-06-15 15:11:40.755011,PAYMENT,21502.76,BRANCH,India,0
TXN_0007204,ACC_000238,ACC_000077,2026-07-06 17:54:57.755011,DEPOSIT,2943.56,MOBILE,UK,0
TXN_0007205,ACC_000573,ACC_000806,2026-06-21 04:28:51.755011,PAYMENT,999.84,ONLINE,USA,0
TXN_0007206,ACC_000666,ACC_000449,2026-04-30 12:05:35.755011,PAYMENT,9780.91,ONLINE,India,0
TXN_0007207,ACC_000457,ACC_000063,2026-04-17 00:28:28.755011,WITHDRAWAL,11355.72,MOBILE,Singapore,0
TXN_0007208,ACC_000376,ACC_000321,2026-08-18 00:33:35.755011,WITHDRAWAL,48412.79,ONLINE,Singapore,0
TXN_0007209,ACC_000016,ACC_000016,2026-08-25 19:03:25.755011,WITHDRAWAL,1764.4,ATM,UK,0
TXN_0007210,ACC_000532,ACC_000134,2026-06-14 01:10:16.755011,PAYMENT,32390.89,MOBILE,UAE,0
TXN_0007211,ACC_000128,ACC_000798,2026-07-15 00:10:18.755011,TRANSFER,138814.98,ATM,UAE,0
TXN_0007212,ACC_000530,ACC_000330,2026-04-21 13:53:02.755011,TRANSFER,5149.64,ATM,Hong Kong,0
TXN_0007213,ACC_000504,ACC_000493,2026-04-30 21:32:10.755011,PAYMENT,1721.36,MOBILE,UAE,0
TXN_0007214,ACC_000225,ACC_000476,2026-05-15 05:20:56.755011,TRANSFER,4972.27,MOBILE,Singapore,0
TXN_0007215,ACC_000329,ACC_000906,2026-03-26 22:35:36.755011,PAYMENT,8240.41,ATM,Hong Kong,0
TXN_0007216,ACC_000017,ACC_000391,2026-08-04 07:58:03.755011,DEPOSIT,15939.34,BRANCH,Hong Kong,0
TXN_0007217,ACC_000661,ACC_000912,2026-03-19 06:41:31.755011,DEPOSIT,3985.13,ATM,USA,0
TXN_0007218,ACC_000808,ACC_000071,2026-06-26 17:47:43.755011,DEPOSIT,52377.81,ONLINE,India,0
TXN_0007219,ACC_000762,ACC_000226,2026-06-30 02:00:31.755011,TRANSFER,21241.88,ATM,Singapore,1
TXN_0007220,ACC_000862,ACC_000195,2026-03-29 14:47:06.755011,WITHDRAWAL,1005.21,ONLINE,USA,0
TXN_0007221,ACC_000080,ACC_000996,2026-07-06 09:24:21.755011,DEPOSIT,30578.5,ONLINE,USA,0
TXN_0007222,ACC_000668,ACC_000217,2026-07-07 23:52:47.755011,TRANSFER,528.72,BRANCH,India,0
TXN_0007223,ACC_000141,ACC_000901,2026-06-28 05:23:46.755011,TRANSFER,6342.6,ONLINE,UK,0
TXN_0007224,ACC_000047,ACC_000489,2026-05-18 12:23:51.755011,PAYMENT,4358174.02,ONLINE,Singapore,1
TXN_0007225,ACC_000460,ACC_000998,2026-04-28 22:47:15.755011,WITHDRAWAL,7986.82,ATM,UK,0
TXN_0007226,ACC_000955,ACC_000490,2026-04-28 21:27:34.755011,PAYMENT,2111.34,ATM,UK,0
TXN_0007227,ACC_000329,ACC_000063,2026-09-02 07:10:54.755011,DEPOSIT,7563.76,MOBILE,USA,0
TXN_0007228,ACC_000025,ACC_000344,2026-07-03 02:48:43.755011,PAYMENT,7623.87,BRANCH,Singapore,0
TXN_0007229,ACC_000133,ACC_000025,2026-03-30 16:41:17.755011,DEPOSIT,9825.93,ATM,Hong Kong,0
TXN_0007230,ACC_000354,ACC_000489,2026-07-06 03:01:05.755011,TRANSFER,17938.7,ATM,UK,0
TXN_0007231,ACC_000329,ACC_000012,2026-07-21 17:19:54.755011,TRANSFER,2328.7,BRANCH,UAE,0
TXN_0007232,ACC_000270,ACC_000285,2026-07-30 14:30:12.755011,WITHDRAWAL,61393.4,BRANCH,UK,0
TXN_0007233,ACC_000762,ACC_000714,2026-06-02 04:51:25.755011,TRANSFER,217301.81,BRANCH,UK,1
TXN_0007234,ACC_000035,ACC_000994,2026-04-12 11:21:03.755011,WITHDRAWAL,19383.02,MOBILE,India,0
TXN_0007235,ACC_000371,ACC_000926,2026-07-08 22:19:55.755011,TRANSFER,3813.19,MOBILE,Hong Kong,0
TXN_0007236,ACC_000496,ACC_000817,2026-05-27 23:37:44.755011,WITHDRAWAL,37936.1,ONLINE,UAE,0
TXN_0007237,ACC_000120,ACC_000747,2026-03-16 21:08:01.755011,DEPOSIT,5952.32,BRANCH,UK,0
TXN_0007238,ACC_000696,ACC_000249,2026-07-01 08:09:39.755011,TRANSFER,11305.71,ONLINE,India,0
TXN_0007239,ACC_000885,ACC_000643,2026-04-26 11:06:19.755011,TRANSFER,2644.59,MOBILE,India,0
TXN_0007240,ACC_000552,ACC_000054,2026-07-07 15:07:39.755011,DEPOSIT,2449.6,BRANCH,India,0
TXN_0007241,ACC_000261,ACC_000803,2026-08-18 03:18:32.755011,WITHDRAWAL,18505.93,BRANCH,UK,0
TXN_0007242,ACC_000006,ACC_001000,2026-04-26 10:35:00.755011,TRANSFER,4758.42,ONLINE,India,0
TXN_0007243,ACC_000024,ACC_000300,2026-03-14 17:26:09.755011,DEPOSIT,2908.56,MOBILE,UK,0
TXN_0007244,ACC_000395,ACC_000542,2026-06-05 03:59:28.755011,PAYMENT,3745.01,MOBILE,Hong Kong,0
TXN_0007245,ACC_000175,ACC_000370,2026-08-11 16:42:05.755011,DEPOSIT,217657.75,ONLINE,UK,1
TXN_0007246,ACC_000146,ACC_000881,2026-06-22 13:43:08.755011,WITHDRAWAL,52239.91,BRANCH,Singapore,1
TXN_0007247,ACC_000433,ACC_000062,2026-06-01 13:52:24.755011,TRANSFER,7036.13,ATM,UAE,0
TXN_0007248,ACC_000617,ACC_000340,2026-06-06 19:50:24.755011,TRANSFER,8250.53,ONLINE,UAE,0
TXN_0007249,ACC_000914,ACC_000110,2026-07-15 02:16:32.755011,DEPOSIT,811.74,MOBILE,USA,0
TXN_0007250,ACC_000062,ACC_000571,2026-05-18 20:46:19.755011,TRANSFER,1386.65,MOBILE,UAE,0
TXN_0007251,ACC_000316,ACC_000247,2026-03-11 19:55:46.755011,TRANSFER,12131.17,MOBILE,India,0
TXN_0007252,ACC_000952,ACC_000871,2026-08-17 05:17:57.755011,TRANSFER,3346.15,BRANCH,UK,0
TXN_0007253,ACC_000701,ACC_000282,2026-05-30 12:15:42.755011,DEPOSIT,28798.25,BRANCH,Hong Kong,0
TXN_0007254,ACC_000194,ACC_000839,2026-08-24 23:18:29.755011,TRANSFER,25852.65,ONLINE,Hong Kong,0
TXN_0007255,ACC_000161,ACC_000718,2026-04-20 20:54:32.755011,PAYMENT,319853.06,ONLINE,UAE,1
TXN_0007256,ACC_000060,ACC_000167,2026-06-07 01:53:09.755011,WITHDRAWAL,71949.96,MOBILE,Singapore,0
TXN_0007257,ACC_000261,ACC_000943,2026-06-14 11:22:43.755011,WITHDRAWAL,7334.12,MOBILE,Singapore,0
TXN_0007258,ACC_000375,ACC_000780,2026-05-01 09:17:54.755011,PAYMENT,17652.95,MOBILE,Hong Kong,0
TXN_0007259,ACC_000556,ACC_000234,2026-07-14 10:50:48.755011,PAYMENT,4018.72,ONLINE,India,0
TXN_0007260,ACC_000248,ACC_000885,2026-08-08 20:48:48.755011,DEPOSIT,153713.21,ATM,UK,0
TXN_0007261,ACC_000698,ACC_000286,2026-07-18 01:23:55.755011,DEPOSIT,87584.59,ATM,UAE,0
TXN_0007262,ACC_000333,ACC_000589,2026-07-24 16:44:21.755011,TRANSFER,8219.43,MOBILE,UK,0
TXN_0007263,ACC_000314,ACC_000021,2026-08-31 01:37:03.755011,TRANSFER,242418.38,MOBILE,Singapore,1
TXN_0007264,ACC_000885,ACC_000558,2026-08-02 04:23:59.755011,WITHDRAWAL,41405.01,BRANCH,USA,0
TXN_0007265,ACC_000594,ACC_000159,2026-08-08 22:39:36.755011,WITHDRAWAL,6791.54,BRANCH,UAE,0
TXN_0007266,ACC_000770,ACC_000250,2026-06-08 00:09:59.755011,DEPOSIT,3685.09,BRANCH,Hong Kong,0
TXN_0007267,ACC_000489,ACC_000429,2026-08-10 21:12:06.755011,WITHDRAWAL,23127.73,BRANCH,USA,0
TXN_0007268,ACC_000330,ACC_000255,2026-03-16 06:08:35.755011,WITHDRAWAL,8902.85,ATM,UK,0
TXN_0007269,ACC_000876,ACC_000551,2026-03-26 19:20:07.755011,DEPOSIT,10092.96,ONLINE,Singapore,0
TXN_0007270,ACC_000586,ACC_000458,2026-06-19 23:25:13.755011,WITHDRAWAL,2977.6,BRANCH,Singapore,0
TXN_0007271,ACC_000436,ACC_000711,2026-05-30 10:49:50.755011,DEPOSIT,1031.52,ONLINE,Hong Kong,0
TXN_0007272,ACC_000124,ACC_000616,2026-06-29 16:53:48.755011,PAYMENT,10757.63,MOBILE,USA,0
TXN_0007273,ACC_000130,ACC_000351,2026-04-25 14:42:33.755011,PAYMENT,24003.49,ONLINE,Singapore,0
TXN_0007274,ACC_000509,ACC_000866,2026-06-27 23:09:20.755011,TRANSFER,6179.74,MOBILE,Singapore,0
TXN_0007275,ACC_000327,ACC_000589,2026-06-02 08:35:30.755011,TRANSFER,45420.35,ONLINE,Hong Kong,0
TXN_0007276,ACC_000447,ACC_000752,2026-07-12 04:26:13.755011,PAYMENT,3481.79,BRANCH,Singapore,0
TXN_0007277,ACC_000877,ACC_000285,2026-05-05 07:13:32.755011,DEPOSIT,2285.53,BRANCH,Singapore,0
TXN_0007278,ACC_000279,ACC_000035,2026-03-29 00:18:39.755011,WITHDRAWAL,7475.03,BRANCH,Singapore,0
TXN_0007279,ACC_000139,ACC_000993,2026-03-18 05:17:55.755011,WITHDRAWAL,7338.49,ONLINE,Hong Kong,0
TXN_0007280,ACC_000986,ACC_000289,2026-05-18 00:33:23.755011,WITHDRAWAL,20413.72,MOBILE,India,0
TXN_0007281,ACC_000636,ACC_000709,2026-08-06 17:54:37.755011,WITHDRAWAL,3197.24,BRANCH,UK,0
TXN_0007282,ACC_000646,ACC_000222,2026-05-22 02:01:36.755011,DEPOSIT,41844.39,MOBILE,UK,0
TXN_0007283,ACC_000276,ACC_000366,2026-06-22 04:17:43.755011,WITHDRAWAL,85845.15,MOBILE,Hong Kong,0
TXN_0007284,ACC_000400,ACC_000965,2026-06-07 09:17:35.755011,DEPOSIT,7731.26,ATM,USA,0
TXN_0007285,ACC_000279,ACC_000995,2026-07-19 10:01:04.755011,PAYMENT,36302.89,ONLINE,Hong Kong,0
TXN_0007286,ACC_000028,ACC_000579,2026-05-11 07:28:48.755011,WITHDRAWAL,2280.62,ATM,India,0
TXN_0007287,ACC_000482,ACC_000951,2026-04-07 15:18:09.755011,DEPOSIT,29444.6,ATM,UAE,0
TXN_0007288,ACC_000794,ACC_000147,2026-07-20 12:27:20.755011,DEPOSIT,28473.57,BRANCH,UAE,0
TXN_0007289,ACC_000902,ACC_000570,2026-06-14 00:15:33.755011,DEPOSIT,22836.71,ONLINE,Hong Kong,0
TXN_0007290,ACC_000862,ACC_000961,2026-04-29 09:58:38.755011,PAYMENT,7953.16,BRANCH,Singapore,0
TXN_0007291,ACC_000948,ACC_000434,2026-05-26 00:39:28.755011,TRANSFER,233.9,ATM,Singapore,0
TXN_0007292,ACC_000314,ACC_000271,2026-08-24 09:32:29.755011,PAYMENT,3751.56,MOBILE,USA,0
TXN_0007293,ACC_000058,ACC_000984,2026-03-16 10:19:18.755011,DEPOSIT,3823.42,BRANCH,India,0
TXN_0007294,ACC_000490,ACC_000508,2026-04-19 22:42:04.755011,DEPOSIT,2505.13,MOBILE,USA,0
TXN_0007295,ACC_000431,ACC_000295,2026-03-28 01:53:04.755011,TRANSFER,9383.35,ONLINE,Singapore,0
TXN_0007296,ACC_000439,ACC_000596,2026-07-17 13:46:15.755011,WITHDRAWAL,4901.24,ONLINE,Hong Kong,0
TXN_0007297,ACC_000352,ACC_000622,2026-04-10 04:07:35.755011,PAYMENT,3012.32,MOBILE,India,0
TXN_0007298,ACC_000076,ACC_000358,2026-07-03 05:17:53.755011,DEPOSIT,2274.33,BRANCH,UAE,0
TXN_0007299,ACC_000522,ACC_000146,2026-07-06 19:15:18.755011,PAYMENT,3433.67,ONLINE,Singapore,0
TXN_0007300,ACC_000537,ACC_000065,2026-03-11 13:35:14.755011,PAYMENT,31126.01,ATM,Hong Kong,0
TXN_0007301,ACC_000594,ACC_000019,2026-07-28 13:34:28.755011,PAYMENT,3665.68,ATM,Singapore,0
TXN_0007302,ACC_000852,ACC_000443,2026-04-10 23:55:59.755011,PAYMENT,4368.06,MOBILE,UAE,0
TXN_0007303,ACC_000004,ACC_000093,2026-06-22 16:32:02.755011,DEPOSIT,4684.26,MOBILE,UAE,0
TXN_0007304,ACC_000661,ACC_000711,2026-03-30 08:56:08.755011,PAYMENT,12170.77,MOBILE,Singapore,0
TXN_0007305,ACC_000254,ACC_000070,2026-03-15 02:49:57.755011,TRANSFER,14009.62,ATM,UAE,0
TXN_0007306,ACC_000928,ACC_000097,2026-07-01 21:12:41.755011,WITHDRAWAL,209.85,BRANCH,UK,0
TXN_0007307,ACC_000085,ACC_000670,2026-03-26 01:57:49.755011,PAYMENT,27610.8,ONLINE,USA,0
TXN_0007308,ACC_000834,ACC_000928,2026-06-24 18:18:52.755011,TRANSFER,45416.99,MOBILE,UAE,0
TXN_0007309,ACC_000662,ACC_000594,2026-05-30 09:23:25.755011,WITHDRAWAL,34928.17,ATM,USA,1
TXN_0007310,ACC_000847,ACC_000194,2026-05-02 18:58:04.755011,PAYMENT,2523.1,BRANCH,UK,0
TXN_0007311,ACC_000764,ACC_000907,2026-07-16 17:10:50.755011,WITHDRAWAL,4720.62,ATM,UAE,0
TXN_0007312,ACC_000249,ACC_000486,2026-05-21 04:53:24.755011,DEPOSIT,3270.82,ATM,UK,0
TXN_0007313,ACC_000797,ACC_000333,2026-07-07 18:43:10.755011,TRANSFER,10601.09,ATM,India,0
TXN_0007314,ACC_000184,ACC_000896,2026-07-27 09:56:21.755011,DEPOSIT,783.81,BRANCH,USA,0
TXN_0007315,ACC_000465,ACC_000590,2026-03-22 20:45:19.755011,PAYMENT,2118.55,ONLINE,Singapore,0
TXN_0007316,ACC_000972,ACC_000862,2026-03-16 12:11:05.755011,WITHDRAWAL,51381.66,MOBILE,USA,0
TXN_0007317,ACC_000633,ACC_000621,2026-06-01 14:01:06.755011,PAYMENT,2660.15,MOBILE,Hong Kong,0
TXN_0007318,ACC_000793,ACC_000720,2026-07-16 15:29:35.755011,PAYMENT,36030.24,BRANCH,USA,0
TXN_0007319,ACC_000736,ACC_000473,2026-06-23 21:11:46.755011,DEPOSIT,12411.84,ATM,Hong Kong,0
TXN_0007320,ACC_000540,ACC_000584,2026-07-14 18:55:07.755011,WITHDRAWAL,924.15,ONLINE,USA,0
TXN_0007321,ACC_000454,ACC_000170,2026-05-31 03:55:53.755011,DEPOSIT,17368.18,BRANCH,UK,0
TXN_0007322,ACC_000393,ACC_000942,2026-06-20 00:05:55.755011,TRANSFER,7036.03,ONLINE,UK,0
TXN_0007323,ACC_000722,ACC_000893,2026-05-20 03:13:24.755011,PAYMENT,4691.18,BRANCH,UAE,0
TXN_0007324,ACC_000855,ACC_000768,2026-05-20 10:12:27.755011,WITHDRAWAL,105485.23,ONLINE,Hong Kong,1
TXN_0007325,ACC_000077,ACC_000682,2026-04-19 06:14:18.755011,TRANSFER,14322.12,ATM,India,0
TXN_0007326,ACC_000080,ACC_000722,2026-04-27 16:49:38.755011,TRANSFER,18941.49,BRANCH,India,0
TXN_0007327,ACC_000610,ACC_000795,2026-04-02 14:36:43.755011,WITHDRAWAL,33319.68,ATM,Hong Kong,0
TXN_0007328,ACC_000949,ACC_000185,2026-03-18 09:08:19.755011,DEPOSIT,13223.66,MOBILE,Singapore,0
TXN_0007329,ACC_000299,ACC_000636,2026-03-26 19:41:00.755011,DEPOSIT,1555.01,ATM,UK,0
TXN_0007330,ACC_000597,ACC_000215,2026-03-22 19:00:53.755011,WITHDRAWAL,4589.95,ATM,India,0
TXN_0007331,ACC_000904,ACC_000117,2026-03-13 08:32:08.755011,WITHDRAWAL,276968.21,MOBILE,UK,0
TXN_0007332,ACC_000231,ACC_000978,2026-08-18 05:21:43.755011,TRANSFER,19329.53,ATM,Singapore,0
TXN_0007333,ACC_000742,ACC_000715,2026-03-16 10:57:57.755011,TRANSFER,139127.32,BRANCH,UK,0
TXN_0007334,ACC_000927,ACC_000974,2026-03-25 09:07:38.755011,DEPOSIT,43239.98,MOBILE,Singapore,0
TXN_0007335,ACC_000239,ACC_000007,2026-08-10 04:15:43.755011,PAYMENT,135332.93,ONLINE,Hong Kong,1
TXN_0007336,ACC_000999,ACC_000456,2026-08-19 12:10:34.755011,PAYMENT,11634.02,BRANCH,USA,0
TXN_0007337,ACC_000493,ACC_000831,2026-07-01 02:37:29.755011,TRANSFER,7755.08,ONLINE,India,0
TXN_0007338,ACC_000967,ACC_000297,2026-08-25 13:28:46.755011,PAYMENT,1006.9,BRANCH,USA,0
TXN_0007339,ACC_000565,ACC_000632,2026-08-09 14:13:53.755011,PAYMENT,8280.48,ATM,Hong Kong,0
TXN_0007340,ACC_000016,ACC_000001,2026-04-27 03:47:58.755011,DEPOSIT,34641.56,ONLINE,USA,0
TXN_0007341,ACC_000277,ACC_000867,2026-05-11 10:37:29.755011,DEPOSIT,3945.9,BRANCH,India,0
TXN_0007342,ACC_000321,ACC_000876,2026-07-11 17:50:26.755011,TRANSFER,13284.37,MOBILE,USA,0
TXN_0007343,ACC_000043,ACC_000855,2026-07-25 15:14:13.755011,WITHDRAWAL,22514.37,BRANCH,India,0
TXN_0007344,ACC_000729,ACC_000874,2026-06-23 15:25:29.755011,TRANSFER,2719.99,ONLINE,UK,0
TXN_0007345,ACC_000916,ACC_000324,2026-03-23 13:27:36.755011,PAYMENT,4714.68,ONLINE,Hong Kong,0
TXN_0007346,ACC_000626,ACC_000991,2026-05-10 03:34:49.755011,DEPOSIT,2388.7,ONLINE,USA,0
TXN_0007347,ACC_000800,ACC_000196,2026-07-02 01:16:37.755011,WITHDRAWAL,3021.18,BRANCH,Singapore,0
TXN_0007348,ACC_000051,ACC_000868,2026-05-27 11:06:07.755011,WITHDRAWAL,1728.27,MOBILE,UAE,0
TXN_0007349,ACC_000386,ACC_000154,2026-05-10 23:39:41.755011,WITHDRAWAL,2750.29,BRANCH,UK,0
TXN_0007350,ACC_000174,ACC_000184,2026-04-29 13:03:52.755011,WITHDRAWAL,44504.55,BRANCH,UK,0
TXN_0007351,ACC_000605,ACC_000898,2026-05-21 13:39:51.755011,WITHDRAWAL,2701.14,BRANCH,India,0
TXN_0007352,ACC_000504,ACC_000346,2026-08-02 01:19:42.755011,WITHDRAWAL,9430.94,ONLINE,Hong Kong,0
TXN_0007353,ACC_000796,ACC_000511,2026-06-12 06:56:11.755011,TRANSFER,4431.78,ONLINE,UK,0
TXN_0007354,ACC_000808,ACC_000100,2026-08-15 02:45:48.755011,DEPOSIT,33344.2,ONLINE,UK,0
TXN_0007355,ACC_000582,ACC_000512,2026-03-11 13:14:41.755011,WITHDRAWAL,750699.62,MOBILE,Singapore,1
TXN_0007356,ACC_000412,ACC_000504,2026-04-09 13:13:55.755011,DEPOSIT,22854.06,MOBILE,India,0
TXN_0007357,ACC_000297,ACC_000094,2026-07-28 00:20:52.755011,WITHDRAWAL,11700.2,MOBILE,Hong Kong,0
TXN_0007358,ACC_000267,ACC_000785,2026-09-02 22:55:29.755011,PAYMENT,6140.91,BRANCH,Singapore,0
TXN_0007359,ACC_000543,ACC_000552,2026-03-11 02:37:26.755011,TRANSFER,1938.66,MOBILE,India,0
TXN_0007360,ACC_000127,ACC_000233,2026-08-13 12:33:30.755011,DEPOSIT,83469.34,BRANCH,USA,0
TXN_0007361,ACC_000899,ACC_000633,2026-04-25 09:48:25.755011,DEPOSIT,3256.45,ONLINE,UK,0
TXN_0007362,ACC_000421,ACC_000744,2026-03-19 15:36:51.755011,TRANSFER,17968.5,MOBILE,USA,0
TXN_0007363,ACC_000006,ACC_000456,2026-09-03 10:47:56.755011,DEPOSIT,28896.58,ONLINE,Singapore,0
TXN_0007364,ACC_000440,ACC_000548,2026-03-16 00:34:21.755011,TRANSFER,4161.64,MOBILE,USA,0
TXN_0007365,ACC_000484,ACC_000158,2026-06-27 11:05:19.755011,PAYMENT,28158.8,BRANCH,Singapore,0
TXN_0007366,ACC_000700,ACC_000049,2026-03-27 19:22:03.755011,WITHDRAWAL,20273.22,MOBILE,India,0
TXN_0007367,ACC_000086,ACC_000331,2026-08-06 14:07:55.755011,TRANSFER,64444.3,ONLINE,Singapore,0
TXN_0007368,ACC_000705,ACC_000852,2026-03-23 01:26:49.755011,DEPOSIT,4613.69,MOBILE,India,0
TXN_0007369,ACC_000902,ACC_000007,2026-06-19 17:09:18.755011,TRANSFER,1731.88,BRANCH,Singapore,0
TXN_0007370,ACC_000520,ACC_000291,2026-04-11 05:22:58.755011,WITHDRAWAL,4417.87,MOBILE,Singapore,0
TXN_0007371,ACC_000641,ACC_000439,2026-06-18 06:37:13.755011,DEPOSIT,10411.06,BRANCH,India,0
TXN_0007372,ACC_000135,ACC_000705,2026-06-10 05:49:18.755011,TRANSFER,8689.37,ATM,USA,0
TXN_0007373,ACC_000307,ACC_000601,2026-04-21 14:53:02.755011,TRANSFER,5053.69,MOBILE,USA,0
TXN_0007374,ACC_000607,ACC_000815,2026-07-08 18:49:46.755011,PAYMENT,819.72,ONLINE,UK,0
TXN_0007375,ACC_000764,ACC_000373,2026-04-10 18:36:01.755011,DEPOSIT,14250.96,ATM,USA,0
TXN_0007376,ACC_000475,ACC_000934,2026-08-15 09:21:34.755011,WITHDRAWAL,86406.08,ONLINE,UAE,0
TXN_0007377,ACC_000175,ACC_000704,2026-03-27 07:38:58.755011,TRANSFER,14144.79,MOBILE,UAE,0
TXN_0007378,ACC_000828,ACC_000294,2026-04-28 10:13:20.755011,DEPOSIT,16830.75,BRANCH,UAE,0
TXN_0007379,ACC_000882,ACC_000553,2026-06-19 00:56:15.755011,TRANSFER,16105.79,ONLINE,USA,0
TXN_0007380,ACC_000351,ACC_000774,2026-04-08 12:50:58.755011,DEPOSIT,13048.86,ATM,India,0
TXN_0007381,ACC_000099,ACC_000761,2026-05-27 00:51:35.755011,TRANSFER,24785.13,ONLINE,USA,0
TXN_0007382,ACC_000674,ACC_000040,2026-08-14 10:17:24.755011,TRANSFER,13022.69,BRANCH,Hong Kong,0
TXN_0007383,ACC_000753,ACC_000670,2026-03-16 15:21:54.755011,DEPOSIT,5567.98,ATM,Singapore,0
TXN_0007384,ACC_000381,ACC_000950,2026-08-29 12:31:11.755011,WITHDRAWAL,3117.58,MOBILE,UAE,0
TXN_0007385,ACC_000401,ACC_000449,2026-03-31 09:28:39.755011,DEPOSIT,6010.31,ONLINE,Singapore,0
TXN_0007386,ACC_000587,ACC_000416,2026-04-05 21:56:30.755011,WITHDRAWAL,11812.99,BRANCH,Hong Kong,0
TXN_0007387,ACC_000056,ACC_000136,2026-08-20 15:47:09.755011,WITHDRAWAL,5545.27,ATM,Singapore,0
TXN_0007388,ACC_000949,ACC_000148,2026-04-12 23:16:14.755011,TRANSFER,11815.96,ATM,USA,0
TXN_0007389,ACC_000369,ACC_000048,2026-04-30 00:54:56.755011,TRANSFER,13725.08,BRANCH,UAE,0
TXN_0007390,ACC_000450,ACC_000573,2026-07-04 09:41:52.755011,DEPOSIT,22022.4,ATM,Hong Kong,0
TXN_0007391,ACC_000934,ACC_000100,2026-06-12 04:01:23.755011,PAYMENT,37773.16,MOBILE,India,0
TXN_0007392,ACC_000656,ACC_000005,2026-03-17 08:16:25.755011,DEPOSIT,8898.24,BRANCH,UK,0
TXN_0007393,ACC_000295,ACC_000984,2026-06-15 12:26:38.755011,PAYMENT,1686.93,ATM,India,0
TXN_0007394,ACC_000441,ACC_000064,2026-04-30 04:23:22.755011,PAYMENT,5355.48,MOBILE,Hong Kong,0
TXN_0007395,ACC_000726,ACC_000547,2026-03-07 17:12:21.755011,DEPOSIT,8543.06,ONLINE,Singapore,0
TXN_0007396,ACC_000870,ACC_000700,2026-08-21 21:14:56.755011,PAYMENT,895.23,BRANCH,UK,0
TXN_0007397,ACC_000292,ACC_000290,2026-03-08 11:51:39.755011,DEPOSIT,42890.15,ONLINE,Hong Kong,0
TXN_0007398,ACC_000766,ACC_000568,2026-05-07 14:32:39.755011,PAYMENT,9612.83,ONLINE,UK,0
TXN_0007399,ACC_000501,ACC_000671,2026-04-01 00:34:12.755011,TRANSFER,12805.41,ATM,Singapore,0
TXN_0007400,ACC_000117,ACC_000193,2026-05-17 23:37:37.755011,TRANSFER,41715.65,ONLINE,UK,0
TXN_0007401,ACC_000052,ACC_000919,2026-08-08 20:24:31.755011,TRANSFER,3804.08,MOBILE,Singapore,0
TXN_0007402,ACC_000215,ACC_000925,2026-06-09 02:17:33.755011,TRANSFER,16136.68,MOBILE,USA,0
TXN_0007403,ACC_000392,ACC_000164,2026-03-12 04:37:33.755011,PAYMENT,7102.22,MOBILE,India,0
TXN_0007404,ACC_000323,ACC_000230,2026-05-13 08:27:32.755011,PAYMENT,6497.0,ONLINE,UK,0
TXN_0007405,ACC_000370,ACC_000075,2026-06-19 14:10:17.755011,WITHDRAWAL,3207.89,MOBILE,India,0
TXN_0007406,ACC_000161,ACC_000259,2026-05-10 10:33:45.755011,DEPOSIT,59797.78,ONLINE,India,0
TXN_0007407,ACC_000523,ACC_000486,2026-06-22 19:35:45.755011,WITHDRAWAL,5163.66,ONLINE,Hong Kong,0
TXN_0007408,ACC_000887,ACC_000638,2026-04-16 21:40:24.755011,TRANSFER,18757.65,MOBILE,India,0
TXN_0007409,ACC_000767,ACC_000095,2026-05-16 03:29:00.755011,WITHDRAWAL,854.05,ONLINE,USA,0
TXN_0007410,ACC_000959,ACC_000845,2026-07-23 22:46:29.755011,TRANSFER,33389.15,BRANCH,UK,0
TXN_0007411,ACC_000282,ACC_000753,2026-03-15 13:29:47.755011,WITHDRAWAL,28642.69,ONLINE,UK,0
TXN_0007412,ACC_000937,ACC_000858,2026-07-02 16:34:20.755011,PAYMENT,9108.11,ATM,USA,0
TXN_0007413,ACC_000640,ACC_000149,2026-07-21 10:03:43.755011,DEPOSIT,6171.33,MOBILE,Singapore,0
TXN_0007414,ACC_000858,ACC_000627,2026-06-05 20:19:47.755011,PAYMENT,13095.19,ONLINE,UAE,0
TXN_0007415,ACC_000379,ACC_000183,2026-07-16 09:57:18.755011,PAYMENT,126316.86,ONLINE,Singapore,0
TXN_0007416,ACC_000422,ACC_000831,2026-05-17 17:17:05.755011,TRANSFER,10930.2,BRANCH,India,1
TXN_0007417,ACC_000833,ACC_000868,2026-08-15 12:33:11.755011,TRANSFER,20711.26,ATM,Singapore,0
TXN_0007418,ACC_000305,ACC_000631,2026-08-18 14:33:37.755011,TRANSFER,2713.68,ATM,Hong Kong,0
TXN_0007419,ACC_000072,ACC_000582,2026-08-12 13:04:48.755011,PAYMENT,7911.7,BRANCH,Singapore,0
TXN_0007420,ACC_000195,ACC_000442,2026-08-23 07:52:51.755011,WITHDRAWAL,6018.2,ATM,Singapore,0
TXN_0007421,ACC_000200,ACC_000087,2026-07-20 02:17:57.755011,WITHDRAWAL,4846.53,MOBILE,Hong Kong,0
TXN_0007422,ACC_000976,ACC_000431,2026-08-08 07:00:02.755011,TRANSFER,73611.85,MOBILE,India,1
TXN_0007423,ACC_000328,ACC_000112,2026-06-28 19:08:30.755011,WITHDRAWAL,2077.65,BRANCH,Hong Kong,0
TXN_0007424,ACC_000952,ACC_000111,2026-07-12 06:42:00.755011,DEPOSIT,27861.93,BRANCH,Singapore,0
TXN_0007425,ACC_001000,ACC_000690,2026-04-23 00:53:25.755011,TRANSFER,941.08,ATM,USA,0
TXN_0007426,ACC_000830,ACC_000845,2026-04-06 16:29:41.755011,PAYMENT,15486.4,ATM,USA,0
TXN_0007427,ACC_000647,ACC_000778,2026-06-17 10:29:09.755011,PAYMENT,5476.15,ONLINE,Hong Kong,0
TXN_0007428,ACC_000787,ACC_000149,2026-03-08 06:02:50.755011,WITHDRAWAL,1988.01,ONLINE,UAE,0
TXN_0007429,ACC_000158,ACC_000508,2026-07-13 10:04:54.755011,TRANSFER,10330.54,MOBILE,India,0
TXN_0007430,ACC_000252,ACC_000794,2026-05-06 17:21:23.755011,DEPOSIT,1250.95,BRANCH,Singapore,0
TXN_0007431,ACC_000042,ACC_000832,2026-06-06 04:52:39.755011,DEPOSIT,8498.6,ATM,Singapore,0
TXN_0007432,ACC_000476,ACC_000323,2026-04-07 13:38:31.755011,DEPOSIT,1469.31,BRANCH,Singapore,0
TXN_0007433,ACC_000030,ACC_000366,2026-06-13 05:24:42.755011,PAYMENT,14094.31,BRANCH,USA,0
TXN_0007434,ACC_000569,ACC_000794,2026-08-18 04:23:13.755011,PAYMENT,2672.5,ATM,USA,0
TXN_0007435,ACC_000578,ACC_000472,2026-03-15 20:14:27.755011,TRANSFER,4716.43,ONLINE,UAE,0
TXN_0007436,ACC_000556,ACC_000174,2026-06-28 05:45:54.755011,WITHDRAWAL,11530.36,BRANCH,Singapore,0
TXN_0007437,ACC_000478,ACC_000371,2026-07-18 22:42:43.755011,TRANSFER,3206.55,BRANCH,USA,0
TXN_0007438,ACC_000520,ACC_000677,2026-06-24 20:55:44.755011,DEPOSIT,7558.61,ATM,Singapore,0
TXN_0007439,ACC_000179,ACC_000518,2026-07-18 14:11:56.755011,TRANSFER,1317.38,BRANCH,UAE,0
TXN_0007440,ACC_000012,ACC_000015,2026-05-21 15:36:31.755011,DEPOSIT,17275.61,BRANCH,UAE,0
TXN_0007441,ACC_000065,ACC_000897,2026-06-17 03:08:59.755011,PAYMENT,67366.06,BRANCH,UAE,0
TXN_0007442,ACC_000887,ACC_000168,2026-07-26 14:44:54.755011,WITHDRAWAL,231110.36,ATM,UAE,0
TXN_0007443,ACC_000331,ACC_000516,2026-05-19 18:03:22.755011,TRANSFER,9039.89,BRANCH,UAE,0
TXN_0007444,ACC_000461,ACC_000612,2026-07-17 01:00:29.755011,PAYMENT,20865.35,ATM,Hong Kong,0
TXN_0007445,ACC_000626,ACC_000625,2026-07-14 18:04:04.755011,DEPOSIT,956.47,BRANCH,India,0
TXN_0007446,ACC_000571,ACC_000064,2026-03-15 11:30:23.755011,PAYMENT,49181.91,MOBILE,UAE,0
TXN_0007447,ACC_000560,ACC_000937,2026-07-05 10:15:21.755011,WITHDRAWAL,20567.64,MOBILE,UK,0
TXN_0007448,ACC_000565,ACC_000588,2026-06-04 00:27:27.755011,TRANSFER,4533.64,MOBILE,UAE,0
TXN_0007449,ACC_000427,ACC_000922,2026-04-25 23:22:29.755011,WITHDRAWAL,35761.13,BRANCH,Hong Kong,0
TXN_0007450,ACC_000650,ACC_000139,2026-07-28 10:10:14.755011,DEPOSIT,5970.76,ONLINE,USA,0
TXN_0007451,ACC_000687,ACC_000517,2026-03-21 02:27:15.755011,TRANSFER,4676.8,BRANCH,Hong Kong,0
TXN_0007452,ACC_000425,ACC_000305,2026-07-26 15:45:48.755011,TRANSFER,14334.18,MOBILE,Hong Kong,0
TXN_0007453,ACC_000488,ACC_000651,2026-06-27 16:35:14.755011,WITHDRAWAL,2261.93,ATM,Hong Kong,0
TXN_0007454,ACC_000743,ACC_000570,2026-06-12 07:12:08.755011,TRANSFER,27610.45,ATM,Singapore,0
TXN_0007455,ACC_001000,ACC_000658,2026-09-02 13:32:13.755011,WITHDRAWAL,2282.01,ATM,Singapore,0
TXN_0007456,ACC_000753,ACC_000898,2026-05-27 16:21:48.755011,DEPOSIT,2298.32,ONLINE,UK,0
TXN_0007457,ACC_000978,ACC_000328,2026-03-23 01:17:48.755011,DEPOSIT,27211.86,ONLINE,USA,1
TXN_0007458,ACC_000206,ACC_000732,2026-05-31 19:49:05.755011,TRANSFER,20158.88,MOBILE,USA,0
TXN_0007459,ACC_000685,ACC_000347,2026-03-30 15:43:51.755011,DEPOSIT,68076.8,ATM,UK,1
TXN_0007460,ACC_000283,ACC_000989,2026-07-02 09:57:41.755011,WITHDRAWAL,1607.45,ATM,USA,0
TXN_0007461,ACC_001000,ACC_000558,2026-06-11 22:15:26.755011,PAYMENT,3917.4,BRANCH,USA,0
TXN_0007462,ACC_000361,ACC_000665,2026-03-15 00:56:13.755011,DEPOSIT,7797.43,BRANCH,Singapore,0
TXN_0007463,ACC_000317,ACC_000845,2026-06-17 23:10:37.755011,TRANSFER,1964.19,BRANCH,UAE,0
TXN_0007464,ACC_000411,ACC_000260,2026-09-01 05:36:53.755011,TRANSFER,2034.45,ONLINE,UK,0
TXN_0007465,ACC_000417,ACC_000994,2026-05-03 14:38:28.755011,DEPOSIT,102084.44,ATM,India,0
TXN_0007466,ACC_000498,ACC_000524,2026-07-20 23:52:25.755011,WITHDRAWAL,2885.12,BRANCH,UK,0
TXN_0007467,ACC_000925,ACC_000352,2026-05-07 20:12:15.755011,WITHDRAWAL,5499.15,ATM,UK,0
TXN_0007468,ACC_000433,ACC_000412,2026-08-07 12:35:45.755011,DEPOSIT,5215.11,ATM,UAE,0
TXN_0007469,ACC_000057,ACC_000475,2026-07-03 08:23:24.755011,PAYMENT,4887.19,ATM,Hong Kong,0
TXN_0007470,ACC_000278,ACC_000045,2026-07-05 01:21:20.755011,DEPOSIT,17079.19,ONLINE,India,0
TXN_0007471,ACC_000267,ACC_000107,2026-08-04 15:56:24.755011,PAYMENT,25280.07,ATM,Singapore,0
TXN_0007472,ACC_000571,ACC_000417,2026-04-21 18:44:17.755011,PAYMENT,5613.08,ATM,UAE,0
TXN_0007473,ACC_000855,ACC_000550,2026-04-15 20:37:19.755011,DEPOSIT,1837.62,ATM,USA,0
TXN_0007474,ACC_000259,ACC_000434,2026-08-25 13:39:17.755011,DEPOSIT,37396.35,ATM,UAE,0
TXN_0007475,ACC_000089,ACC_000062,2026-05-30 02:26:17.755011,PAYMENT,7227.08,MOBILE,Singapore,0
TXN_0007476,ACC_000657,ACC_000568,2026-04-28 15:15:21.755011,TRANSFER,64626.91,MOBILE,USA,0
TXN_0007477,ACC_000082,ACC_000723,2026-09-03 06:49:23.755011,WITHDRAWAL,547.46,ATM,Singapore,0
TXN_0007478,ACC_000642,ACC_000375,2026-04-21 11:25:33.755011,TRANSFER,10244.37,BRANCH,India,0
TXN_0007479,ACC_000153,ACC_000842,2026-03-22 10:38:00.755011,DEPOSIT,81009.98,BRANCH,UK,0
TXN_0007480,ACC_000848,ACC_000038,2026-07-09 02:18:53.755011,DEPOSIT,5303.29,ONLINE,UK,0
TXN_0007481,ACC_000581,ACC_000929,2026-03-14 12:04:26.755011,TRANSFER,6182.07,ONLINE,India,0
TXN_0007482,ACC_000402,ACC_000365,2026-05-29 21:35:26.755011,WITHDRAWAL,11552.0,MOBILE,UK,0
TXN_0007483,ACC_000255,ACC_000040,2026-07-25 07:44:30.755011,TRANSFER,4144.12,ONLINE,Singapore,0
TXN_0007484,ACC_000276,ACC_000875,2026-08-23 06:16:03.755011,DEPOSIT,5572.02,ATM,Hong Kong,0
TXN_0007485,ACC_000745,ACC_000306,2026-06-10 18:55:21.755011,PAYMENT,5402.53,ONLINE,Hong Kong,0
TXN_0007486,ACC_000732,ACC_000134,2026-08-13 22:50:04.755011,WITHDRAWAL,3816.52,BRANCH,Hong Kong,0
TXN_0007487,ACC_000058,ACC_000512,2026-04-14 19:32:05.755011,PAYMENT,35405.69,ATM,India,0
TXN_0007488,ACC_000383,ACC_000841,2026-05-23 12:29:10.755011,DEPOSIT,14091.03,ONLINE,India,0
TXN_0007489,ACC_000643,ACC_000545,2026-03-18 22:36:06.755011,DEPOSIT,10946.27,ONLINE,India,0
TXN_0007490,ACC_000219,ACC_000686,2026-03-25 13:27:58.755011,WITHDRAWAL,21381.58,ONLINE,Hong Kong,0
TXN_0007491,ACC_000974,ACC_000023,2026-03-13 23:19:48.755011,DEPOSIT,5900.39,MOBILE,USA,0
TXN_0007492,ACC_000431,ACC_000930,2026-06-04 11:18:30.755011,WITHDRAWAL,3200.16,ATM,UK,0
TXN_0007493,ACC_000314,ACC_000782,2026-07-10 23:20:48.755011,DEPOSIT,3931.79,MOBILE,USA,0
TXN_0007494,ACC_000703,ACC_000937,2026-07-16 06:46:52.755011,WITHDRAWAL,8120.44,ONLINE,UK,0
TXN_0007495,ACC_000503,ACC_000689,2026-05-01 16:42:56.755011,WITHDRAWAL,28383.88,ONLINE,India,1
TXN_0007496,ACC_000383,ACC_000718,2026-03-10 08:24:33.755011,WITHDRAWAL,32695.39,ATM,Hong Kong,1
TXN_0007497,ACC_000977,ACC_000563,2026-08-29 20:23:45.755011,DEPOSIT,4361.89,MOBILE,UK,0
TXN_0007498,ACC_000575,ACC_000506,2026-08-29 06:36:58.755011,WITHDRAWAL,103721.79,ATM,India,0
TXN_0007499,ACC_000690,ACC_000353,2026-03-21 00:09:46.755011,WITHDRAWAL,290.45,ATM,UAE,0
TXN_0007500,ACC_000939,ACC_000169,2026-08-17 16:13:29.755011,PAYMENT,6531.92,ONLINE,India,0
TXN_0007501,ACC_000747,ACC_000237,2026-04-29 14:59:53.755011,TRANSFER,64268.99,ATM,Hong Kong,0
TXN_0007502,ACC_000507,ACC_000469,2026-04-02 11:06:23.755011,WITHDRAWAL,131739.52,MOBILE,Hong Kong,1
TXN_0007503,ACC_000234,ACC_000795,2026-04-20 14:13:00.755011,PAYMENT,20012.27,MOBILE,UK,0
TXN_0007504,ACC_000439,ACC_000972,2026-06-17 11:10:05.755011,DEPOSIT,9134.3,MOBILE,Hong Kong,0
TXN_0007505,ACC_000920,ACC_000484,2026-08-20 19:55:19.755011,DEPOSIT,3638.04,ATM,UK,0
TXN_0007506,ACC_000403,ACC_000737,2026-08-02 22:00:13.755011,WITHDRAWAL,549.88,BRANCH,USA,0
TXN_0007507,ACC_000757,ACC_000825,2026-08-07 17:05:40.755011,PAYMENT,10368.7,MOBILE,India,0
TXN_0007508,ACC_000420,ACC_000462,2026-03-09 10:29:58.755011,TRANSFER,3194.78,ONLINE,India,0
TXN_0007509,ACC_000573,ACC_000299,2026-06-01 08:19:29.755011,WITHDRAWAL,3101.36,ATM,UAE,0
TXN_0007510,ACC_000584,ACC_000254,2026-06-27 21:08:55.755011,TRANSFER,4452.47,BRANCH,Hong Kong,0
TXN_0007511,ACC_000132,ACC_000515,2026-03-30 23:28:03.755011,PAYMENT,65764.38,BRANCH,UK,0
TXN_0007512,ACC_000482,ACC_000993,2026-07-02 20:00:21.755011,TRANSFER,145190.95,ATM,UK,0
TXN_0007513,ACC_000002,ACC_000351,2026-03-21 08:01:17.755011,WITHDRAWAL,10515.96,BRANCH,UAE,0
TXN_0007514,ACC_000371,ACC_000786,2026-03-24 15:58:08.755011,WITHDRAWAL,4639.12,ATM,UK,0
TXN_0007515,ACC_000914,ACC_000388,2026-05-14 13:40:33.755011,WITHDRAWAL,1973.04,ONLINE,Hong Kong,0
TXN_0007516,ACC_000229,ACC_000294,2026-08-04 02:16:06.755011,PAYMENT,14217.77,MOBILE,UK,0
TXN_0007517,ACC_000479,ACC_000709,2026-08-23 05:42:07.755011,TRANSFER,68836.32,ONLINE,Singapore,0
TXN_0007518,ACC_000073,ACC_000963,2026-04-18 11:50:50.755011,PAYMENT,6022.1,MOBILE,UAE,0
TXN_0007519,ACC_000331,ACC_000956,2026-04-22 19:16:54.755011,DEPOSIT,466.48,MOBILE,UK,0
TXN_0007520,ACC_000484,ACC_000215,2026-07-29 15:03:04.755011,TRANSFER,18107.1,ATM,UAE,0
TXN_0007521,ACC_000104,ACC_000814,2026-07-09 04:32:34.755011,TRANSFER,26435.94,ATM,Singapore,0
TXN_0007522,ACC_000097,ACC_000996,2026-04-06 00:20:33.755011,TRANSFER,1208.32,MOBILE,UK,0
TXN_0007523,ACC_000999,ACC_000567,2026-06-11 17:37:21.755011,PAYMENT,10014.42,BRANCH,Hong Kong,0
TXN_0007524,ACC_000379,ACC_000877,2026-03-17 12:43:39.755011,TRANSFER,171476.17,BRANCH,India,1
TXN_0007525,ACC_000739,ACC_000021,2026-07-10 18:28:33.755011,DEPOSIT,7422.5,ATM,Singapore,0
TXN_0007526,ACC_000455,ACC_000415,2026-04-12 11:35:43.755011,PAYMENT,3137.17,MOBILE,Hong Kong,0
TXN_0007527,ACC_000899,ACC_000208,2026-08-02 14:51:17.755011,PAYMENT,27422.65,BRANCH,UK,0
TXN_0007528,ACC_000981,ACC_000788,2026-03-08 02:32:56.755011,DEPOSIT,4993.76,ONLINE,UK,0
TXN_0007529,ACC_000493,ACC_000526,2026-03-15 05:56:21.755011,PAYMENT,1363.45,BRANCH,UAE,0
TXN_0007530,ACC_000507,ACC_000680,2026-06-12 07:28:16.755011,WITHDRAWAL,692.72,ATM,Hong Kong,0
TXN_0007531,ACC_000637,ACC_000446,2026-04-13 12:20:14.755011,PAYMENT,526291.75,BRANCH,UAE,1
TXN_0007532,ACC_000532,ACC_000308,2026-08-11 21:30:38.755011,WITHDRAWAL,16983.49,MOBILE,UK,0
TXN_0007533,ACC_000826,ACC_000601,2026-07-17 06:49:20.755011,PAYMENT,9005.3,MOBILE,Singapore,0
TXN_0007534,ACC_000540,ACC_000170,2026-08-27 08:10:07.755011,DEPOSIT,64641.82,ATM,Hong Kong,1
TXN_0007535,ACC_000430,ACC_000823,2026-03-26 23:57:47.755011,WITHDRAWAL,4294.98,ONLINE,UK,0
TXN_0007536,ACC_000322,ACC_000170,2026-06-27 13:27:22.755011,DEPOSIT,2228.57,MOBILE,Singapore,0
TXN_0007537,ACC_000852,ACC_000759,2026-06-20 23:29:55.755011,DEPOSIT,4828.32,ONLINE,UK,0
TXN_0007538,ACC_000230,ACC_000198,2026-07-28 02:27:25.755011,PAYMENT,636.44,ONLINE,Hong Kong,0
TXN_0007539,ACC_000234,ACC_000073,2026-08-04 18:29:13.755011,PAYMENT,3350.03,MOBILE,Singapore,0
TXN_0007540,ACC_000901,ACC_000066,2026-05-20 19:38:30.755011,DEPOSIT,5579.61,ONLINE,Singapore,0
TXN_0007541,ACC_000052,ACC_000146,2026-07-07 21:11:30.755011,TRANSFER,16845.79,ONLINE,India,0
TXN_0007542,ACC_000511,ACC_000542,2026-04-09 18:28:45.755011,DEPOSIT,7724.0,MOBILE,Hong Kong,0
TXN_0007543,ACC_000366,ACC_000910,2026-06-24 19:06:02.755011,DEPOSIT,21034.26,ONLINE,India,0
TXN_0007544,ACC_000129,ACC_000965,2026-07-09 01:23:42.755011,WITHDRAWAL,40903.14,ATM,UAE,0
TXN_0007545,ACC_000896,ACC_000666,2026-03-17 19:59:15.755011,DEPOSIT,28848.24,ATM,India,0
TXN_0007546,ACC_000339,ACC_000922,2026-03-08 00:07:28.755011,PAYMENT,14251.42,BRANCH,Singapore,0
TXN_0007547,ACC_000570,ACC_000479,2026-04-16 21:20:45.755011,PAYMENT,62129.95,BRANCH,UK,1
TXN_0007548,ACC_000395,ACC_000794,2026-08-08 12:49:12.755011,PAYMENT,2497.52,ATM,Singapore,0
TXN_0007549,ACC_000626,ACC_000488,2026-07-16 18:59:29.755011,WITHDRAWAL,19691.31,ATM,India,0
TXN_0007550,ACC_000357,ACC_000168,2026-08-25 16:26:40.755011,WITHDRAWAL,60821.39,ATM,UAE,0
TXN_0007551,ACC_000673,ACC_000027,2026-08-21 07:27:47.755011,DEPOSIT,12216.31,MOBILE,Singapore,0
TXN_0007552,ACC_000100,ACC_000318,2026-07-27 18:40:02.755011,WITHDRAWAL,80879.12,MOBILE,Hong Kong,0
TXN_0007553,ACC_000802,ACC_000819,2026-08-11 14:17:41.755011,TRANSFER,1298.95,BRANCH,Hong Kong,0
TXN_0007554,ACC_000589,ACC_000995,2026-07-17 05:16:52.755011,DEPOSIT,2028.4,ATM,Hong Kong,0
TXN_0007555,ACC_000567,ACC_000285,2026-04-15 18:50:52.755011,TRANSFER,22612.13,ATM,Singapore,0
TXN_0007556,ACC_000077,ACC_000865,2026-07-14 13:26:23.755011,WITHDRAWAL,11127.2,BRANCH,USA,0
TXN_0007557,ACC_000541,ACC_000340,2026-05-26 20:36:23.755011,TRANSFER,39204.18,BRANCH,India,0
TXN_0007558,ACC_000918,ACC_000555,2026-03-28 18:50:06.755011,PAYMENT,7954.03,MOBILE,India,0
TXN_0007559,ACC_000810,ACC_000032,2026-03-30 11:44:49.755011,PAYMENT,2859.58,ONLINE,Hong Kong,0
TXN_0007560,ACC_000134,ACC_000020,2026-06-03 09:54:14.755011,DEPOSIT,6270.98,MOBILE,UAE,0
TXN_0007561,ACC_000849,ACC_000760,2026-04-30 09:50:28.755011,WITHDRAWAL,1287.91,BRANCH,Singapore,0
TXN_0007562,ACC_000826,ACC_000413,2026-03-22 10:44:24.755011,DEPOSIT,29886.2,BRANCH,India,1
TXN_0007563,ACC_000734,ACC_000277,2026-07-25 06:09:53.755011,PAYMENT,260109.72,MOBILE,India,1
TXN_0007564,ACC_000190,ACC_000402,2026-03-07 15:47:37.755011,WITHDRAWAL,23094.39,MOBILE,Singapore,0
TXN_0007565,ACC_000473,ACC_000380,2026-05-05 12:17:28.755011,DEPOSIT,12526.54,BRANCH,UK,0
TXN_0007566,ACC_000198,ACC_000743,2026-08-25 19:23:52.755011,PAYMENT,1027.32,BRANCH,Singapore,0
TXN_0007567,ACC_000346,ACC_000003,2026-03-23 16:38:44.755011,DEPOSIT,86796.21,MOBILE,UAE,1
TXN_0007568,ACC_000822,ACC_000744,2026-07-31 13:07:37.755011,PAYMENT,1863.11,ATM,USA,0
TXN_0007569,ACC_000305,ACC_000913,2026-08-06 14:05:58.755011,DEPOSIT,33250.99,ATM,India,0
TXN_0007570,ACC_000652,ACC_000024,2026-06-09 16:25:42.755011,DEPOSIT,4022.0,ONLINE,Singapore,0
TXN_0007571,ACC_000858,ACC_000919,2026-05-11 09:34:43.755011,DEPOSIT,18286.22,ATM,India,1
TXN_0007572,ACC_000897,ACC_000895,2026-08-05 03:39:04.755011,WITHDRAWAL,8398.05,ATM,UAE,0
TXN_0007573,ACC_000727,ACC_000541,2026-06-10 18:06:37.755011,TRANSFER,3758.65,BRANCH,USA,0
TXN_0007574,ACC_000957,ACC_000590,2026-03-19 13:56:44.755011,DEPOSIT,48073.8,ONLINE,UK,0
TXN_0007575,ACC_000115,ACC_000880,2026-06-08 11:24:26.755011,TRANSFER,3355.07,BRANCH,Singapore,0
TXN_0007576,ACC_000056,ACC_000226,2026-07-02 17:28:23.755011,DEPOSIT,1511.6,BRANCH,India,0
TXN_0007577,ACC_000276,ACC_000122,2026-03-18 20:12:22.755011,TRANSFER,611.86,BRANCH,Hong Kong,0
TXN_0007578,ACC_000876,ACC_000698,2026-07-09 16:42:30.755011,DEPOSIT,7809.19,BRANCH,UAE,0
TXN_0007579,ACC_000107,ACC_000609,2026-04-15 19:53:26.755011,WITHDRAWAL,4128.56,BRANCH,Singapore,0
TXN_0007580,ACC_000397,ACC_000690,2026-07-06 05:29:13.755011,TRANSFER,1458.72,BRANCH,UK,0
TXN_0007581,ACC_000071,ACC_000884,2026-08-15 03:02:34.755011,PAYMENT,33761.34,ATM,UAE,0
TXN_0007582,ACC_000225,ACC_000019,2026-06-14 17:47:29.755011,DEPOSIT,18046.27,MOBILE,Hong Kong,0
TXN_0007583,ACC_000577,ACC_000553,2026-08-19 10:06:27.755011,PAYMENT,7833.3,MOBILE,USA,0
TXN_0007584,ACC_000413,ACC_000544,2026-07-06 04:31:23.755011,DEPOSIT,41655.62,BRANCH,USA,0
TXN_0007585,ACC_000943,ACC_000515,2026-04-25 17:07:11.755011,PAYMENT,17944.58,ATM,India,0
TXN_0007586,ACC_000584,ACC_000731,2026-03-14 09:43:16.755011,DEPOSIT,3018.67,ONLINE,UK,0
TXN_0007587,ACC_000341,ACC_000605,2026-08-12 14:20:52.755011,WITHDRAWAL,2328.4,ONLINE,India,0
TXN_0007588,ACC_000873,ACC_000780,2026-04-14 05:03:29.755011,PAYMENT,21624.41,BRANCH,Singapore,0
TXN_0007589,ACC_000674,ACC_000090,2026-07-26 14:20:02.755011,TRANSFER,13038.22,MOBILE,Singapore,0
TXN_0007590,ACC_000535,ACC_000991,2026-07-27 13:52:23.755011,TRANSFER,9933.79,MOBILE,India,0
TXN_0007591,ACC_000548,ACC_000187,2026-08-30 10:43:42.755011,WITHDRAWAL,2934.24,BRANCH,UK,0
TXN_0007592,ACC_000850,ACC_000853,2026-07-10 05:38:29.755011,TRANSFER,16806.77,ATM,Singapore,0
TXN_0007593,ACC_000334,ACC_000058,2026-08-08 06:40:13.755011,WITHDRAWAL,3272.8,ATM,Hong Kong,0
TXN_0007594,ACC_000677,ACC_000109,2026-04-18 12:35:42.755011,WITHDRAWAL,7169.68,BRANCH,Hong Kong,0
TXN_0007595,ACC_000088,ACC_000816,2026-06-20 01:32:36.755011,PAYMENT,45997.07,ONLINE,Hong Kong,0
TXN_0007596,ACC_000374,ACC_000109,2026-03-19 15:27:25.755011,TRANSFER,3666.52,ATM,Singapore,0
TXN_0007597,ACC_000024,ACC_000027,2026-08-10 10:52:38.755011,WITHDRAWAL,1227.1,BRANCH,UAE,0
TXN_0007598,ACC_000752,ACC_000313,2026-05-30 09:19:53.755011,WITHDRAWAL,2291.46,MOBILE,India,0
TXN_0007599,ACC_000825,ACC_000560,2026-07-17 23:05:30.755011,TRANSFER,26719.76,MOBILE,India,0
TXN_0007600,ACC_000632,ACC_000262,2026-04-19 17:07:50.755011,PAYMENT,11000.29,BRANCH,UAE,0
TXN_0007601,ACC_000887,ACC_000721,2026-03-25 13:04:43.755011,TRANSFER,6942.01,ATM,Singapore,0
TXN_0007602,ACC_000611,ACC_000056,2026-06-19 07:55:48.755011,TRANSFER,4398.8,BRANCH,Hong Kong,0
TXN_0007603,ACC_000847,ACC_000945,2026-05-28 13:13:54.755011,TRANSFER,14507.66,MOBILE,UK,0
TXN_0007604,ACC_000918,ACC_000655,2026-05-29 17:54:28.755011,DEPOSIT,2925.07,BRANCH,India,0
TXN_0007605,ACC_000478,ACC_000702,2026-08-01 21:24:26.755011,PAYMENT,11693.62,MOBILE,USA,0
TXN_0007606,ACC_000481,ACC_000052,2026-05-25 22:14:02.755011,TRANSFER,61756.89,MOBILE,Hong Kong,1
TXN_0007607,ACC_000568,ACC_000158,2026-05-13 09:13:42.755011,WITHDRAWAL,2759.51,ONLINE,UK,0
TXN_0007608,ACC_000497,ACC_000729,2026-06-08 14:16:54.755011,WITHDRAWAL,3770.7,BRANCH,USA,0
TXN_0007609,ACC_000035,ACC_000237,2026-03-08 18:36:30.755011,TRANSFER,5164.23,ATM,India,0
TXN_0007610,ACC_000806,ACC_000533,2026-07-30 09:38:08.755011,DEPOSIT,7641.92,ONLINE,Singapore,0
TXN_0007611,ACC_000624,ACC_000446,2026-06-23 21:21:34.755011,PAYMENT,10748.77,ATM,Hong Kong,0
TXN_0007612,ACC_000649,ACC_000953,2026-05-05 10:39:58.755011,DEPOSIT,96.93,BRANCH,UK,0
TXN_0007613,ACC_000625,ACC_000277,2026-03-26 23:38:41.755011,WITHDRAWAL,3074.26,ATM,USA,0
TXN_0007614,ACC_000039,ACC_000085,2026-03-22 01:56:16.755011,TRANSFER,70840.8,ATM,Singapore,1
TXN_0007615,ACC_000955,ACC_000638,2026-04-27 09:45:59.755011,PAYMENT,49319.48,ATM,Singapore,0
TXN_0007616,ACC_000715,ACC_000779,2026-06-09 21:32:24.755011,DEPOSIT,2217.19,ONLINE,UAE,0
TXN_0007617,ACC_000871,ACC_000696,2026-05-05 20:53:38.755011,PAYMENT,9851.27,BRANCH,UAE,0
TXN_0007618,ACC_000675,ACC_000762,2026-07-05 06:31:37.755011,WITHDRAWAL,48729.33,MOBILE,UK,0
TXN_0007619,ACC_000263,ACC_000552,2026-04-30 11:52:00.755011,PAYMENT,1676.46,ONLINE,USA,0
TXN_0007620,ACC_000121,ACC_000124,2026-03-08 06:35:21.755011,WITHDRAWAL,13000.85,MOBILE,Singapore,0
TXN_0007621,ACC_000798,ACC_000103,2026-04-30 03:30:31.755011,WITHDRAWAL,3094.17,ONLINE,USA,0
TXN_0007622,ACC_000915,ACC_000372,2026-08-02 14:02:24.755011,WITHDRAWAL,4422.41,ATM,USA,0
TXN_0007623,ACC_000482,ACC_000371,2026-04-16 05:26:51.755011,TRANSFER,3091.05,ATM,UAE,0
TXN_0007624,ACC_000474,ACC_000328,2026-03-30 06:14:45.755011,PAYMENT,3366.98,MOBILE,USA,0
TXN_0007625,ACC_000226,ACC_000151,2026-07-24 18:16:16.755011,WITHDRAWAL,212414.45,ATM,UK,0
TXN_0007626,ACC_000757,ACC_000210,2026-03-26 02:30:02.755011,WITHDRAWAL,22322.42,BRANCH,UAE,0
TXN_0007627,ACC_000966,ACC_000448,2026-05-09 17:52:39.755011,PAYMENT,30396.58,ONLINE,Singapore,0
TXN_0007628,ACC_000383,ACC_000020,2026-04-19 16:54:25.755011,TRANSFER,14623.6,BRANCH,Hong Kong,0
TXN_0007629,ACC_000334,ACC_000790,2026-07-19 14:22:40.755011,WITHDRAWAL,1179.08,ONLINE,UK,0
TXN_0007630,ACC_000628,ACC_000914,2026-04-09 14:34:12.755011,WITHDRAWAL,13016.19,ONLINE,Singapore,0
TXN_0007631,ACC_000164,ACC_000532,2026-06-20 12:35:10.755011,DEPOSIT,29363.73,ATM,UK,0
TXN_0007632,ACC_000452,ACC_000767,2026-06-16 17:46:18.755011,PAYMENT,2910.04,ATM,Hong Kong,0
TXN_0007633,ACC_000785,ACC_000439,2026-03-11 23:40:08.755011,PAYMENT,25806.77,MOBILE,UAE,0
TXN_0007634,ACC_000020,ACC_000537,2026-07-26 00:56:14.755011,TRANSFER,155918.14,MOBILE,UK,1
TXN_0007635,ACC_000693,ACC_000140,2026-08-14 22:29:18.755011,DEPOSIT,74790.64,ATM,USA,0
TXN_0007636,ACC_000085,ACC_000996,2026-07-14 11:23:15.755011,DEPOSIT,4908.19,BRANCH,UK,0
TXN_0007637,ACC_000087,ACC_000379,2026-03-19 19:05:57.755011,PAYMENT,2170.83,ATM,Hong Kong,0
TXN_0007638,ACC_000026,ACC_000795,2026-07-30 13:35:58.755011,PAYMENT,5250.33,MOBILE,India,0
TXN_0007639,ACC_000293,ACC_000960,2026-08-24 06:08:44.755011,DEPOSIT,45373.58,BRANCH,UK,0
TXN_0007640,ACC_000715,ACC_000558,2026-08-19 17:53:48.755011,DEPOSIT,903.17,ATM,Hong Kong,0
TXN_0007641,ACC_000451,ACC_000605,2026-04-22 08:39:18.755011,DEPOSIT,677.19,ONLINE,UAE,0
TXN_0007642,ACC_000707,ACC_000995,2026-08-11 12:19:17.755011,WITHDRAWAL,9020.67,ATM,UAE,0
TXN_0007643,ACC_000564,ACC_000757,2026-06-28 17:34:50.755011,TRANSFER,4764.24,ATM,Hong Kong,0
TXN_0007644,ACC_000796,ACC_000229,2026-08-06 11:18:12.755011,DEPOSIT,8178.58,MOBILE,Singapore,0
TXN_0007645,ACC_000866,ACC_000200,2026-05-17 02:22:13.755011,DEPOSIT,25194.33,BRANCH,UK,0
TXN_0007646,ACC_000117,ACC_000163,2026-05-10 23:08:27.755011,WITHDRAWAL,4175.2,BRANCH,USA,0
TXN_0007647,ACC_000013,ACC_000555,2026-04-06 05:01:04.755011,PAYMENT,856.1,MOBILE,Singapore,0
TXN_0007648,ACC_000276,ACC_000820,2026-07-16 20:18:37.755011,PAYMENT,94219.07,BRANCH,India,0
TXN_0007649,ACC_000459,ACC_000077,2026-03-18 12:10:38.755011,DEPOSIT,2448.73,ONLINE,Hong Kong,0
TXN_0007650,ACC_000817,ACC_000668,2026-06-30 12:54:28.755011,PAYMENT,2273.68,MOBILE,UK,0
TXN_0007651,ACC_000674,ACC_000870,2026-05-21 02:13:21.755011,PAYMENT,30468.97,ATM,UAE,0
TXN_0007652,ACC_000150,ACC_000998,2026-05-20 11:18:16.755011,DEPOSIT,5108.25,ONLINE,UK,0
TXN_0007653,ACC_000520,ACC_000383,2026-06-09 14:09:40.755011,DEPOSIT,7509.56,ONLINE,India,0
TXN_0007654,ACC_000196,ACC_000650,2026-07-11 20:38:19.755011,TRANSFER,14462.99,MOBILE,Singapore,0
TXN_0007655,ACC_000977,ACC_000667,2026-07-11 22:33:46.755011,DEPOSIT,29741.53,ATM,UK,0
TXN_0007656,ACC_000596,ACC_000393,2026-07-18 18:47:22.755011,WITHDRAWAL,5430.83,ONLINE,USA,0
TXN_0007657,ACC_000561,ACC_000542,2026-04-09 02:32:51.755011,TRANSFER,50208.64,BRANCH,India,0
TXN_0007658,ACC_000906,ACC_000918,2026-03-25 06:44:05.755011,TRANSFER,624.56,BRANCH,India,0
TXN_0007659,ACC_000179,ACC_000937,2026-07-30 00:57:23.755011,PAYMENT,20165.83,BRANCH,India,0
TXN_0007660,ACC_000524,ACC_000031,2026-05-26 20:27:11.755011,WITHDRAWAL,2958.88,MOBILE,UK,0
TXN_0007661,ACC_000215,ACC_000822,2026-04-29 06:40:52.755011,DEPOSIT,42054.66,ATM,India,0
TXN_0007662,ACC_000442,ACC_000880,2026-04-10 04:59:36.755011,DEPOSIT,9608.98,BRANCH,Singapore,0
TXN_0007663,ACC_000801,ACC_000976,2026-06-24 00:32:26.755011,PAYMENT,3613.79,ONLINE,Hong Kong,0
TXN_0007664,ACC_000945,ACC_000517,2026-07-18 06:31:28.755011,TRANSFER,17951.15,MOBILE,USA,0
TXN_0007665,ACC_000716,ACC_000247,2026-05-04 03:23:38.755011,TRANSFER,23666.74,BRANCH,UAE,0
TXN_0007666,ACC_000385,ACC_000525,2026-05-10 10:26:27.755011,WITHDRAWAL,339227.8,ATM,India,1
TXN_0007667,ACC_000778,ACC_000984,2026-06-23 10:53:22.755011,TRANSFER,2355.16,ONLINE,UAE,0
TXN_0007668,ACC_000286,ACC_000474,2026-06-07 05:12:50.755011,PAYMENT,4533.18,ONLINE,Hong Kong,0
TXN_0007669,ACC_000126,ACC_000164,2026-08-27 10:08:26.755011,DEPOSIT,67943.45,MOBILE,UAE,1
TXN_0007670,ACC_000397,ACC_000008,2026-05-06 11:55:34.755011,PAYMENT,7711.66,ONLINE,USA,0
TXN_0007671,ACC_000137,ACC_000074,2026-03-28 05:13:38.755011,DEPOSIT,19924.28,ONLINE,Singapore,0
TXN_0007672,ACC_000316,ACC_000182,2026-03-10 18:08:17.755011,PAYMENT,722.07,ATM,Singapore,0
TXN_0007673,ACC_000558,ACC_000565,2026-06-17 13:53:01.755011,TRANSFER,12102.8,ONLINE,UAE,0
TXN_0007674,ACC_000171,ACC_000025,2026-08-12 02:51:59.755011,DEPOSIT,5721.71,ATM,India,0
TXN_0007675,ACC_000391,ACC_000353,2026-03-30 01:18:56.755011,PAYMENT,2962.53,BRANCH,USA,0
TXN_0007676,ACC_000567,ACC_000910,2026-03-24 19:52:12.755011,TRANSFER,3324.3,ONLINE,UAE,0
TXN_0007677,ACC_000957,ACC_000044,2026-03-26 06:30:37.755011,TRANSFER,6263.88,ONLINE,Singapore,0
TXN_0007678,ACC_000186,ACC_000776,2026-08-17 08:42:14.755011,WITHDRAWAL,107.63,ONLINE,USA,0
TXN_0007679,ACC_000174,ACC_000160,2026-07-09 04:48:49.755011,PAYMENT,3492.78,ONLINE,India,0
TXN_0007680,ACC_000978,ACC_000033,2026-06-02 14:34:15.755011,PAYMENT,2832.8,ONLINE,UAE,0
TXN_0007681,ACC_000909,ACC_000868,2026-06-24 04:59:57.755011,TRANSFER,15357.2,MOBILE,India,0
TXN_0007682,ACC_000774,ACC_000284,2026-09-01 07:23:51.755011,DEPOSIT,3082.1,BRANCH,India,0
TXN_0007683,ACC_000836,ACC_000413,2026-04-22 07:57:34.755011,TRANSFER,6259.55,BRANCH,Singapore,0
TXN_0007684,ACC_000161,ACC_000038,2026-06-10 18:58:47.755011,WITHDRAWAL,51571.89,MOBILE,India,0
TXN_0007685,ACC_000979,ACC_000565,2026-06-26 10:03:02.755011,TRANSFER,26721.45,BRANCH,Hong Kong,0
TXN_0007686,ACC_000707,ACC_000702,2026-04-16 05:03:02.755011,WITHDRAWAL,23926.11,ATM,USA,0
TXN_0007687,ACC_000978,ACC_000412,2026-05-16 20:05:27.755011,PAYMENT,24054.93,BRANCH,USA,1
TXN_0007688,ACC_000037,ACC_000320,2026-03-20 17:05:24.755011,WITHDRAWAL,15547.25,BRANCH,India,0
TXN_0007689,ACC_000900,ACC_000916,2026-03-14 08:30:48.755011,WITHDRAWAL,6120.03,ONLINE,Hong Kong,0
TXN_0007690,ACC_000212,ACC_000227,2026-03-26 23:25:54.755011,PAYMENT,6404.06,ONLINE,UAE,0
TXN_0007691,ACC_000057,ACC_000886,2026-04-15 21:12:29.755011,PAYMENT,13248.27,MOBILE,India,0
TXN_0007692,ACC_000654,ACC_000863,2026-03-25 14:11:50.755011,PAYMENT,3958.45,MOBILE,UAE,0
TXN_0007693,ACC_000425,ACC_000346,2026-05-27 22:36:13.755011,PAYMENT,48610.93,ATM,UAE,0
TXN_0007694,ACC_000394,ACC_000231,2026-08-08 21:43:28.755011,WITHDRAWAL,6686.49,BRANCH,UK,0
TXN_0007695,ACC_000104,ACC_000603,2026-07-02 22:39:07.755011,WITHDRAWAL,17018.1,ONLINE,Hong Kong,0
TXN_0007696,ACC_000566,ACC_000306,2026-08-08 21:57:41.755011,TRANSFER,46477.36,BRANCH,USA,0
TXN_0007697,ACC_000370,ACC_000045,2026-06-10 06:00:05.755011,TRANSFER,27944.75,MOBILE,Singapore,0
TXN_0007698,ACC_000125,ACC_000275,2026-07-11 08:47:16.755011,DEPOSIT,1494.13,MOBILE,India,0
TXN_0007699,ACC_000592,ACC_000262,2026-08-06 05:29:41.755011,WITHDRAWAL,72788.4,MOBILE,UAE,1
TXN_0007700,ACC_000736,ACC_000974,2026-07-26 11:53:30.755011,WITHDRAWAL,22490.84,BRANCH,Hong Kong,0
TXN_0007701,ACC_000061,ACC_000101,2026-04-07 18:58:31.755011,TRANSFER,23629.13,ONLINE,USA,0
TXN_0007702,ACC_000098,ACC_000385,2026-03-07 21:18:04.755011,WITHDRAWAL,2130.36,ONLINE,UAE,0
TXN_0007703,ACC_000008,ACC_000416,2026-07-02 17:55:55.755011,TRANSFER,3683.28,ONLINE,Singapore,0
TXN_0007704,ACC_000468,ACC_000993,2026-03-13 17:49:30.755011,WITHDRAWAL,26728.08,ONLINE,Hong Kong,0
TXN_0007705,ACC_000400,ACC_000835,2026-04-07 19:48:48.755011,DEPOSIT,3248.3,BRANCH,Hong Kong,0
TXN_0007706,ACC_000288,ACC_000411,2026-03-11 12:29:09.755011,TRANSFER,5655.39,BRANCH,Hong Kong,0
TXN_0007707,ACC_000690,ACC_000653,2026-04-04 16:33:07.755011,WITHDRAWAL,53693.7,ATM,Hong Kong,0
TXN_0007708,ACC_000355,ACC_000436,2026-05-30 05:00:54.755011,DEPOSIT,7651.38,ATM,India,0
TXN_0007709,ACC_000264,ACC_000866,2026-03-08 03:22:55.755011,DEPOSIT,3387.58,ONLINE,India,0
TXN_0007710,ACC_000802,ACC_000690,2026-05-20 22:06:55.755011,WITHDRAWAL,2826.68,ATM,UK,0
TXN_0007711,ACC_000303,ACC_000091,2026-07-31 12:02:29.755011,WITHDRAWAL,12079.48,MOBILE,USA,0
TXN_0007712,ACC_000882,ACC_000765,2026-07-23 11:10:10.755011,DEPOSIT,1636.35,ONLINE,Hong Kong,0
TXN_0007713,ACC_000961,ACC_000303,2026-05-31 11:34:16.755011,WITHDRAWAL,6022.13,ATM,India,0
TXN_0007714,ACC_000595,ACC_000378,2026-05-17 00:19:23.755011,WITHDRAWAL,12086.89,ONLINE,UAE,0
TXN_0007715,ACC_000633,ACC_000920,2026-03-17 02:53:59.755011,TRANSFER,276479.12,BRANCH,Hong Kong,1
TXN_0007716,ACC_000482,ACC_000201,2026-05-05 16:32:32.755011,WITHDRAWAL,18052.83,BRANCH,UK,0
TXN_0007717,ACC_000705,ACC_000143,2026-06-02 15:56:58.755011,WITHDRAWAL,3439.64,ATM,Singapore,0
TXN_0007718,ACC_000977,ACC_000803,2026-03-14 20:17:00.755011,TRANSFER,33326.33,ATM,UK,0
TXN_0007719,ACC_000535,ACC_000120,2026-07-10 16:54:17.755011,WITHDRAWAL,5656.62,BRANCH,Hong Kong,0
TXN_0007720,ACC_000155,ACC_000857,2026-03-15 11:07:15.755011,PAYMENT,1839.33,BRANCH,India,0
TXN_0007721,ACC_000504,ACC_000061,2026-03-29 06:39:40.755011,DEPOSIT,6591.59,ONLINE,USA,0
TXN_0007722,ACC_000344,ACC_000331,2026-04-09 10:24:58.755011,PAYMENT,45515.26,ONLINE,USA,0
TXN_0007723,ACC_000461,ACC_000432,2026-03-25 13:55:52.755011,PAYMENT,9880.2,ATM,UAE,0
TXN_0007724,ACC_000355,ACC_000307,2026-06-27 07:26:08.755011,TRANSFER,8225.76,BRANCH,UK,0
TXN_0007725,ACC_000099,ACC_000398,2026-03-13 14:16:00.755011,PAYMENT,57794.79,BRANCH,UAE,0
TXN_0007726,ACC_000563,ACC_000275,2026-08-04 05:53:11.755011,PAYMENT,1454.44,ONLINE,Singapore,0
TXN_0007727,ACC_000217,ACC_000774,2026-04-16 02:34:29.755011,DEPOSIT,1732.43,ONLINE,India,0
TXN_0007728,ACC_000911,ACC_000975,2026-08-02 16:04:44.755011,PAYMENT,1165.59,BRANCH,Hong Kong,0
TXN_0007729,ACC_000445,ACC_000976,2026-05-15 04:37:03.755011,TRANSFER,12672.35,ATM,India,0
TXN_0007730,ACC_000292,ACC_000396,2026-05-20 18:55:06.755011,WITHDRAWAL,9895.07,BRANCH,Singapore,0
TXN_0007731,ACC_000569,ACC_000837,2026-06-05 11:19:40.755011,WITHDRAWAL,51600.35,BRANCH,USA,0
TXN_0007732,ACC_000569,ACC_000268,2026-03-16 17:33:55.755011,WITHDRAWAL,10852.71,ONLINE,Hong Kong,0
TXN_0007733,ACC_000888,ACC_000907,2026-07-11 10:35:06.755011,WITHDRAWAL,4989.1,ATM,UAE,0
TXN_0007734,ACC_000365,ACC_000480,2026-04-06 14:34:32.755011,TRANSFER,8120.56,ATM,UAE,0
TXN_0007735,ACC_000148,ACC_000534,2026-03-09 01:42:07.755011,WITHDRAWAL,9332.41,MOBILE,India,0
TXN_0007736,ACC_000693,ACC_000879,2026-06-18 03:04:18.755011,PAYMENT,1089.95,MOBILE,Hong Kong,0
TXN_0007737,ACC_000253,ACC_000191,2026-03-09 15:19:08.755011,DEPOSIT,209483.02,MOBILE,UAE,0
TXN_0007738,ACC_000988,ACC_000126,2026-08-02 12:50:53.755011,TRANSFER,15121.08,MOBILE,USA,0
TXN_0007739,ACC_000829,ACC_000620,2026-04-16 07:11:47.755011,TRANSFER,10425.5,MOBILE,USA,0
TXN_0007740,ACC_000501,ACC_000225,2026-05-30 13:18:57.755011,TRANSFER,16952.94,ATM,India,0
TXN_0007741,ACC_000540,ACC_000297,2026-08-29 11:15:17.755011,TRANSFER,18982.89,ONLINE,Hong Kong,0
TXN_0007742,ACC_000476,ACC_000811,2026-06-07 15:37:01.755011,DEPOSIT,6845.42,ATM,Hong Kong,0
TXN_0007743,ACC_000596,ACC_000886,2026-03-20 02:47:33.755011,TRANSFER,3799.07,ONLINE,UK,0
TXN_0007744,ACC_000903,ACC_000104,2026-06-10 12:49:37.755011,DEPOSIT,16636.27,ONLINE,UAE,0
TXN_0007745,ACC_000301,ACC_000995,2026-06-09 15:31:25.755011,WITHDRAWAL,12872.56,MOBILE,Hong Kong,0
TXN_0007746,ACC_000447,ACC_000606,2026-08-19 10:48:15.755011,TRANSFER,3066.01,MOBILE,USA,0
TXN_0007747,ACC_000445,ACC_000483,2026-08-09 12:17:07.755011,PAYMENT,44482.13,MOBILE,USA,0
TXN_0007748,ACC_000948,ACC_000649,2026-07-19 19:14:34.755011,WITHDRAWAL,11522.1,MOBILE,Singapore,0
TXN_0007749,ACC_000323,ACC_000614,2026-07-03 13:53:52.755011,DEPOSIT,19453.52,ATM,UAE,0
TXN_0007750,ACC_000419,ACC_000233,2026-07-28 13:07:04.755011,PAYMENT,43058.08,BRANCH,USA,0
TXN_0007751,ACC_000971,ACC_000234,2026-04-27 19:37:01.755011,DEPOSIT,8318.74,ONLINE,USA,0
TXN_0007752,ACC_000631,ACC_000081,2026-07-08 17:00:36.755011,TRANSFER,11853.07,MOBILE,Singapore,0
TXN_0007753,ACC_000700,ACC_000826,2026-05-08 19:44:06.755011,TRANSFER,21418.98,MOBILE,India,0
TXN_0007754,ACC_000196,ACC_000022,2026-05-06 07:22:01.755011,DEPOSIT,3395.37,BRANCH,UAE,0
TXN_0007755,ACC_000154,ACC_000973,2026-04-21 06:07:21.755011,DEPOSIT,8646.09,BRANCH,Hong Kong,0
TXN_0007756,ACC_000649,ACC_000767,2026-07-09 22:05:29.755011,DEPOSIT,9420.64,ONLINE,UK,0
TXN_0007757,ACC_000089,ACC_000598,2026-07-07 06:22:10.755011,TRANSFER,2572.75,BRANCH,India,0
TXN_0007758,ACC_000191,ACC_000887,2026-04-28 12:11:04.755011,PAYMENT,130765.92,BRANCH,Hong Kong,0
TXN_0007759,ACC_000747,ACC_000678,2026-04-25 01:49:12.755011,PAYMENT,1497.04,BRANCH,USA,0
TXN_0007760,ACC_000224,ACC_000994,2026-03-20 13:07:03.755011,TRANSFER,1706.63,MOBILE,USA,0
TXN_0007761,ACC_000353,ACC_000881,2026-04-13 01:17:47.755011,DEPOSIT,39225.09,ONLINE,Singapore,0
TXN_0007762,ACC_000424,ACC_000128,2026-04-04 05:00:11.755011,TRANSFER,19070.91,ONLINE,Hong Kong,0
TXN_0007763,ACC_000919,ACC_000175,2026-06-05 00:44:57.755011,TRANSFER,25375.48,BRANCH,USA,1
TXN_0007764,ACC_000494,ACC_000908,2026-06-20 01:30:43.755011,PAYMENT,16793.49,MOBILE,UK,0
TXN_0007765,ACC_000988,ACC_000332,2026-08-14 15:00:57.755011,WITHDRAWAL,47165.62,BRANCH,UK,0
TXN_0007766,ACC_000066,ACC_000668,2026-04-14 03:10:18.755011,TRANSFER,7814.09,BRANCH,UAE,0
TXN_0007767,ACC_000181,ACC_000415,2026-06-30 12:07:31.755011,DEPOSIT,183246.49,ATM,Singapore,0
TXN_0007768,ACC_000015,ACC_000559,2026-03-11 02:51:51.755011,WITHDRAWAL,1023.65,ATM,UAE,0
TXN_0007769,ACC_000306,ACC_000561,2026-03-31 15:39:20.755011,WITHDRAWAL,18631.11,BRANCH,UAE,0
TXN_0007770,ACC_000107,ACC_000415,2026-08-27 07:08:37.755011,WITHDRAWAL,32854.17,BRANCH,India,0
TXN_0007771,ACC_000912,ACC_000695,2026-03-16 15:14:39.755011,WITHDRAWAL,23614.42,ONLINE,UAE,0
TXN_0007772,ACC_000770,ACC_000973,2026-03-14 19:00:24.755011,PAYMENT,6340.88,MOBILE,UK,0
TXN_0007773,ACC_000733,ACC_000190,2026-08-11 01:19:26.755011,PAYMENT,5718.55,BRANCH,India,0
TXN_0007774,ACC_000710,ACC_000387,2026-04-27 09:30:43.755011,TRANSFER,13807.6,BRANCH,USA,0
TXN_0007775,ACC_000855,ACC_000207,2026-05-30 17:21:15.755011,TRANSFER,21566.69,MOBILE,UAE,0
TXN_0007776,ACC_000529,ACC_000088,2026-03-25 15:42:48.755011,PAYMENT,16696.73,BRANCH,USA,0
TXN_0007777,ACC_000756,ACC_000207,2026-06-29 22:13:57.755011,TRANSFER,28227.99,MOBILE,UK,0
TXN_0007778,ACC_000004,ACC_000795,2026-04-20 23:16:58.755011,PAYMENT,2385.96,MOBILE,UAE,0
TXN_0007779,ACC_000412,ACC_000294,2026-03-23 04:08:56.755011,DEPOSIT,6165.19,BRANCH,UK,0
TXN_0007780,ACC_000489,ACC_000203,2026-07-26 07:29:24.755011,DEPOSIT,2622.76,ONLINE,USA,0
TXN_0007781,ACC_000746,ACC_000487,2026-09-03 05:49:31.755011,PAYMENT,5098.31,ATM,Hong Kong,0
TXN_0007782,ACC_000800,ACC_000572,2026-07-20 12:46:39.755011,TRANSFER,27399.09,ONLINE,UK,0
TXN_0007783,ACC_000675,ACC_000594,2026-04-16 18:18:42.755011,PAYMENT,9224.15,MOBILE,Hong Kong,0
TXN_0007784,ACC_000035,ACC_000955,2026-04-24 19:50:39.755011,PAYMENT,185022.18,ONLINE,USA,0
TXN_0007785,ACC_000418,ACC_000053,2026-03-19 18:50:08.755011,PAYMENT,10219.85,ATM,UAE,0
TXN_0007786,ACC_000744,ACC_000485,2026-08-31 22:01:59.755011,DEPOSIT,8704.8,BRANCH,India,0
TXN_0007787,ACC_000318,ACC_000613,2026-06-11 05:11:01.755011,TRANSFER,9204.24,BRANCH,USA,0
TXN_0007788,ACC_000703,ACC_000257,2026-07-19 15:01:23.755011,TRANSFER,3769.24,ONLINE,UK,0
TXN_0007789,ACC_000602,ACC_000091,2026-04-24 15:42:01.755011,DEPOSIT,7559.77,BRANCH,UAE,0
TXN_0007790,ACC_000523,ACC_000686,2026-06-18 14:07:52.755011,PAYMENT,31361.79,BRANCH,UAE,0
TXN_0007791,ACC_000664,ACC_000554,2026-07-02 07:23:29.755011,WITHDRAWAL,9290.66,ATM,India,0
TXN_0007792,ACC_000159,ACC_000989,2026-08-27 19:39:25.755011,PAYMENT,3127.06,BRANCH,Hong Kong,0
TXN_0007793,ACC_000586,ACC_000357,2026-03-26 04:22:33.755011,PAYMENT,24321.04,MOBILE,USA,1
TXN_0007794,ACC_000605,ACC_000529,2026-05-28 08:33:41.755011,PAYMENT,4720.91,ATM,USA,0
TXN_0007795,ACC_000648,ACC_000308,2026-04-08 23:12:05.755011,DEPOSIT,8854.1,ONLINE,Hong Kong,0
TXN_0007796,ACC_000819,ACC_000911,2026-05-30 07:29:46.755011,PAYMENT,33938.45,ATM,India,0
TXN_0007797,ACC_000511,ACC_000566,2026-05-21 23:02:40.755011,TRANSFER,1622.0,ONLINE,Hong Kong,0
TXN_0007798,ACC_000504,ACC_000039,2026-05-21 08:39:32.755011,TRANSFER,5520.42,MOBILE,Hong Kong,0
TXN_0007799,ACC_000909,ACC_000001,2026-08-19 06:36:27.755011,WITHDRAWAL,69914.86,MOBILE,Singapore,1
TXN_0007800,ACC_000885,ACC_000163,2026-08-26 16:40:45.755011,TRANSFER,897.45,ATM,Singapore,0
TXN_0007801,ACC_000458,ACC_000315,2026-06-21 23:16:57.755011,WITHDRAWAL,2980.01,BRANCH,USA,0
TXN_0007802,ACC_000558,ACC_000663,2026-06-02 14:03:50.755011,DEPOSIT,3583.64,ONLINE,Singapore,0
TXN_0007803,ACC_000821,ACC_000134,2026-08-10 09:16:13.755011,DEPOSIT,3117.65,BRANCH,Singapore,0
TXN_0007804,ACC_000998,ACC_000777,2026-05-27 05:51:43.755011,PAYMENT,10201.27,MOBILE,Hong Kong,0
TXN_0007805,ACC_000418,ACC_000571,2026-04-23 02:24:23.755011,TRANSFER,6683.04,BRANCH,UK,0
TXN_0007806,ACC_000077,ACC_000715,2026-05-03 02:52:26.755011,DEPOSIT,4161.61,MOBILE,Hong Kong,0
TXN_0007807,ACC_000426,ACC_000415,2026-08-26 20:07:45.755011,PAYMENT,13542.05,ATM,Singapore,0
TXN_0007808,ACC_000381,ACC_000427,2026-08-16 04:11:03.755011,TRANSFER,64067.32,MOBILE,UK,0
TXN_0007809,ACC_000464,ACC_000494,2026-06-09 00:41:11.755011,DEPOSIT,57936.79,MOBILE,UAE,0
TXN_0007810,ACC_000284,ACC_000988,2026-07-03 19:01:43.755011,WITHDRAWAL,806.48,ATM,Singapore,0
TXN_0007811,ACC_000952,ACC_000824,2026-07-17 17:26:19.755011,PAYMENT,16195.47,BRANCH,UK,0
TXN_0007812,ACC_000580,ACC_000926,2026-08-24 14:22:10.755011,PAYMENT,6544.45,ATM,UAE,0
TXN_0007813,ACC_000039,ACC_000289,2026-05-19 17:34:34.755011,PAYMENT,9761.35,MOBILE,UK,0
TXN_0007814,ACC_000360,ACC_000853,2026-04-11 21:12:29.755011,DEPOSIT,5024.4,BRANCH,Hong Kong,0
TXN_0007815,ACC_000491,ACC_000832,2026-03-30 20:51:36.755011,PAYMENT,9331.08,MOBILE,UAE,0
TXN_0007816,ACC_000074,ACC_000936,2026-08-31 17:54:50.755011,DEPOSIT,9717.55,ONLINE,Hong Kong,0
TXN_0007817,ACC_000449,ACC_000739,2026-04-21 22:17:53.755011,DEPOSIT,4045.09,ATM,USA,0
TXN_0007818,ACC_000229,ACC_000855,2026-03-07 22:59:40.755011,TRANSFER,2763.79,MOBILE,USA,0
TXN_0007819,ACC_000641,ACC_000161,2026-03-24 22:38:55.755011,DEPOSIT,4729.45,ONLINE,UAE,0
TXN_0007820,ACC_000327,ACC_000880,2026-05-08 08:55:13.755011,TRANSFER,10733.35,ONLINE,UAE,0
TXN_0007821,ACC_000105,ACC_000630,2026-08-20 03:22:05.755011,DEPOSIT,16627.21,ONLINE,Singapore,0
TXN_0007822,ACC_000515,ACC_000212,2026-07-30 09:03:53.755011,PAYMENT,22561.92,ONLINE,USA,0
TXN_0007823,ACC_000034,ACC_000171,2026-05-05 11:47:25.755011,DEPOSIT,4478.18,MOBILE,UAE,0
TXN_0007824,ACC_000924,ACC_000044,2026-05-16 03:59:37.755011,TRANSFER,11391.39,BRANCH,UK,0
TXN_0007825,ACC_000328,ACC_000487,2026-05-17 07:35:33.755011,WITHDRAWAL,25719.46,BRANCH,USA,0
TXN_0007826,ACC_000073,ACC_000996,2026-06-23 06:43:01.755011,TRANSFER,32817.39,BRANCH,Hong Kong,0
TXN_0007827,ACC_000804,ACC_000350,2026-03-08 01:55:52.755011,DEPOSIT,7550.74,ONLINE,UK,0
TXN_0007828,ACC_000735,ACC_000641,2026-06-08 10:40:17.755011,WITHDRAWAL,50677.25,ONLINE,India,1
TXN_0007829,ACC_000798,ACC_000030,2026-03-08 17:59:16.755011,DEPOSIT,10191.91,BRANCH,India,0
TXN_0007830,ACC_000691,ACC_000883,2026-08-10 14:23:45.755011,TRANSFER,2039.28,MOBILE,USA,0
TXN_0007831,ACC_000022,ACC_000824,2026-05-31 23:59:43.755011,PAYMENT,68580.26,MOBILE,UK,1
TXN_0007832,ACC_000616,ACC_000475,2026-05-19 14:11:42.755011,TRANSFER,19801.32,ONLINE,UK,0
TXN_0007833,ACC_000708,ACC_000918,2026-08-01 20:58:28.755011,DEPOSIT,17506.66,BRANCH,UK,0
TXN_0007834,ACC_000812,ACC_000371,2026-08-18 22:11:54.755011,WITHDRAWAL,5858.68,BRANCH,India,0
TXN_0007835,ACC_000275,ACC_000794,2026-04-13 11:03:46.755011,PAYMENT,10522.4,BRANCH,India,0
TXN_0007836,ACC_000892,ACC_000538,2026-04-22 04:26:52.755011,PAYMENT,3012.18,MOBILE,UAE,0
TXN_0007837,ACC_000603,ACC_000410,2026-05-30 23:25:57.755011,DEPOSIT,18848.54,ONLINE,UAE,0
TXN_0007838,ACC_000960,ACC_000744,2026-08-20 11:25:01.755011,TRANSFER,7380.63,BRANCH,UK,0
TXN_0007839,ACC_000296,ACC_000111,2026-03-14 11:47:02.755011,WITHDRAWAL,5818.85,ONLINE,USA,0
TXN_0007840,ACC_000961,ACC_000314,2026-04-19 18:36:47.755011,DEPOSIT,5249.73,MOBILE,UK,0
TXN_0007841,ACC_000761,ACC_000400,2026-08-10 04:39:52.755011,TRANSFER,7514.03,ATM,Singapore,0
TXN_0007842,ACC_000169,ACC_000162,2026-08-22 14:41:03.755011,PAYMENT,4734.1,ONLINE,UAE,0
TXN_0007843,ACC_000302,ACC_000221,2026-05-03 00:16:28.755011,TRANSFER,17850.23,ATM,India,0
TXN_0007844,ACC_000871,ACC_000731,2026-04-29 19:11:03.755011,WITHDRAWAL,5042.51,MOBILE,Singapore,0
TXN_0007845,ACC_000032,ACC_000942,2026-07-01 07:17:47.755011,TRANSFER,54806.11,BRANCH,USA,0
TXN_0007846,ACC_000801,ACC_000873,2026-05-21 16:19:41.755011,DEPOSIT,47016.44,ATM,USA,0
TXN_0007847,ACC_000215,ACC_000964,2026-07-09 20:40:03.755011,DEPOSIT,2779.84,MOBILE,Singapore,0
TXN_0007848,ACC_000453,ACC_000715,2026-04-14 22:13:54.755011,TRANSFER,8810.02,MOBILE,India,0
TXN_0007849,ACC_000242,ACC_000409,2026-03-17 16:15:15.755011,DEPOSIT,34414.79,BRANCH,Singapore,1
TXN_0007850,ACC_000824,ACC_000594,2026-06-09 22:51:49.755011,PAYMENT,77165.44,ATM,Hong Kong,1
TXN_0007851,ACC_000393,ACC_000491,2026-04-29 03:29:14.755011,PAYMENT,1617331.9,BRANCH,India,1
TXN_0007852,ACC_000322,ACC_000337,2026-06-07 01:09:11.755011,DEPOSIT,5602.2,ONLINE,USA,0
TXN_0007853,ACC_000314,ACC_000343,2026-07-02 21:37:27.755011,WITHDRAWAL,12484.85,ONLINE,USA,0
TXN_0007854,ACC_000905,ACC_000705,2026-07-06 17:50:37.755011,WITHDRAWAL,15515.36,MOBILE,USA,0
TXN_0007855,ACC_000542,ACC_000142,2026-07-28 12:40:04.755011,DEPOSIT,2438.76,BRANCH,Singapore,0
TXN_0007856,ACC_000242,ACC_000692,2026-03-30 23:22:35.755011,DEPOSIT,2904.12,BRANCH,Singapore,0
TXN_0007857,ACC_000534,ACC_000437,2026-06-21 11:10:35.755011,DEPOSIT,1906.02,ONLINE,UAE,0
TXN_0007858,ACC_000435,ACC_000238,2026-06-16 02:09:32.755011,TRANSFER,2798.49,MOBILE,India,0
TXN_0007859,ACC_000332,ACC_000599,2026-04-22 22:32:33.755011,TRANSFER,265.06,MOBILE,UAE,0
TXN_0007860,ACC_000809,ACC_000299,2026-05-01 02:45:09.755011,WITHDRAWAL,15576.19,BRANCH,UK,0
TXN_0007861,ACC_000464,ACC_000142,2026-03-17 19:28:13.755011,WITHDRAWAL,95323.59,MOBILE,UK,0
TXN_0007862,ACC_000492,ACC_000575,2026-04-05 16:45:35.755011,DEPOSIT,9675.82,ONLINE,India,0
TXN_0007863,ACC_000472,ACC_000848,2026-04-25 12:02:12.755011,PAYMENT,1481.01,BRANCH,UK,0
TXN_0007864,ACC_000326,ACC_000093,2026-06-04 01:56:55.755011,PAYMENT,3746.84,ONLINE,UK,0
TXN_0007865,ACC_000245,ACC_000460,2026-03-08 21:04:16.755011,PAYMENT,4672.02,ONLINE,USA,0
TXN_0007866,ACC_000973,ACC_000613,2026-06-17 01:21:17.755011,TRANSFER,2389.64,ONLINE,UAE,0
TXN_0007867,ACC_000548,ACC_000507,2026-05-18 17:06:10.755011,DEPOSIT,22747.7,BRANCH,India,0
TXN_0007868,ACC_000367,ACC_000031,2026-06-06 16:00:54.755011,TRANSFER,21424.96,ATM,UAE,0
TXN_0007869,ACC_000221,ACC_000859,2026-07-06 15:32:17.755011,PAYMENT,2025.27,MOBILE,Singapore,0
TXN_0007870,ACC_000953,ACC_000490,2026-06-03 04:51:59.755011,WITHDRAWAL,339722.2,BRANCH,USA,1
TXN_0007871,ACC_000797,ACC_000494,2026-06-08 12:20:06.755011,TRANSFER,50623.7,BRANCH,USA,0
TXN_0007872,ACC_000451,ACC_000753,2026-07-27 10:21:04.755011,DEPOSIT,79464.83,ONLINE,Singapore,0
TXN_0007873,ACC_000232,ACC_000784,2026-08-08 22:32:04.755011,DEPOSIT,252269.8,ATM,UAE,0
TXN_0007874,ACC_000961,ACC_000203,2026-03-09 11:19:47.755011,PAYMENT,2745.2,BRANCH,USA,0
TXN_0007875,ACC_000630,ACC_000529,2026-08-13 13:08:16.755011,DEPOSIT,240160.93,MOBILE,India,0
TXN_0007876,ACC_000407,ACC_000376,2026-05-24 14:24:44.755011,WITHDRAWAL,5297.3,BRANCH,Singapore,0
TXN_0007877,ACC_000231,ACC_000404,2026-05-07 04:51:16.755011,WITHDRAWAL,3980.02,MOBILE,USA,0
TXN_0007878,ACC_000666,ACC_000345,2026-06-24 19:32:32.755011,WITHDRAWAL,11997.9,ONLINE,USA,0
TXN_0007879,ACC_000390,ACC_000175,2026-06-05 18:30:37.755011,TRANSFER,4030.02,ONLINE,India,0
TXN_0007880,ACC_000544,ACC_000631,2026-08-22 05:47:44.755011,PAYMENT,13080.17,MOBILE,UAE,0
TXN_0007881,ACC_000940,ACC_000025,2026-03-09 05:44:33.755011,PAYMENT,1662.22,ONLINE,UK,0
TXN_0007882,ACC_000330,ACC_000027,2026-05-21 06:49:08.755011,WITHDRAWAL,6084.48,MOBILE,Singapore,0
TXN_0007883,ACC_000429,ACC_000614,2026-07-05 15:48:03.755011,TRANSFER,37899.71,ONLINE,India,0
TXN_0007884,ACC_000224,ACC_000193,2026-08-24 16:07:57.755011,TRANSFER,7566.81,MOBILE,USA,0
TXN_0007885,ACC_000973,ACC_000279,2026-03-10 07:02:38.755011,TRANSFER,9603.81,MOBILE,Hong Kong,0
TXN_0007886,ACC_000707,ACC_000274,2026-06-15 06:38:32.755011,PAYMENT,14332.86,BRANCH,Singapore,0
TXN_0007887,ACC_000096,ACC_000668,2026-08-18 15:54:06.755011,PAYMENT,33017.53,BRANCH,Singapore,0
TXN_0007888,ACC_000978,ACC_000863,2026-07-26 20:53:23.755011,PAYMENT,1111.79,ATM,USA,0
TXN_0007889,ACC_000447,ACC_000962,2026-05-10 07:03:53.755011,WITHDRAWAL,16340.94,ATM,India,0
TXN_0007890,ACC_000263,ACC_000816,2026-04-28 10:54:07.755011,WITHDRAWAL,5873.66,BRANCH,Singapore,0
TXN_0007891,ACC_000847,ACC_000735,2026-03-23 18:26:24.755011,PAYMENT,110968.12,MOBILE,India,1
TXN_0007892,ACC_000067,ACC_000015,2026-05-01 02:14:26.755011,PAYMENT,28909.92,ONLINE,UAE,0
TXN_0007893,ACC_000667,ACC_000961,2026-07-09 00:32:16.755011,DEPOSIT,1933.29,ATM,Hong Kong,0
TXN_0007894,ACC_000378,ACC_000847,2026-05-25 16:14:15.755011,PAYMENT,2403.85,ATM,UK,0
TXN_0007895,ACC_000379,ACC_000718,2026-05-29 13:50:26.755011,WITHDRAWAL,794.32,MOBILE,Singapore,0
TXN_0007896,ACC_000838,ACC_000675,2026-04-01 05:09:58.755011,TRANSFER,4192.32,ATM,UAE,0
TXN_0007897,ACC_000466,ACC_000692,2026-05-26 08:10:13.755011,PAYMENT,39995.36,BRANCH,UK,0
TXN_0007898,ACC_000078,ACC_000894,2026-03-17 12:29:46.755011,PAYMENT,7011.42,ONLINE,UK,0
TXN_0007899,ACC_000342,ACC_000218,2026-08-15 02:50:40.755011,WITHDRAWAL,1622.71,MOBILE,USA,0
TXN_0007900,ACC_000988,ACC_000839,2026-07-24 07:36:55.755011,DEPOSIT,4524.15,ATM,UAE,0
TXN_0007901,ACC_000826,ACC_000766,2026-05-28 13:39:07.755011,TRANSFER,1359.08,BRANCH,Hong Kong,0
TXN_0007902,ACC_000255,ACC_000801,2026-03-23 21:37:30.755011,WITHDRAWAL,36827.34,BRANCH,UK,1
TXN_0007903,ACC_000757,ACC_000784,2026-04-24 00:14:23.755011,WITHDRAWAL,12920.66,ONLINE,Singapore,0
TXN_0007904,ACC_000091,ACC_000516,2026-07-05 13:13:15.755011,WITHDRAWAL,1980.99,ONLINE,UK,0
TXN_0007905,ACC_000906,ACC_000992,2026-06-19 11:31:20.755011,PAYMENT,30796.65,MOBILE,India,0
TXN_0007906,ACC_000957,ACC_000323,2026-07-15 21:04:05.755011,WITHDRAWAL,7440.22,BRANCH,Hong Kong,0
TXN_0007907,ACC_000061,ACC_000412,2026-04-01 22:14:54.755011,TRANSFER,8979.63,BRANCH,India,0
TXN_0007908,ACC_000740,ACC_000358,2026-08-06 08:40:43.755011,DEPOSIT,5801.97,ATM,Hong Kong,0
TXN_0007909,ACC_000245,ACC_000810,2026-05-10 04:35:47.755011,TRANSFER,20484.37,ATM,India,0
TXN_0007910,ACC_000388,ACC_000317,2026-04-29 10:45:57.755011,PAYMENT,20739.43,MOBILE,UK,0
TXN_0007911,ACC_000131,ACC_000561,2026-08-01 17:43:25.755011,TRANSFER,12113.37,MOBILE,UK,0
TXN_0007912,ACC_000599,ACC_000169,2026-03-19 08:13:05.755011,PAYMENT,15958.5,ONLINE,UAE,0
TXN_0007913,ACC_000049,ACC_000979,2026-09-03 01:17:06.755011,DEPOSIT,6282.31,BRANCH,USA,0
TXN_0007914,ACC_000351,ACC_000701,2026-08-19 21:34:13.755011,PAYMENT,15531.78,ONLINE,India,0
TXN_0007915,ACC_000650,ACC_000749,2026-04-29 04:41:06.755011,PAYMENT,5402.12,ATM,Hong Kong,0
TXN_0007916,ACC_000398,ACC_000146,2026-08-25 07:52:15.755011,TRANSFER,8124.81,MOBILE,Hong Kong,0
TXN_0007917,ACC_000377,ACC_000724,2026-07-23 03:15:31.755011,WITHDRAWAL,5827.99,BRANCH,USA,0
TXN_0007918,ACC_000622,ACC_000510,2026-05-05 00:20:22.755011,WITHDRAWAL,4681.33,BRANCH,UK,0
TXN_0007919,ACC_000560,ACC_000709,2026-06-01 09:37:38.755011,PAYMENT,3544.19,ATM,UAE,0
TXN_0007920,ACC_000792,ACC_000297,2026-06-28 04:11:29.755011,PAYMENT,14203.28,ONLINE,India,0
TXN_0007921,ACC_000082,ACC_000995,2026-05-14 15:21:11.755011,WITHDRAWAL,39055.04,BRANCH,UAE,0
TXN_0007922,ACC_000192,ACC_000805,2026-09-02 07:52:18.755011,TRANSFER,33034.98,MOBILE,Singapore,0
TXN_0007923,ACC_000851,ACC_000522,2026-08-23 05:13:37.755011,PAYMENT,1793.85,BRANCH,UAE,0
TXN_0007924,ACC_000875,ACC_000073,2026-07-17 21:59:42.755011,DEPOSIT,38064.74,MOBILE,Hong Kong,0
TXN_0007925,ACC_000786,ACC_000697,2026-08-20 21:58:00.755011,WITHDRAWAL,5531.48,BRANCH,Hong Kong,0
TXN_0007926,ACC_000853,ACC_000462,2026-03-10 21:42:02.755011,WITHDRAWAL,16661.89,MOBILE,Singapore,0
TXN_0007927,ACC_000696,ACC_000765,2026-05-08 11:31:09.755011,DEPOSIT,2731.32,BRANCH,India,0
TXN_0007928,ACC_000161,ACC_000459,2026-08-31 14:15:18.755011,TRANSFER,9608.24,BRANCH,UK,0
TXN_0007929,ACC_000337,ACC_000055,2026-08-14 04:23:00.755011,TRANSFER,11807.24,ATM,India,0
TXN_0007930,ACC_000679,ACC_000929,2026-08-26 12:28:32.755011,PAYMENT,1364.41,ONLINE,UK,0
TXN_0007931,ACC_000600,ACC_000934,2026-08-28 02:26:27.755011,TRANSFER,16813.22,BRANCH,UK,0
TXN_0007932,ACC_000648,ACC_000409,2026-03-11 12:21:07.755011,WITHDRAWAL,40746.37,MOBILE,Singapore,0
TXN_0007933,ACC_000043,ACC_000153,2026-04-13 09:13:27.755011,WITHDRAWAL,93361.98,MOBILE,UK,1
TXN_0007934,ACC_000242,ACC_000651,2026-06-08 05:10:21.755011,TRANSFER,41448.28,BRANCH,India,0
TXN_0007935,ACC_000640,ACC_000767,2026-07-12 04:59:48.755011,TRANSFER,6453.43,ONLINE,India,0
TXN_0007936,ACC_000201,ACC_000776,2026-08-01 12:19:11.755011,DEPOSIT,22460.23,BRANCH,USA,0
TXN_0007937,ACC_000074,ACC_000753,2026-07-11 11:27:30.755011,DEPOSIT,565.5,MOBILE,USA,0
TXN_0007938,ACC_000654,ACC_000796,2026-03-23 11:49:22.755011,DEPOSIT,147640.17,BRANCH,Hong Kong,0
TXN_0007939,ACC_000068,ACC_000030,2026-06-09 07:58:26.755011,DEPOSIT,48754.36,ATM,UK,0
TXN_0007940,ACC_000431,ACC_000376,2026-05-12 19:18:12.755011,PAYMENT,5758.6,ONLINE,UAE,0
TXN_0007941,ACC_000923,ACC_000917,2026-07-18 09:59:23.755011,PAYMENT,760.13,ONLINE,Hong Kong,0
TXN_0007942,ACC_000396,ACC_000082,2026-07-28 11:28:49.755011,PAYMENT,11448.73,ATM,India,0
TXN_0007943,ACC_000958,ACC_000048,2026-06-25 21:36:50.755011,TRANSFER,1432.66,BRANCH,UK,0
TXN_0007944,ACC_000393,ACC_000898,2026-07-28 20:01:54.755011,DEPOSIT,13819.34,MOBILE,USA,0
TXN_0007945,ACC_000387,ACC_000025,2026-06-22 05:31:54.755011,WITHDRAWAL,13278.2,ATM,UAE,0
TXN_0007946,ACC_000099,ACC_000408,2026-04-22 02:55:46.755011,DEPOSIT,2618.39,ATM,USA,0
TXN_0007947,ACC_000392,ACC_000857,2026-05-04 20:26:36.755011,WITHDRAWAL,31106.14,MOBILE,Singapore,0
TXN_0007948,ACC_000050,ACC_000810,2026-05-20 09:39:16.755011,DEPOSIT,21304.84,ONLINE,Singapore,0
TXN_0007949,ACC_000243,ACC_000504,2026-07-10 11:51:45.755011,DEPOSIT,26133.88,ATM,India,0
TXN_0007950,ACC_000121,ACC_000041,2026-06-20 23:26:41.755011,TRANSFER,8189.67,BRANCH,USA,0
TXN_0007951,ACC_000516,ACC_000677,2026-03-12 09:34:46.755011,WITHDRAWAL,1482.33,BRANCH,UAE,0
TXN_0007952,ACC_000546,ACC_000738,2026-08-15 23:07:27.755011,TRANSFER,26198.22,ONLINE,Hong Kong,0
TXN_0007953,ACC_000753,ACC_000354,2026-03-19 07:09:18.755011,DEPOSIT,5857.95,MOBILE,Singapore,0
TXN_0007954,ACC_000439,ACC_000758,2026-07-17 02:49:58.755011,WITHDRAWAL,1528.84,MOBILE,Singapore,0
TXN_0007955,ACC_000607,ACC_000022,2026-06-02 19:35:44.755011,PAYMENT,41045.94,ATM,Singapore,0
TXN_0007956,ACC_000746,ACC_000328,2026-08-23 12:46:29.755011,WITHDRAWAL,100638.39,BRANCH,UAE,0
TXN_0007957,ACC_000838,ACC_000598,2026-08-16 07:17:09.755011,PAYMENT,151091.09,BRANCH,UAE,1
TXN_0007958,ACC_000874,ACC_000412,2026-07-24 12:58:21.755011,WITHDRAWAL,108114.42,ATM,USA,0
TXN_0007959,ACC_000005,ACC_000296,2026-06-19 22:34:20.755011,WITHDRAWAL,9041.48,ATM,USA,0
TXN_0007960,ACC_000026,ACC_000271,2026-04-17 15:14:23.755011,PAYMENT,5133.04,ONLINE,Singapore,0
TXN_0007961,ACC_000025,ACC_000158,2026-03-07 21:05:14.755011,DEPOSIT,3802.64,BRANCH,UK,0
TXN_0007962,ACC_000356,ACC_000208,2026-06-02 04:43:46.755011,DEPOSIT,57785.83,MOBILE,Hong Kong,0
TXN_0007963,ACC_000216,ACC_000542,2026-05-28 20:52:45.755011,PAYMENT,3177.43,MOBILE,India,0
TXN_0007964,ACC_000839,ACC_000145,2026-08-20 05:57:54.755011,PAYMENT,19581.16,ONLINE,USA,0
TXN_0007965,ACC_000520,ACC_000168,2026-05-14 05:21:16.755011,TRANSFER,4142.29,BRANCH,USA,0
TXN_0007966,ACC_000887,ACC_000030,2026-04-20 04:15:03.755011,TRANSFER,71253.75,MOBILE,UAE,1
TXN_0007967,ACC_000834,ACC_000653,2026-08-18 03:20:34.755011,TRANSFER,27897.7,BRANCH,Hong Kong,0
TXN_0007968,ACC_000791,ACC_000377,2026-04-08 17:56:55.755011,TRANSFER,5135.62,MOBILE,UK,0
TXN_0007969,ACC_000062,ACC_000408,2026-04-21 10:43:53.755011,WITHDRAWAL,4985.28,BRANCH,Singapore,0
TXN_0007970,ACC_000137,ACC_000456,2026-03-26 20:46:12.755011,TRANSFER,31551.16,BRANCH,UAE,0
TXN_0007971,ACC_000544,ACC_000922,2026-06-25 02:37:48.755011,TRANSFER,55098.44,BRANCH,Singapore,0
TXN_0007972,ACC_000935,ACC_000377,2026-04-21 16:51:12.755011,PAYMENT,17564.37,ONLINE,UK,0
TXN_0007973,ACC_000496,ACC_000207,2026-05-27 16:08:26.755011,DEPOSIT,3693.3,ONLINE,India,0
TXN_0007974,ACC_000007,ACC_000959,2026-08-02 23:27:23.755011,DEPOSIT,4390.81,BRANCH,UAE,0
TXN_0007975,ACC_000430,ACC_000756,2026-04-29 16:27:21.755011,WITHDRAWAL,8918.64,ONLINE,UK,0
TXN_0007976,ACC_000359,ACC_000896,2026-04-22 03:20:25.755011,WITHDRAWAL,11909.79,BRANCH,UAE,0
TXN_0007977,ACC_000652,ACC_000478,2026-04-13 15:13:22.755011,WITHDRAWAL,2476.4,ATM,UK,0
TXN_0007978,ACC_000455,ACC_000948,2026-06-04 15:53:33.755011,DEPOSIT,19295.85,BRANCH,Hong Kong,0
TXN_0007979,ACC_000227,ACC_000697,2026-07-31 18:10:06.755011,WITHDRAWAL,8978.75,ONLINE,Singapore,0
TXN_0007980,ACC_000035,ACC_000230,2026-05-21 08:48:01.755011,PAYMENT,1033.96,ATM,Hong Kong,0
TXN_0007981,ACC_000031,ACC_000103,2026-08-15 09:09:57.755011,WITHDRAWAL,2657.89,ONLINE,UAE,0
TXN_0007982,ACC_000990,ACC_000064,2026-07-10 23:54:53.755011,DEPOSIT,4425.09,ONLINE,UK,0
TXN_0007983,ACC_000100,ACC_000636,2026-08-03 12:31:30.755011,DEPOSIT,7424.72,ATM,USA,0
TXN_0007984,ACC_000315,ACC_000500,2026-07-11 18:38:32.755011,DEPOSIT,78208.57,ATM,UK,0
TXN_0007985,ACC_000078,ACC_000719,2026-05-27 17:44:28.755011,TRANSFER,10783.86,MOBILE,Hong Kong,0
TXN_0007986,ACC_000353,ACC_000704,2026-07-03 15:34:00.755011,PAYMENT,58055.32,ATM,UAE,1
TXN_0007987,ACC_000403,ACC_000129,2026-03-25 06:06:02.755011,TRANSFER,10559.24,BRANCH,USA,0
TXN_0007988,ACC_000522,ACC_000090,2026-08-02 19:19:32.755011,WITHDRAWAL,5310.78,BRANCH,Singapore,0
TXN_0007989,ACC_000811,ACC_000931,2026-08-15 07:26:01.755011,PAYMENT,11964.63,ONLINE,UAE,0
TXN_0007990,ACC_000965,ACC_000086,2026-05-14 16:32:40.755011,PAYMENT,16263.54,MOBILE,USA,0
TXN_0007991,ACC_000210,ACC_000418,2026-06-25 15:29:26.755011,PAYMENT,34581.59,MOBILE,Singapore,0
TXN_0007992,ACC_000956,ACC_000535,2026-07-19 21:50:00.755011,DEPOSIT,7870.34,BRANCH,UAE,0
TXN_0007993,ACC_000990,ACC_000944,2026-08-01 11:57:44.755011,PAYMENT,57916.21,MOBILE,Singapore,0
TXN_0007994,ACC_000719,ACC_000267,2026-08-29 15:13:24.755011,TRANSFER,24091.81,BRANCH,Singapore,0
TXN_0007995,ACC_000820,ACC_000550,2026-03-25 18:44:25.755011,DEPOSIT,3467.1,MOBILE,USA,0
TXN_0007996,ACC_000293,ACC_000512,2026-05-25 12:12:14.755011,WITHDRAWAL,114901.07,ATM,UAE,0
TXN_0007997,ACC_000401,ACC_000541,2026-04-03 15:48:52.755011,PAYMENT,11996.78,MOBILE,UAE,0
TXN_0007998,ACC_000737,ACC_000973,2026-07-02 18:05:59.755011,PAYMENT,2974.56,MOBILE,India,0
TXN_0007999,ACC_000574,ACC_000727,2026-04-09 05:42:52.755011,TRANSFER,58894.07,MOBILE,UK,0
TXN_0008000,ACC_000159,ACC_000387,2026-08-07 18:59:52.755011,PAYMENT,98059.83,BRANCH,Singapore,0
TXN_0008001,ACC_000105,ACC_000883,2026-04-19 19:29:20.755011,PAYMENT,7788.24,MOBILE,UAE,0
TXN_0008002,ACC_000787,ACC_000974,2026-07-15 15:24:04.755011,DEPOSIT,4427.63,BRANCH,Singapore,0
TXN_0008003,ACC_000263,ACC_000817,2026-03-08 19:48:33.755011,TRANSFER,6588.96,BRANCH,Hong Kong,0
TXN_0008004,ACC_000479,ACC_000436,2026-09-02 02:44:02.755011,WITHDRAWAL,19104.48,ATM,USA,0
TXN_0008005,ACC_000626,ACC_000411,2026-08-18 12:09:45.755011,WITHDRAWAL,37549.97,ONLINE,Singapore,0
TXN_0008006,ACC_000489,ACC_000380,2026-03-20 09:08:56.755011,TRANSFER,16068.0,BRANCH,India,0
TXN_0008007,ACC_000673,ACC_000148,2026-07-18 23:53:07.755011,WITHDRAWAL,9155.11,MOBILE,UK,0
TXN_0008008,ACC_000729,ACC_000642,2026-03-13 03:00:42.755011,WITHDRAWAL,48903.98,ONLINE,Hong Kong,0
TXN_0008009,ACC_000906,ACC_000451,2026-08-10 21:21:05.755011,WITHDRAWAL,5566.91,MOBILE,Hong Kong,0
TXN_0008010,ACC_000497,ACC_000426,2026-03-15 22:00:29.755011,DEPOSIT,27920.13,MOBILE,UAE,0
TXN_0008011,ACC_000118,ACC_000232,2026-05-04 08:25:06.755011,PAYMENT,5734.89,ONLINE,USA,0
TXN_0008012,ACC_000508,ACC_000549,2026-03-16 11:37:26.755011,PAYMENT,13591.88,ATM,UK,0
TXN_0008013,ACC_000181,ACC_000653,2026-06-20 10:44:32.755011,PAYMENT,7070.77,MOBILE,UK,0
TXN_0008014,ACC_000977,ACC_000823,2026-08-14 21:02:24.755011,TRANSFER,7577.79,BRANCH,India,0
TXN_0008015,ACC_000374,ACC_000827,2026-08-25 07:59:37.755011,PAYMENT,5151.98,MOBILE,India,0
TXN_0008016,ACC_000850,ACC_000362,2026-07-21 10:06:28.755011,WITHDRAWAL,40693.55,BRANCH,India,0
TXN_0008017,ACC_000106,ACC_000661,2026-03-26 15:05:51.755011,TRANSFER,3362.66,ONLINE,Hong Kong,0
TXN_0008018,ACC_000795,ACC_000474,2026-07-16 06:12:56.755011,PAYMENT,3333.31,ONLINE,Hong Kong,0
TXN_0008019,ACC_000519,ACC_000840,2026-06-27 11:59:22.755011,PAYMENT,103279.3,MOBILE,UAE,0
TXN_0008020,ACC_000917,ACC_000728,2026-06-24 05:07:49.755011,TRANSFER,26197.44,ONLINE,USA,0
TXN_0008021,ACC_000139,ACC_000908,2026-03-21 17:33:41.755011,DEPOSIT,463.06,BRANCH,Hong Kong,0
TXN_0008022,ACC_000395,ACC_000663,2026-05-08 22:16:36.755011,WITHDRAWAL,4112.1,ATM,UAE,0
TXN_0008023,ACC_000099,ACC_000698,2026-06-30 03:41:27.755011,DEPOSIT,921.14,MOBILE,UK,0
TXN_0008024,ACC_000967,ACC_000259,2026-08-31 04:14:58.755011,TRANSFER,2589.37,ONLINE,Hong Kong,0
TXN_0008025,ACC_000822,ACC_000995,2026-08-08 12:17:14.755011,PAYMENT,187.5,ATM,UAE,0
TXN_0008026,ACC_000413,ACC_000268,2026-08-21 21:17:57.755011,TRANSFER,6874.76,BRANCH,UK,0
TXN_0008027,ACC_000034,ACC_000159,2026-05-03 19:49:48.755011,PAYMENT,2058.37,BRANCH,Singapore,0
TXN_0008028,ACC_000842,ACC_000426,2026-04-01 01:46:49.755011,WITHDRAWAL,8707.03,BRANCH,USA,0
TXN_0008029,ACC_000244,ACC_000564,2026-04-09 04:49:35.755011,DEPOSIT,1152.69,MOBILE,Singapore,0
TXN_0008030,ACC_000045,ACC_000014,2026-05-26 20:43:34.755011,TRANSFER,8950.76,MOBILE,UAE,0
TXN_0008031,ACC_000890,ACC_000124,2026-07-15 09:27:06.755011,TRANSFER,4925.1,ONLINE,Hong Kong,0
TXN_0008032,ACC_000341,ACC_000951,2026-03-07 13:14:45.755011,PAYMENT,49135.82,BRANCH,UAE,0
TXN_0008033,ACC_000887,ACC_000537,2026-05-23 14:36:44.755011,DEPOSIT,44074.13,ATM,Hong Kong,0
TXN_0008034,ACC_000159,ACC_000053,2026-07-07 05:37:39.755011,PAYMENT,20793.9,ONLINE,Singapore,0
TXN_0008035,ACC_000556,ACC_000065,2026-08-21 04:56:34.755011,DEPOSIT,5475.63,ATM,USA,0
TXN_0008036,ACC_000605,ACC_000479,2026-07-22 20:45:58.755011,DEPOSIT,87768.37,BRANCH,USA,0
TXN_0008037,ACC_000071,ACC_000357,2026-04-28 17:15:15.755011,TRANSFER,1256.84,ONLINE,Singapore,0
TXN_0008038,ACC_000696,ACC_000917,2026-08-05 15:37:22.755011,PAYMENT,1503.77,BRANCH,Hong Kong,0
TXN_0008039,ACC_000171,ACC_000852,2026-07-14 05:36:38.755011,WITHDRAWAL,7328.02,ATM,Hong Kong,0
TXN_0008040,ACC_000341,ACC_000551,2026-04-18 12:48:04.755011,PAYMENT,121157.39,MOBILE,UAE,0
TXN_0008041,ACC_000400,ACC_000206,2026-08-25 17:37:42.755011,DEPOSIT,6356.25,MOBILE,UAE,0
TXN_0008042,ACC_000091,ACC_000055,2026-07-03 17:16:12.755011,PAYMENT,6503.56,ATM,USA,0
TXN_0008043,ACC_000538,ACC_000517,2026-08-19 08:33:37.755011,WITHDRAWAL,1436.13,BRANCH,USA,0
TXN_0008044,ACC_000227,ACC_000269,2026-07-11 13:47:25.755011,DEPOSIT,25213.01,ATM,Hong Kong,0
TXN_0008045,ACC_000100,ACC_000909,2026-07-03 17:08:30.755011,DEPOSIT,25433.22,ONLINE,Hong Kong,0
TXN_0008046,ACC_000329,ACC_000984,2026-05-14 10:53:06.755011,DEPOSIT,20887.17,MOBILE,USA,0
TXN_0008047,ACC_000154,ACC_000602,2026-07-09 00:12:36.755011,DEPOSIT,3808.29,ONLINE,UK,0
TXN_0008048,ACC_000686,ACC_000777,2026-07-02 06:03:32.755011,TRANSFER,3470.15,MOBILE,India,0
TXN_0008049,ACC_000336,ACC_000643,2026-06-25 10:15:01.755011,PAYMENT,1716.86,ONLINE,USA,0
TXN_0008050,ACC_000939,ACC_000521,2026-08-06 01:38:45.755011,TRANSFER,8961.09,MOBILE,UK,0
TXN_0008051,ACC_000555,ACC_000083,2026-09-02 12:33:56.755011,TRANSFER,2216.12,ONLINE,Singapore,0
TXN_0008052,ACC_000287,ACC_000346,2026-06-15 03:21:04.755011,WITHDRAWAL,1972.59,BRANCH,UK,0
TXN_0008053,ACC_000862,ACC_000046,2026-03-15 19:08:41.755011,PAYMENT,4873.52,BRANCH,USA,0
TXN_0008054,ACC_000530,ACC_000994,2026-08-05 21:30:26.755011,DEPOSIT,4505.31,MOBILE,Hong Kong,0
TXN_0008055,ACC_000907,ACC_000506,2026-03-11 18:10:22.755011,PAYMENT,4248.94,ONLINE,India,0
TXN_0008056,ACC_000024,ACC_000365,2026-07-14 00:15:01.755011,DEPOSIT,14182.07,ONLINE,India,0
TXN_0008057,ACC_000293,ACC_000885,2026-06-12 02:43:07.755011,PAYMENT,8909.36,MOBILE,Singapore,0
TXN_0008058,ACC_000674,ACC_000930,2026-04-04 23:30:23.755011,PAYMENT,5734.25,MOBILE,UK,0
TXN_0008059,ACC_000383,ACC_000895,2026-08-30 03:01:25.755011,DEPOSIT,156065.73,ONLINE,Hong Kong,1
TXN_0008060,ACC_000435,ACC_000838,2026-04-28 14:33:23.755011,TRANSFER,2465.54,ONLINE,India,0
TXN_0008061,ACC_000576,ACC_000114,2026-07-12 07:44:45.755011,PAYMENT,9194.26,ATM,Singapore,0
TXN_0008062,ACC_000721,ACC_000192,2026-04-29 12:17:22.755011,WITHDRAWAL,9708.17,MOBILE,Singapore,0
TXN_0008063,ACC_000139,ACC_000997,2026-03-08 08:51:01.755011,WITHDRAWAL,1334.54,ONLINE,UAE,0
TXN_0008064,ACC_000918,ACC_000667,2026-05-22 19:17:15.755011,DEPOSIT,26764.52,ATM,UK,0
TXN_0008065,ACC_000436,ACC_000052,2026-08-06 03:17:21.755011,WITHDRAWAL,2813.77,BRANCH,Hong Kong,0
TXN_0008066,ACC_000858,ACC_000295,2026-04-07 09:39:00.755011,DEPOSIT,9030.58,BRANCH,UK,0
TXN_0008067,ACC_000976,ACC_000920,2026-04-23 14:41:49.755011,TRANSFER,32770.83,ATM,UK,0
TXN_0008068,ACC_000550,ACC_000618,2026-07-15 10:33:02.755011,TRANSFER,24607.64,ONLINE,Hong Kong,0
TXN_0008069,ACC_000708,ACC_000850,2026-07-24 12:26:17.755011,DEPOSIT,8443.9,ATM,UK,0
TXN_0008070,ACC_000643,ACC_000789,2026-05-06 03:39:16.755011,TRANSFER,5244.85,ONLINE,UK,0
TXN_0008071,ACC_000047,ACC_000695,2026-04-02 14:26:31.755011,PAYMENT,25260.93,ATM,USA,0
TXN_0008072,ACC_000889,ACC_000578,2026-08-06 02:44:54.755011,DEPOSIT,18208.32,MOBILE,Singapore,0
TXN_0008073,ACC_000846,ACC_000444,2026-08-05 08:54:06.755011,PAYMENT,3858.22,BRANCH,Singapore,0
TXN_0008074,ACC_000369,ACC_000746,2026-06-02 17:05:43.755011,WITHDRAWAL,3121.68,MOBILE,USA,0
TXN_0008075,ACC_000571,ACC_000332,2026-05-26 18:42:27.755011,DEPOSIT,673.96,MOBILE,India,0
TXN_0008076,ACC_000781,ACC_000394,2026-05-29 05:19:19.755011,WITHDRAWAL,9748.2,BRANCH,UAE,0
TXN_0008077,ACC_000318,ACC_000896,2026-05-24 07:13:05.755011,DEPOSIT,7337.57,ONLINE,USA,0
TXN_0008078,ACC_000180,ACC_000352,2026-03-17 21:35:20.755011,WITHDRAWAL,31679.65,MOBILE,Singapore,0
TXN_0008079,ACC_000869,ACC_000256,2026-05-12 14:16:20.755011,PAYMENT,12467.32,MOBILE,Singapore,0
TXN_0008080,ACC_000140,ACC_000600,2026-05-14 06:07:07.755011,WITHDRAWAL,40178.01,MOBILE,UK,0
TXN_0008081,ACC_000838,ACC_000122,2026-05-02 02:57:10.755011,WITHDRAWAL,3509.27,MOBILE,India,0
TXN_0008082,ACC_000395,ACC_000218,2026-07-30 03:55:34.755011,PAYMENT,31754.2,BRANCH,India,0
TXN_0008083,ACC_000343,ACC_000665,2026-08-31 01:43:46.755011,TRANSFER,4295.4,ONLINE,UAE,0
TXN_0008084,ACC_000664,ACC_000124,2026-05-22 22:48:22.755011,PAYMENT,20601.42,BRANCH,UK,0
TXN_0008085,ACC_000334,ACC_000578,2026-05-14 02:04:55.755011,WITHDRAWAL,1407.39,ATM,USA,0
TXN_0008086,ACC_000682,ACC_000196,2026-03-27 12:00:13.755011,PAYMENT,10744.64,ATM,UK,0
TXN_0008087,ACC_000630,ACC_000472,2026-07-15 02:57:16.755011,DEPOSIT,748.73,ONLINE,India,0
TXN_0008088,ACC_000111,ACC_000731,2026-08-21 14:29:42.755011,DEPOSIT,5880.72,BRANCH,Hong Kong,0
TXN_0008089,ACC_000964,ACC_000838,2026-05-03 15:37:04.755011,PAYMENT,13744.92,BRANCH,India,0
TXN_0008090,ACC_000639,ACC_000996,2026-06-21 09:19:29.755011,TRANSFER,4336.56,MOBILE,UAE,0
TXN_0008091,ACC_000265,ACC_000229,2026-03-26 18:09:02.755011,DEPOSIT,2297.27,MOBILE,Singapore,0
TXN_0008092,ACC_000211,ACC_000993,2026-07-02 20:03:58.755011,WITHDRAWAL,22367.01,BRANCH,Singapore,0
TXN_0008093,ACC_000547,ACC_000597,2026-06-15 19:27:32.755011,PAYMENT,7156.99,BRANCH,India,0
TXN_0008094,ACC_000093,ACC_000718,2026-07-28 15:12:01.755011,DEPOSIT,4503.07,BRANCH,Singapore,0
TXN_0008095,ACC_000324,ACC_000537,2026-07-26 15:58:17.755011,TRANSFER,8520.88,MOBILE,USA,0
TXN_0008096,ACC_000425,ACC_000650,2026-07-05 12:37:59.755011,WITHDRAWAL,191760.59,ATM,Hong Kong,0
TXN_0008097,ACC_000458,ACC_000858,2026-07-20 06:32:09.755011,TRANSFER,32344.63,ONLINE,UK,0
TXN_0008098,ACC_000138,ACC_000430,2026-03-20 01:01:09.755011,TRANSFER,32698.63,MOBILE,UK,0
TXN_0008099,ACC_000307,ACC_000064,2026-06-10 15:05:12.755011,PAYMENT,13665.85,MOBILE,UK,0
TXN_0008100,ACC_000781,ACC_000992,2026-06-19 21:11:58.755011,DEPOSIT,9894.97,BRANCH,UAE,0
TXN_0008101,ACC_000892,ACC_000861,2026-06-25 05:29:05.755011,TRANSFER,457.01,ATM,Singapore,0
TXN_0008102,ACC_000036,ACC_000508,2026-04-20 13:40:53.755011,PAYMENT,3587.55,BRANCH,USA,0
TXN_0008103,ACC_000712,ACC_000707,2026-06-16 11:28:36.755011,PAYMENT,4551.95,MOBILE,UAE,0
TXN_0008104,ACC_000176,ACC_000755,2026-03-28 15:35:46.755011,PAYMENT,854.17,MOBILE,UK,0
TXN_0008105,ACC_000207,ACC_000181,2026-04-09 22:39:54.755011,WITHDRAWAL,2020.5,ONLINE,Hong Kong,0
TXN_0008106,ACC_000327,ACC_000857,2026-05-13 22:41:38.755011,DEPOSIT,752.2,ONLINE,India,0
TXN_0008107,ACC_000831,ACC_000717,2026-04-11 05:56:30.755011,DEPOSIT,7738.87,MOBILE,USA,0
TXN_0008108,ACC_000803,ACC_000290,2026-08-31 05:52:04.755011,PAYMENT,21644.77,BRANCH,USA,0
TXN_0008109,ACC_000057,ACC_000158,2026-07-21 13:12:56.755011,PAYMENT,30580.85,ONLINE,Singapore,0
TXN_0008110,ACC_000980,ACC_000035,2026-08-29 18:19:56.755011,PAYMENT,13329.59,ONLINE,India,0
TXN_0008111,ACC_000874,ACC_000497,2026-03-08 00:30:25.755011,DEPOSIT,42633.13,ATM,UK,1
TXN_0008112,ACC_000287,ACC_000697,2026-04-16 18:42:26.755011,DEPOSIT,797.53,ONLINE,USA,0
TXN_0008113,ACC_000766,ACC_000385,2026-08-26 14:49:41.755011,PAYMENT,984.13,ATM,Hong Kong,0
TXN_0008114,ACC_000076,ACC_000728,2026-04-30 09:25:03.755011,DEPOSIT,1767.32,ATM,UAE,0
TXN_0008115,ACC_000966,ACC_000508,2026-07-14 09:24:54.755011,TRANSFER,2788.8,ATM,UK,0
TXN_0008116,ACC_000739,ACC_000740,2026-05-16 08:45:05.755011,TRANSFER,6689.55,MOBILE,Hong Kong,0
TXN_0008117,ACC_000234,ACC_000970,2026-07-26 17:37:15.755011,WITHDRAWAL,2399.47,ONLINE,Singapore,0
TXN_0008118,ACC_000685,ACC_000391,2026-04-14 21:47:52.755011,WITHDRAWAL,12170.51,ONLINE,UK,0
TXN_0008119,ACC_000675,ACC_000320,2026-08-08 16:43:30.755011,WITHDRAWAL,6131.97,ATM,Singapore,0
TXN_0008120,ACC_000770,ACC_000146,2026-08-26 01:04:36.755011,PAYMENT,8206.28,MOBILE,UK,0
TXN_0008121,ACC_000899,ACC_000173,2026-04-06 07:41:22.755011,WITHDRAWAL,31834.33,ONLINE,UK,0
TXN_0008122,ACC_000823,ACC_000833,2026-05-16 09:43:06.755011,PAYMENT,1965.93,ONLINE,Singapore,0
TXN_0008123,ACC_000232,ACC_000628,2026-03-29 23:20:16.755011,TRANSFER,13392.44,ONLINE,UK,0
TXN_0008124,ACC_000935,ACC_000619,2026-06-18 12:55:28.755011,PAYMENT,7968.35,BRANCH,UK,0
TXN_0008125,ACC_000202,ACC_000275,2026-04-08 12:39:20.755011,TRANSFER,5430.66,BRANCH,India,0
TXN_0008126,ACC_000576,ACC_000814,2026-05-27 18:58:52.755011,PAYMENT,23442.54,ATM,UK,0
TXN_0008127,ACC_000412,ACC_000246,2026-05-15 22:08:29.755011,WITHDRAWAL,23267.6,ONLINE,UAE,0
TXN_0008128,ACC_000267,ACC_000905,2026-06-23 12:46:30.755011,PAYMENT,2602.46,BRANCH,UK,0
TXN_0008129,ACC_000594,ACC_000574,2026-05-22 02:31:11.755011,TRANSFER,6512.04,ONLINE,UK,0
TXN_0008130,ACC_000729,ACC_000983,2026-06-10 06:52:48.755011,PAYMENT,11355.46,ATM,UAE,0
TXN_0008131,ACC_000997,ACC_000753,2026-07-06 13:58:05.755011,PAYMENT,5839.45,BRANCH,Hong Kong,0
TXN_0008132,ACC_000690,ACC_000296,2026-06-27 16:47:27.755011,TRANSFER,16350.69,MOBILE,UK,0
TXN_0008133,ACC_000380,ACC_000027,2026-08-30 23:26:50.755011,TRANSFER,11355.19,BRANCH,UK,0
TXN_0008134,ACC_000696,ACC_000859,2026-05-26 12:53:44.755011,DEPOSIT,73062.72,MOBILE,UK,0
TXN_0008135,ACC_000627,ACC_000650,2026-08-03 01:47:01.755011,TRANSFER,1291.64,BRANCH,UK,0
TXN_0008136,ACC_000889,ACC_000605,2026-05-23 12:48:07.755011,DEPOSIT,6995.88,ATM,USA,0
TXN_0008137,ACC_000187,ACC_000044,2026-05-02 16:08:06.755011,WITHDRAWAL,2723.84,ATM,India,0
TXN_0008138,ACC_000707,ACC_000066,2026-04-22 21:16:42.755011,TRANSFER,16729.5,ONLINE,Singapore,0
TXN_0008139,ACC_000859,ACC_000867,2026-06-06 14:20:19.755011,TRANSFER,1163.74,ATM,Singapore,0
TXN_0008140,ACC_000606,ACC_000081,2026-05-12 11:03:12.755011,TRANSFER,12278.13,MOBILE,Hong Kong,0
TXN_0008141,ACC_001000,ACC_000857,2026-03-17 01:22:05.755011,PAYMENT,3804.51,BRANCH,India,0
TXN_0008142,ACC_000222,ACC_000162,2026-04-04 12:06:37.755011,DEPOSIT,3357.68,ONLINE,UK,0
TXN_0008143,ACC_000135,ACC_000652,2026-08-04 06:22:35.755011,WITHDRAWAL,1428.25,MOBILE,UK,0
TXN_0008144,ACC_000756,ACC_000609,2026-04-27 04:35:42.755011,PAYMENT,4637.4,ATM,UK,0
TXN_0008145,ACC_000237,ACC_000708,2026-04-05 07:54:51.755011,PAYMENT,29774.29,ONLINE,India,0
TXN_0008146,ACC_000133,ACC_000459,2026-04-13 11:43:55.755011,PAYMENT,7861.82,ATM,UK,0
TXN_0008147,ACC_000063,ACC_000657,2026-05-11 02:34:08.755011,DEPOSIT,17209.49,ONLINE,Hong Kong,0
TXN_0008148,ACC_000236,ACC_000778,2026-05-11 15:20:14.755011,PAYMENT,59728.84,MOBILE,Singapore,0
TXN_0008149,ACC_000421,ACC_000189,2026-06-09 13:55:46.755011,WITHDRAWAL,11120.07,MOBILE,Singapore,0
TXN_0008150,ACC_000385,ACC_000293,2026-08-09 18:38:35.755011,TRANSFER,4144.1,BRANCH,Singapore,0
TXN_0008151,ACC_000221,ACC_000385,2026-05-16 22:20:02.755011,TRANSFER,14195.82,MOBILE,India,0
TXN_0008152,ACC_000658,ACC_000477,2026-03-07 12:20:10.755011,TRANSFER,4216.85,ONLINE,Singapore,0
TXN_0008153,ACC_000386,ACC_000057,2026-04-22 13:50:17.755011,PAYMENT,4423.53,BRANCH,USA,0
TXN_0008154,ACC_000993,ACC_000343,2026-07-25 12:41:29.755011,DEPOSIT,1307.84,BRANCH,Hong Kong,0
TXN_0008155,ACC_000502,ACC_000764,2026-03-20 20:00:12.755011,PAYMENT,24624.79,BRANCH,USA,0
TXN_0008156,ACC_000329,ACC_000832,2026-05-03 01:28:56.755011,DEPOSIT,5098.99,BRANCH,Singapore,0
TXN_0008157,ACC_000760,ACC_000187,2026-07-26 11:48:43.755011,WITHDRAWAL,10082.11,ATM,UAE,0
TXN_0008158,ACC_000443,ACC_000171,2026-04-30 17:01:09.755011,PAYMENT,2337.52,ATM,USA,0
TXN_0008159,ACC_000202,ACC_000535,2026-06-18 09:26:14.755011,TRANSFER,243535.78,ATM,UAE,1
TXN_0008160,ACC_000181,ACC_000740,2026-05-09 15:42:47.755011,PAYMENT,3247.6,ATM,UK,0
TXN_0008161,ACC_000395,ACC_000149,2026-03-12 21:20:20.755011,DEPOSIT,6835.94,ONLINE,UAE,0
TXN_0008162,ACC_000942,ACC_000838,2026-05-03 00:30:02.755011,TRANSFER,23234.45,ONLINE,UK,0
TXN_0008163,ACC_000319,ACC_000347,2026-04-09 19:35:54.755011,PAYMENT,20929.42,ATM,UAE,0
TXN_0008164,ACC_000398,ACC_000454,2026-04-25 07:49:10.755011,TRANSFER,135457.41,ATM,UAE,1
TXN_0008165,ACC_000896,ACC_000715,2026-08-30 04:57:23.755011,WITHDRAWAL,970.92,ONLINE,UK,0
TXN_0008166,ACC_000711,ACC_000989,2026-04-06 19:21:16.755011,PAYMENT,294011.07,ATM,Hong Kong,0
TXN_0008167,ACC_000946,ACC_000202,2026-04-30 12:13:32.755011,WITHDRAWAL,440757.68,ATM,USA,1
TXN_0008168,ACC_000521,ACC_000660,2026-06-02 05:14:13.755011,WITHDRAWAL,19287.45,ONLINE,Hong Kong,0
TXN_0008169,ACC_000625,ACC_000023,2026-09-03 07:36:58.755011,WITHDRAWAL,3281.83,ATM,India,0
TXN_0008170,ACC_000275,ACC_000349,2026-07-30 01:05:34.755011,DEPOSIT,7070.52,MOBILE,UAE,0
TXN_0008171,ACC_000717,ACC_000190,2026-06-14 06:07:04.755011,WITHDRAWAL,4221.29,BRANCH,USA,0
TXN_0008172,ACC_000715,ACC_000698,2026-07-29 08:40:16.755011,PAYMENT,36924.37,ONLINE,India,0
TXN_0008173,ACC_000432,ACC_000895,2026-06-24 02:49:30.755011,TRANSFER,11103.36,BRANCH,UAE,0
TXN_0008174,ACC_000846,ACC_000306,2026-06-13 03:02:02.755011,DEPOSIT,3162.14,BRANCH,UK,0
TXN_0008175,ACC_000772,ACC_000359,2026-07-07 19:36:03.755011,PAYMENT,4605.9,ONLINE,UK,0
TXN_0008176,ACC_000376,ACC_000978,2026-07-29 03:29:33.755011,DEPOSIT,31114.39,MOBILE,India,0
TXN_0008177,ACC_000391,ACC_000586,2026-08-04 04:42:48.755011,PAYMENT,55277.29,ATM,Singapore,0
TXN_0008178,ACC_000958,ACC_000677,2026-08-22 08:02:55.755011,TRANSFER,50716.06,ATM,UK,0
TXN_0008179,ACC_000700,ACC_000378,2026-07-17 00:24:45.755011,WITHDRAWAL,20099.26,ONLINE,India,0
TXN_0008180,ACC_000914,ACC_000769,2026-03-19 12:29:56.755011,WITHDRAWAL,5984.03,MOBILE,Hong Kong,0
TXN_0008181,ACC_000311,ACC_000074,2026-07-12 07:53:40.755011,PAYMENT,165.7,BRANCH,Hong Kong,0
TXN_0008182,ACC_000918,ACC_000661,2026-05-28 04:32:21.755011,TRANSFER,11574.87,MOBILE,India,0
TXN_0008183,ACC_000412,ACC_000310,2026-06-25 20:08:27.755011,DEPOSIT,8085.32,ONLINE,USA,0
TXN_0008184,ACC_000274,ACC_000175,2026-08-13 23:32:03.755011,WITHDRAWAL,9585.23,MOBILE,USA,0
TXN_0008185,ACC_000328,ACC_000278,2026-04-06 17:33:30.755011,PAYMENT,46264.67,ATM,Singapore,1
TXN_0008186,ACC_000226,ACC_000306,2026-05-03 17:34:26.755011,TRANSFER,1649.93,ATM,Singapore,0
TXN_0008187,ACC_000911,ACC_000863,2026-04-05 11:08:48.755011,WITHDRAWAL,15817.79,ATM,India,0
TXN_0008188,ACC_000344,ACC_000693,2026-03-20 01:49:15.755011,DEPOSIT,17303.42,ATM,Hong Kong,0
TXN_0008189,ACC_000936,ACC_000915,2026-07-05 16:17:20.755011,WITHDRAWAL,18376.11,ATM,Hong Kong,0
TXN_0008190,ACC_000191,ACC_000168,2026-03-22 14:44:14.755011,WITHDRAWAL,409061.05,ATM,Hong Kong,1
TXN_0008191,ACC_000283,ACC_000601,2026-05-24 11:51:23.755011,DEPOSIT,16728.38,MOBILE,Singapore,0
TXN_0008192,ACC_000446,ACC_000449,2026-03-19 10:48:49.755011,DEPOSIT,4954.07,MOBILE,UK,0
TXN_0008193,ACC_000643,ACC_000959,2026-05-26 18:30:07.755011,PAYMENT,7442.75,ONLINE,Singapore,0
TXN_0008194,ACC_000537,ACC_000082,2026-07-28 14:00:10.755011,TRANSFER,49252.81,ONLINE,Hong Kong,1
TXN_0008195,ACC_000302,ACC_000860,2026-04-02 17:12:08.755011,WITHDRAWAL,9221.01,ONLINE,UK,0
TXN_0008196,ACC_000305,ACC_000966,2026-07-09 18:29:57.755011,PAYMENT,26845.71,ONLINE,India,0
TXN_0008197,ACC_000315,ACC_000734,2026-06-09 03:04:57.755011,TRANSFER,17542.86,ONLINE,UK,0
TXN_0008198,ACC_000847,ACC_000056,2026-03-20 23:20:36.755011,TRANSFER,98008.76,BRANCH,USA,0
TXN_0008199,ACC_000074,ACC_000750,2026-07-19 00:04:10.755011,WITHDRAWAL,114435.06,ATM,India,0
TXN_0008200,ACC_000213,ACC_000017,2026-07-02 03:43:10.755011,DEPOSIT,8915.79,MOBILE,India,0
TXN_0008201,ACC_000134,ACC_000076,2026-03-24 02:00:36.755011,TRANSFER,81.13,BRANCH,India,0
TXN_0008202,ACC_000702,ACC_000991,2026-04-29 18:20:30.755011,PAYMENT,35746.19,ONLINE,India,0
TXN_0008203,ACC_000805,ACC_000010,2026-05-18 09:36:00.755011,PAYMENT,4236.74,ONLINE,UK,0
TXN_0008204,ACC_000467,ACC_000563,2026-06-15 04:28:25.755011,WITHDRAWAL,3097.09,ONLINE,Singapore,0
TXN_0008205,ACC_000441,ACC_000456,2026-08-04 03:07:27.755011,WITHDRAWAL,5023.42,ONLINE,UK,0
TXN_0008206,ACC_000234,ACC_000354,2026-06-16 21:35:23.755011,TRANSFER,4741.12,MOBILE,Singapore,0
TXN_0008207,ACC_000124,ACC_000273,2026-05-14 15:42:43.755011,PAYMENT,16894.17,BRANCH,Singapore,0
TXN_0008208,ACC_000067,ACC_000351,2026-04-06 18:29:06.755011,PAYMENT,1247.23,BRANCH,India,0
TXN_0008209,ACC_000126,ACC_000121,2026-05-11 12:05:26.755011,TRANSFER,2223.27,BRANCH,USA,0
TXN_0008210,ACC_000867,ACC_000099,2026-06-06 21:33:50.755011,WITHDRAWAL,12231.75,ATM,UK,0
TXN_0008211,ACC_000115,ACC_000037,2026-04-27 13:54:04.755011,DEPOSIT,17111.96,ONLINE,Hong Kong,0
TXN_0008212,ACC_000011,ACC_000647,2026-05-09 16:34:31.755011,WITHDRAWAL,17498.14,BRANCH,USA,0
TXN_0008213,ACC_000221,ACC_000125,2026-05-13 23:47:06.755011,TRANSFER,3151.26,BRANCH,USA,0
TXN_0008214,ACC_000192,ACC_000150,2026-03-21 21:44:10.755011,TRANSFER,2505.09,BRANCH,USA,0
TXN_0008215,ACC_000559,ACC_000664,2026-03-13 15:28:59.755011,WITHDRAWAL,4411.8,MOBILE,Hong Kong,0
TXN_0008216,ACC_000949,ACC_000021,2026-05-04 20:10:53.755011,DEPOSIT,10805.9,ONLINE,Hong Kong,0
TXN_0008217,ACC_000608,ACC_000132,2026-07-16 09:20:25.755011,WITHDRAWAL,48173.91,ATM,USA,0
TXN_0008218,ACC_000689,ACC_000016,2026-03-26 17:05:32.755011,PAYMENT,694.42,ONLINE,UAE,0
TXN_0008219,ACC_000276,ACC_000792,2026-08-04 13:43:50.755011,TRANSFER,96854.51,ONLINE,UAE,1
TXN_0008220,ACC_000118,ACC_000169,2026-06-13 12:53:01.755011,DEPOSIT,1637.27,ONLINE,UAE,0
TXN_0008221,ACC_000866,ACC_000812,2026-07-21 13:04:56.755011,PAYMENT,1115.78,BRANCH,UK,0
TXN_0008222,ACC_000728,ACC_000606,2026-05-11 14:18:49.755011,WITHDRAWAL,25857.29,ATM,UK,0
TXN_0008223,ACC_000306,ACC_000725,2026-04-13 16:33:48.755011,WITHDRAWAL,15576.98,ONLINE,USA,0
TXN_0008224,ACC_000661,ACC_000178,2026-04-27 01:34:15.755011,DEPOSIT,13895.5,ATM,UAE,0
TXN_0008225,ACC_000641,ACC_000610,2026-05-30 15:19:02.755011,DEPOSIT,24470.68,BRANCH,UK,0
TXN_0008226,ACC_000086,ACC_000039,2026-08-25 02:15:18.755011,WITHDRAWAL,4556.62,ONLINE,USA,0
TXN_0008227,ACC_000139,ACC_000716,2026-07-27 03:13:42.755011,DEPOSIT,4821.47,ATM,UK,0
TXN_0008228,ACC_000437,ACC_000505,2026-07-28 08:45:49.755011,DEPOSIT,111622.37,BRANCH,UAE,0
TXN_0008229,ACC_000395,ACC_000467,2026-07-14 05:55:45.755011,DEPOSIT,6027.66,ONLINE,India,0
TXN_0008230,ACC_000708,ACC_000913,2026-06-14 15:02:10.755011,PAYMENT,19577.94,MOBILE,India,0
TXN_0008231,ACC_000229,ACC_000649,2026-08-08 07:51:21.755011,WITHDRAWAL,8165.37,ONLINE,Hong Kong,0
TXN_0008232,ACC_000225,ACC_000196,2026-08-26 14:03:46.755011,TRANSFER,881.91,MOBILE,Singapore,0
TXN_0008233,ACC_000576,ACC_000185,2026-03-18 02:18:12.755011,PAYMENT,696.76,BRANCH,Singapore,0
TXN_0008234,ACC_000397,ACC_000659,2026-07-23 10:09:23.755011,PAYMENT,4044.93,ONLINE,India,0
TXN_0008235,ACC_000155,ACC_000604,2026-09-01 12:51:17.755011,WITHDRAWAL,28776.71,ONLINE,Hong Kong,0
TXN_0008236,ACC_000863,ACC_000895,2026-07-10 14:16:05.755011,DEPOSIT,20867.54,ONLINE,Hong Kong,0
TXN_0008237,ACC_000429,ACC_000974,2026-08-22 03:08:28.755011,DEPOSIT,24267.48,ONLINE,India,0
TXN_0008238,ACC_000568,ACC_000278,2026-03-11 07:50:16.755011,TRANSFER,2478.84,ATM,UAE,0
TXN_0008239,ACC_000185,ACC_000675,2026-06-25 18:06:00.755011,DEPOSIT,56333.63,BRANCH,Singapore,0
TXN_0008240,ACC_000022,ACC_000794,2026-05-26 11:05:59.755011,DEPOSIT,2545.62,ATM,USA,0
TXN_0008241,ACC_000610,ACC_000664,2026-06-28 17:04:15.755011,WITHDRAWAL,10460.79,ONLINE,Singapore,0
TXN_0008242,ACC_000659,ACC_000506,2026-05-24 23:44:43.755011,DEPOSIT,8003.04,ONLINE,Hong Kong,0
TXN_0008243,ACC_000539,ACC_000662,2026-03-11 07:22:05.755011,TRANSFER,6577.11,ONLINE,UK,0
TXN_0008244,ACC_000696,ACC_000624,2026-03-16 21:53:59.755011,TRANSFER,40388.91,ATM,India,0
TXN_0008245,ACC_000192,ACC_000370,2026-07-06 05:20:50.755011,TRANSFER,3476.8,ONLINE,UK,0
TXN_0008246,ACC_000951,ACC_000303,2026-05-18 11:00:18.755011,WITHDRAWAL,29467.25,ONLINE,UAE,1
TXN_0008247,ACC_000794,ACC_000070,2026-05-02 08:54:29.755011,PAYMENT,8299.87,MOBILE,USA,0
TXN_0008248,ACC_000050,ACC_000381,2026-05-22 15:59:10.755011,TRANSFER,5015.1,ATM,UAE,0
TXN_0008249,ACC_000625,ACC_000992,2026-06-28 22:26:30.755011,TRANSFER,466428.26,BRANCH,Singapore,0
TXN_0008250,ACC_000781,ACC_000646,2026-03-30 07:23:03.755011,TRANSFER,18247.97,MOBILE,UAE,0
TXN_0008251,ACC_000423,ACC_000506,2026-04-17 08:04:01.755011,WITHDRAWAL,4958.17,ONLINE,USA,0
TXN_0008252,ACC_000461,ACC_000454,2026-03-25 15:38:43.755011,WITHDRAWAL,2281.68,ONLINE,India,0
TXN_0008253,ACC_000450,ACC_000341,2026-05-31 00:27:09.755011,WITHDRAWAL,848.66,ONLINE,Hong Kong,0
TXN_0008254,ACC_000193,ACC_000846,2026-08-07 21:44:37.755011,DEPOSIT,13282.85,MOBILE,Hong Kong,1
TXN_0008255,ACC_000896,ACC_000108,2026-07-28 17:32:18.755011,WITHDRAWAL,9301.49,BRANCH,UK,0
TXN_0008256,ACC_000881,ACC_000136,2026-07-14 13:22:51.755011,PAYMENT,44927.01,MOBILE,India,0
TXN_0008257,ACC_000844,ACC_000573,2026-04-24 13:52:33.755011,DEPOSIT,31133.1,ONLINE,USA,0
TXN_0008258,ACC_000219,ACC_000435,2026-03-18 21:31:46.755011,DEPOSIT,10667.04,MOBILE,UAE,0
TXN_0008259,ACC_000369,ACC_000904,2026-08-19 13:53:31.755011,DEPOSIT,5498.33,BRANCH,UK,0
TXN_0008260,ACC_000814,ACC_000333,2026-08-04 08:58:26.755011,TRANSFER,11187.75,MOBILE,USA,0
TXN_0008261,ACC_000506,ACC_000292,2026-07-21 03:22:14.755011,PAYMENT,4348.71,ATM,Singapore,0
TXN_0008262,ACC_000175,ACC_000059,2026-03-27 18:48:48.755011,DEPOSIT,63706.18,ONLINE,Hong Kong,0
TXN_0008263,ACC_000553,ACC_000092,2026-06-11 02:40:43.755011,TRANSFER,6457.33,ONLINE,India,0
TXN_0008264,ACC_000822,ACC_000887,2026-04-04 06:57:01.755011,TRANSFER,7305.59,ATM,USA,0
TXN_0008265,ACC_000833,ACC_000787,2026-03-26 06:23:06.755011,DEPOSIT,567.37,ONLINE,UAE,0
TXN_0008266,ACC_000591,ACC_000476,2026-03-12 05:40:44.755011,WITHDRAWAL,6409.13,BRANCH,Hong Kong,0
TXN_0008267,ACC_000816,ACC_000363,2026-08-11 02:18:17.755011,TRANSFER,22109.9,BRANCH,Singapore,0
TXN_0008268,ACC_000511,ACC_000902,2026-03-11 01:11:52.755011,DEPOSIT,2250.11,MOBILE,UK,0
TXN_0008269,ACC_000050,ACC_000288,2026-07-01 19:40:34.755011,PAYMENT,3291.62,MOBILE,Hong Kong,0
TXN_0008270,ACC_000909,ACC_000409,2026-08-27 15:40:34.755011,TRANSFER,20978.5,BRANCH,Hong Kong,0
TXN_0008271,ACC_000173,ACC_000478,2026-07-19 08:13:15.755011,DEPOSIT,1377.48,ATM,Singapore,0
TXN_0008272,ACC_000276,ACC_000800,2026-05-12 13:49:52.755011,TRANSFER,28835.46,ATM,Hong Kong,0
TXN_0008273,ACC_000870,ACC_000185,2026-07-30 06:08:54.755011,WITHDRAWAL,4278.8,BRANCH,UK,0
TXN_0008274,ACC_000146,ACC_000925,2026-06-29 00:06:29.755011,TRANSFER,5083.31,MOBILE,Singapore,0
TXN_0008275,ACC_000411,ACC_000925,2026-08-11 10:03:00.755011,WITHDRAWAL,2103.47,ATM,USA,0
TXN_0008276,ACC_000282,ACC_000361,2026-06-02 19:15:35.755011,PAYMENT,12754.71,ONLINE,UAE,0
TXN_0008277,ACC_000555,ACC_000302,2026-04-21 18:14:54.755011,DEPOSIT,155103.26,BRANCH,India,0
TXN_0008278,ACC_000311,ACC_000262,2026-05-05 10:34:10.755011,PAYMENT,20698.09,ATM,Hong Kong,0
TXN_0008279,ACC_000926,ACC_000238,2026-06-01 03:04:51.755011,DEPOSIT,2872.27,ONLINE,UAE,0
TXN_0008280,ACC_000449,ACC_000348,2026-03-19 11:44:27.755011,PAYMENT,401465.74,BRANCH,UAE,1
TXN_0008281,ACC_000772,ACC_000222,2026-05-22 15:33:17.755011,TRANSFER,5541.3,ATM,Hong Kong,0
TXN_0008282,ACC_000587,ACC_000017,2026-07-23 10:10:16.755011,TRANSFER,42166.53,ATM,UK,0
TXN_0008283,ACC_000658,ACC_000499,2026-04-08 16:25:44.755011,WITHDRAWAL,21333.03,ATM,USA,0
TXN_0008284,ACC_000974,ACC_000675,2026-07-26 03:15:07.755011,TRANSFER,237.04,MOBILE,India,0
TXN_0008285,ACC_000983,ACC_000164,2026-08-28 17:42:10.755011,TRANSFER,2428.68,BRANCH,Singapore,0
TXN_0008286,ACC_000841,ACC_000536,2026-03-08 08:12:00.755011,DEPOSIT,25166.33,ONLINE,India,0
TXN_0008287,ACC_000438,ACC_000895,2026-08-27 16:51:34.755011,WITHDRAWAL,9720.46,BRANCH,UAE,0
TXN_0008288,ACC_000318,ACC_000133,2026-07-22 11:48:12.755011,WITHDRAWAL,2372.01,BRANCH,UK,0
TXN_0008289,ACC_000591,ACC_000224,2026-08-01 03:47:43.755011,WITHDRAWAL,3788.38,MOBILE,Hong Kong,0
TXN_0008290,ACC_000644,ACC_000675,2026-03-15 12:31:15.755011,WITHDRAWAL,822.64,MOBILE,Hong Kong,0
TXN_0008291,ACC_000239,ACC_000903,2026-07-19 08:00:55.755011,DEPOSIT,7287.76,ATM,UAE,0
TXN_0008292,ACC_000765,ACC_000260,2026-04-15 00:06:50.755011,DEPOSIT,115016.13,BRANCH,UAE,0
TXN_0008293,ACC_000123,ACC_000264,2026-06-17 01:15:53.755011,WITHDRAWAL,21288.45,BRANCH,India,0
TXN_0008294,ACC_000415,ACC_000813,2026-07-23 13:14:06.755011,WITHDRAWAL,112251.86,ATM,USA,0
TXN_0008295,ACC_000914,ACC_000229,2026-07-23 06:25:01.755011,TRANSFER,23362.24,MOBILE,Hong Kong,0
TXN_0008296,ACC_000491,ACC_000018,2026-03-11 18:21:47.755011,DEPOSIT,27805.11,ONLINE,UAE,0
TXN_0008297,ACC_000723,ACC_000540,2026-05-03 01:31:17.755011,DEPOSIT,86586.09,BRANCH,India,0
TXN_0008298,ACC_000528,ACC_000728,2026-03-19 12:34:06.755011,PAYMENT,12742.73,ATM,UK,0
TXN_0008299,ACC_000184,ACC_000621,2026-03-21 03:21:48.755011,PAYMENT,6472.56,MOBILE,UK,0
TXN_0008300,ACC_000521,ACC_000214,2026-03-24 08:21:50.755011,PAYMENT,27978.43,BRANCH,UAE,0
TXN_0008301,ACC_000667,ACC_000504,2026-05-05 13:19:24.755011,WITHDRAWAL,46379.29,ATM,UK,0
TXN_0008302,ACC_000937,ACC_000316,2026-08-10 08:16:46.755011,PAYMENT,4555.28,ATM,India,0
TXN_0008303,ACC_000365,ACC_000846,2026-06-30 23:12:53.755011,TRANSFER,3408.81,ONLINE,Singapore,0
TXN_0008304,ACC_000458,ACC_000888,2026-06-02 07:22:16.755011,WITHDRAWAL,9572.29,MOBILE,India,0
TXN_0008305,ACC_000195,ACC_000996,2026-05-08 18:21:44.755011,WITHDRAWAL,21978.03,BRANCH,Hong Kong,0
TXN_0008306,ACC_000393,ACC_000731,2026-08-13 09:12:57.755011,TRANSFER,21114.37,ATM,Singapore,0
TXN_0008307,ACC_000223,ACC_000399,2026-04-17 01:00:08.755011,TRANSFER,1467.04,MOBILE,USA,0
TXN_0008308,ACC_000365,ACC_000783,2026-06-07 01:39:58.755011,TRANSFER,740070.52,BRANCH,Hong Kong,1
TXN_0008309,ACC_000324,ACC_000448,2026-07-05 01:01:07.755011,DEPOSIT,3754.09,ONLINE,Hong Kong,0
TXN_0008310,ACC_000788,ACC_000814,2026-08-25 12:42:22.755011,PAYMENT,5895.37,MOBILE,Hong Kong,0
TXN_0008311,ACC_000559,ACC_000351,2026-05-05 01:16:27.755011,TRANSFER,2743.02,BRANCH,UAE,0
TXN_0008312,ACC_000698,ACC_000371,2026-06-02 18:23:11.755011,DEPOSIT,206487.39,BRANCH,USA,0
TXN_0008313,ACC_000070,ACC_000267,2026-05-21 13:49:11.755011,DEPOSIT,10834.44,ONLINE,India,0
TXN_0008314,ACC_000785,ACC_000089,2026-04-25 23:05:16.755011,DEPOSIT,2918.51,MOBILE,India,0
TXN_0008315,ACC_000063,ACC_000846,2026-03-19 03:37:30.755011,PAYMENT,22850.04,MOBILE,Singapore,0
TXN_0008316,ACC_000208,ACC_000927,2026-08-07 21:05:25.755011,WITHDRAWAL,20393.33,BRANCH,USA,0
TXN_0008317,ACC_000641,ACC_000827,2026-04-24 21:24:33.755011,DEPOSIT,6468.68,BRANCH,Singapore,0
TXN_0008318,ACC_000001,ACC_000138,2026-04-27 02:04:42.755011,PAYMENT,22219.56,MOBILE,Singapore,0
TXN_0008319,ACC_000353,ACC_000118,2026-05-01 10:31:37.755011,PAYMENT,3009.86,BRANCH,UK,0
TXN_0008320,ACC_000799,ACC_000131,2026-03-08 17:25:40.755011,PAYMENT,4485.02,BRANCH,UK,0
TXN_0008321,ACC_000791,ACC_000442,2026-07-10 16:23:49.755011,WITHDRAWAL,726.14,ATM,UAE,0
TXN_0008322,ACC_000386,ACC_000491,2026-07-15 02:27:44.755011,WITHDRAWAL,1654.51,BRANCH,USA,0
TXN_0008323,ACC_000258,ACC_000350,2026-08-02 08:36:12.755011,WITHDRAWAL,70909.31,ONLINE,USA,0
TXN_0008324,ACC_000650,ACC_000992,2026-06-28 21:24:38.755011,PAYMENT,58088.0,BRANCH,UK,0
TXN_0008325,ACC_000243,ACC_000409,2026-05-10 09:26:21.755011,WITHDRAWAL,8768.72,ATM,USA,0
TXN_0008326,ACC_000593,ACC_000269,2026-08-20 16:31:06.755011,DEPOSIT,59606.37,ONLINE,UK,0
TXN_0008327,ACC_000507,ACC_000887,2026-04-26 22:37:27.755011,DEPOSIT,6686.93,MOBILE,UAE,0
TXN_0008328,ACC_000206,ACC_000625,2026-07-21 01:24:47.755011,TRANSFER,6050.57,ONLINE,UAE,0
TXN_0008329,ACC_000395,ACC_000792,2026-06-06 10:28:30.755011,PAYMENT,8671.64,BRANCH,India,0
TXN_0008330,ACC_000524,ACC_000554,2026-04-23 01:33:28.755011,WITHDRAWAL,6975.05,ATM,UAE,0
TXN_0008331,ACC_000898,ACC_000362,2026-08-19 18:23:10.755011,PAYMENT,6258.93,MOBILE,Hong Kong,0
TXN_0008332,ACC_000026,ACC_000135,2026-08-05 13:57:09.755011,DEPOSIT,287519.79,ATM,UAE,1
TXN_0008333,ACC_000894,ACC_000868,2026-04-28 22:51:35.755011,PAYMENT,9702.73,MOBILE,India,0
TXN_0008334,ACC_000788,ACC_000266,2026-08-28 15:24:38.755011,TRANSFER,19052.97,MOBILE,Hong Kong,0
TXN_0008335,ACC_000395,ACC_000720,2026-06-17 10:30:19.755011,TRANSFER,27935.59,BRANCH,Singapore,0
TXN_0008336,ACC_000861,ACC_000262,2026-08-28 16:07:37.755011,PAYMENT,12910.85,BRANCH,USA,0
TXN_0008337,ACC_000477,ACC_000107,2026-08-10 19:40:13.755011,TRANSFER,2529.24,MOBILE,Singapore,0
TXN_0008338,ACC_000492,ACC_000801,2026-04-14 01:00:06.755011,TRANSFER,1598.08,MOBILE,Singapore,0
TXN_0008339,ACC_000414,ACC_000161,2026-08-25 23:16:38.755011,TRANSFER,9686.97,BRANCH,USA,0
TXN_0008340,ACC_000866,ACC_000088,2026-06-07 10:45:43.755011,PAYMENT,6597.81,BRANCH,USA,0
TXN_0008341,ACC_000716,ACC_000656,2026-03-11 08:32:37.755011,PAYMENT,8999.01,ONLINE,UAE,0
TXN_0008342,ACC_000408,ACC_000436,2026-03-30 06:03:54.755011,DEPOSIT,7948.47,ONLINE,Singapore,0
TXN_0008343,ACC_000691,ACC_000677,2026-07-30 11:07:00.755011,DEPOSIT,179923.74,BRANCH,Singapore,0
TXN_0008344,ACC_000177,ACC_000959,2026-05-22 19:56:27.755011,TRANSFER,1642.1,ATM,USA,0
TXN_0008345,ACC_000998,ACC_000645,2026-06-26 01:08:40.755011,PAYMENT,744.02,ATM,UK,0
TXN_0008346,ACC_000999,ACC_000912,2026-07-12 02:48:49.755011,DEPOSIT,12074.51,BRANCH,India,0
TXN_0008347,ACC_000863,ACC_000454,2026-06-03 23:29:11.755011,TRANSFER,33720.04,MOBILE,UAE,1
TXN_0008348,ACC_000472,ACC_000625,2026-05-16 05:35:07.755011,PAYMENT,11840.5,MOBILE,Singapore,0
TXN_0008349,ACC_000177,ACC_000197,2026-07-19 19:22:29.755011,WITHDRAWAL,16328.37,ATM,UAE,0
TXN_0008350,ACC_000804,ACC_000636,2026-03-12 11:45:40.755011,PAYMENT,37832.57,MOBILE,India,0
TXN_0008351,ACC_000245,ACC_000258,2026-06-01 04:31:20.755011,WITHDRAWAL,1327.87,MOBILE,USA,0
TXN_0008352,ACC_000838,ACC_000775,2026-06-08 08:16:58.755011,TRANSFER,72638.98,ONLINE,UK,1
TXN_0008353,ACC_000191,ACC_000879,2026-06-16 00:39:12.755011,PAYMENT,13555.04,ONLINE,UAE,0
TXN_0008354,ACC_000342,ACC_000087,2026-06-25 07:51:51.755011,DEPOSIT,20425.85,ONLINE,UAE,0
TXN_0008355,ACC_000446,ACC_000468,2026-06-03 00:39:24.755011,DEPOSIT,1953830.04,BRANCH,Hong Kong,1
TXN_0008356,ACC_000892,ACC_000120,2026-08-14 23:49:45.755011,PAYMENT,25510.48,ONLINE,Singapore,0
TXN_0008357,ACC_000321,ACC_000250,2026-05-04 06:38:32.755011,PAYMENT,7569.28,ATM,Singapore,0
TXN_0008358,ACC_000358,ACC_000331,2026-04-07 19:02:54.755011,TRANSFER,2783.54,ATM,UK,0
TXN_0008359,ACC_000941,ACC_000756,2026-07-20 07:04:05.755011,PAYMENT,4116.89,ONLINE,India,0
TXN_0008360,ACC_000971,ACC_000308,2026-05-11 23:01:08.755011,DEPOSIT,3978.88,BRANCH,UK,0
TXN_0008361,ACC_000071,ACC_000300,2026-07-01 03:33:11.755011,WITHDRAWAL,17788.02,BRANCH,Singapore,0
TXN_0008362,ACC_000720,ACC_000825,2026-03-25 23:11:18.755011,DEPOSIT,11030.25,ONLINE,UK,0
TXN_0008363,ACC_000743,ACC_000129,2026-07-13 05:20:50.755011,WITHDRAWAL,1655.11,ATM,USA,0
TXN_0008364,ACC_000273,ACC_000821,2026-08-29 00:36:00.755011,PAYMENT,4802.63,MOBILE,UK,0
TXN_0008365,ACC_000937,ACC_000885,2026-08-10 16:50:16.755011,PAYMENT,23226.68,BRANCH,Singapore,0
TXN_0008366,ACC_000703,ACC_000823,2026-06-15 14:02:35.755011,PAYMENT,12357.21,BRANCH,UAE,0
TXN_0008367,ACC_000648,ACC_000873,2026-05-27 21:26:09.755011,WITHDRAWAL,16032.51,MOBILE,Hong Kong,0
TXN_0008368,ACC_000520,ACC_000898,2026-06-27 23:58:57.755011,TRANSFER,12829.55,ONLINE,Hong Kong,0
TXN_0008369,ACC_000770,ACC_000136,2026-04-14 03:08:20.755011,DEPOSIT,57051.91,BRANCH,USA,0
TXN_0008370,ACC_000028,ACC_000387,2026-07-08 12:37:27.755011,TRANSFER,10756.35,MOBILE,USA,0
TXN_0008371,ACC_000302,ACC_000151,2026-06-28 04:43:06.755011,PAYMENT,5098.86,ONLINE,India,0
TXN_0008372,ACC_000273,ACC_000458,2026-04-10 10:16:39.755011,WITHDRAWAL,2700.23,ATM,Hong Kong,0
TXN_0008373,ACC_000350,ACC_000052,2026-07-07 22:20:39.755011,DEPOSIT,10932.89,BRANCH,UAE,0
TXN_0008374,ACC_000590,ACC_000593,2026-03-19 01:33:48.755011,PAYMENT,433.18,BRANCH,USA,0
TXN_0008375,ACC_000142,ACC_000954,2026-03-25 19:01:31.755011,TRANSFER,6495.42,ATM,UAE,0
TXN_0008376,ACC_000630,ACC_000518,2026-06-30 10:13:25.755011,PAYMENT,6329.6,ONLINE,India,0
TXN_0008377,ACC_000800,ACC_000683,2026-03-07 23:06:37.755011,WITHDRAWAL,1575.98,MOBILE,UK,0
TXN_0008378,ACC_000081,ACC_000446,2026-05-29 03:31:04.755011,TRANSFER,2660.0,BRANCH,UAE,0
TXN_0008379,ACC_000040,ACC_000318,2026-04-22 13:50:53.755011,TRANSFER,21409.48,ONLINE,UK,0
TXN_0008380,ACC_000277,ACC_000892,2026-07-20 19:16:22.755011,DEPOSIT,10687.76,ONLINE,India,0
TXN_0008381,ACC_000206,ACC_000122,2026-08-03 17:54:58.755011,WITHDRAWAL,9155.83,ATM,USA,0
TXN_0008382,ACC_000367,ACC_000506,2026-09-01 06:38:39.755011,WITHDRAWAL,11703.19,ATM,USA,0
TXN_0008383,ACC_000111,ACC_000123,2026-08-25 19:11:29.755011,WITHDRAWAL,9055.73,MOBILE,UAE,0
TXN_0008384,ACC_000757,ACC_000672,2026-07-08 01:26:02.755011,PAYMENT,36005.79,ONLINE,Hong Kong,0
TXN_0008385,ACC_000992,ACC_000111,2026-07-28 06:20:10.755011,DEPOSIT,9396.71,ONLINE,UAE,0
TXN_0008386,ACC_000389,ACC_000300,2026-04-22 02:00:26.755011,TRANSFER,1408.31,BRANCH,Hong Kong,0
TXN_0008387,ACC_000583,ACC_000132,2026-07-21 06:20:42.755011,TRANSFER,57305.73,MOBILE,UAE,0
TXN_0008388,ACC_000209,ACC_000806,2026-07-08 15:58:41.755011,DEPOSIT,12637.3,ONLINE,UAE,0
TXN_0008389,ACC_000077,ACC_000431,2026-08-27 06:06:36.755011,TRANSFER,72603.69,ONLINE,India,1
TXN_0008390,ACC_000678,ACC_000222,2026-08-14 12:04:03.755011,DEPOSIT,1800.68,ONLINE,UAE,0
TXN_0008391,ACC_000624,ACC_000307,2026-04-17 06:45:05.755011,WITHDRAWAL,13031.14,ATM,Hong Kong,0
TXN_0008392,ACC_000505,ACC_000213,2026-07-03 11:27:41.755011,PAYMENT,7040.21,ONLINE,India,0
TXN_0008393,ACC_000035,ACC_000969,2026-05-26 20:43:11.755011,TRANSFER,53582.41,MOBILE,USA,0
TXN_0008394,ACC_000646,ACC_000998,2026-08-10 14:26:36.755011,TRANSFER,5350.32,MOBILE,USA,0
TXN_0008395,ACC_000353,ACC_000989,2026-08-04 04:34:26.755011,DEPOSIT,2966.51,ATM,UK,0
TXN_0008396,ACC_000560,ACC_000760,2026-06-24 07:38:23.755011,TRANSFER,23740.92,MOBILE,UAE,0
TXN_0008397,ACC_000422,ACC_000283,2026-04-27 20:49:01.755011,WITHDRAWAL,24595.98,MOBILE,UK,0
TXN_0008398,ACC_000584,ACC_000750,2026-03-26 08:23:41.755011,PAYMENT,151264.54,ATM,Hong Kong,1
TXN_0008399,ACC_000341,ACC_000914,2026-08-18 05:35:19.755011,DEPOSIT,18244.67,MOBILE,India,0
TXN_0008400,ACC_000580,ACC_000210,2026-07-09 18:37:08.755011,WITHDRAWAL,7744.79,ATM,UAE,0
TXN_0008401,ACC_000241,ACC_000526,2026-03-07 17:56:35.755011,TRANSFER,10728.28,BRANCH,Singapore,0
TXN_0008402,ACC_000028,ACC_000640,2026-07-18 21:46:37.755011,WITHDRAWAL,32793.61,ATM,India,0
TXN_0008403,ACC_000693,ACC_000517,2026-08-31 22:02:06.755011,DEPOSIT,300086.55,ONLINE,UK,1
TXN_0008404,ACC_000621,ACC_000267,2026-04-13 04:31:35.755011,PAYMENT,6613.52,ONLINE,India,0
TXN_0008405,ACC_000544,ACC_000602,2026-06-15 10:07:38.755011,PAYMENT,622229.08,MOBILE,UAE,1
TXN_0008406,ACC_000496,ACC_000527,2026-05-09 11:10:24.755011,PAYMENT,474.46,ONLINE,USA,0
TXN_0008407,ACC_000464,ACC_000483,2026-04-18 02:03:09.755011,PAYMENT,95081.34,ONLINE,USA,0
TXN_0008408,ACC_000810,ACC_000569,2026-06-22 14:33:40.755011,DEPOSIT,1046.13,MOBILE,UAE,0
TXN_0008409,ACC_000064,ACC_000468,2026-07-19 19:36:11.755011,WITHDRAWAL,3818.03,BRANCH,UAE,0
TXN_0008410,ACC_000263,ACC_000999,2026-04-13 03:16:30.755011,TRANSFER,7714.82,MOBILE,Hong Kong,0
TXN_0008411,ACC_000281,ACC_000015,2026-09-02 22:10:41.755011,WITHDRAWAL,6796.91,ONLINE,Hong Kong,0
TXN_0008412,ACC_000249,ACC_000728,2026-03-27 01:40:47.755011,DEPOSIT,27110.96,ONLINE,Singapore,0
TXN_0008413,ACC_000039,ACC_000992,2026-03-07 22:04:05.755011,WITHDRAWAL,2276.96,MOBILE,UK,0
TXN_0008414,ACC_000742,ACC_000871,2026-03-28 15:47:45.755011,PAYMENT,11080.26,ATM,Hong Kong,0
TXN_0008415,ACC_000107,ACC_000009,2026-09-03 03:01:45.755011,WITHDRAWAL,4048.68,MOBILE,USA,0
TXN_0008416,ACC_000255,ACC_000717,2026-08-26 03:14:07.755011,DEPOSIT,11546.86,ATM,UK,0
TXN_0008417,ACC_000081,ACC_000279,2026-05-30 05:23:28.755011,WITHDRAWAL,7497.11,ONLINE,USA,0
TXN_0008418,ACC_000782,ACC_000709,2026-07-24 14:15:39.755011,DEPOSIT,9059.08,ONLINE,India,0
TXN_0008419,ACC_000627,ACC_000196,2026-03-18 19:59:02.755011,PAYMENT,4188.47,ONLINE,UK,0
TXN_0008420,ACC_000111,ACC_000509,2026-04-26 02:57:58.755011,DEPOSIT,4393.68,ONLINE,India,0
TXN_0008421,ACC_000316,ACC_000528,2026-08-19 17:03:41.755011,PAYMENT,11438.35,ATM,UK,0
TXN_0008422,ACC_000614,ACC_000416,2026-03-14 19:10:42.755011,WITHDRAWAL,25146.11,ATM,Hong Kong,0
TXN_0008423,ACC_000135,ACC_000127,2026-03-22 07:07:15.755011,DEPOSIT,3952.35,BRANCH,Hong Kong,0
TXN_0008424,ACC_000091,ACC_000939,2026-06-15 17:03:37.755011,TRANSFER,2856.86,ONLINE,India,0
TXN_0008425,ACC_000213,ACC_000225,2026-07-23 06:06:15.755011,TRANSFER,16918.32,ONLINE,Singapore,0
TXN_0008426,ACC_000391,ACC_000346,2026-08-14 18:37:38.755011,WITHDRAWAL,7793.11,BRANCH,Hong Kong,0
TXN_0008427,ACC_000192,ACC_000227,2026-04-24 04:18:39.755011,PAYMENT,21951.65,BRANCH,UAE,0
TXN_0008428,ACC_000247,ACC_000315,2026-05-03 10:34:50.755011,WITHDRAWAL,2732.69,BRANCH,USA,0
TXN_0008429,ACC_000024,ACC_000768,2026-06-13 13:59:33.755011,DEPOSIT,957.83,MOBILE,Hong Kong,0
TXN_0008430,ACC_000322,ACC_000205,2026-03-18 07:03:32.755011,TRANSFER,4274.38,MOBILE,Hong Kong,0
TXN_0008431,ACC_000630,ACC_000782,2026-03-08 21:37:01.755011,WITHDRAWAL,3230.45,ATM,UAE,0
TXN_0008432,ACC_000557,ACC_000237,2026-05-31 02:58:03.755011,DEPOSIT,7372.07,ATM,UK,0
TXN_0008433,ACC_000027,ACC_000717,2026-06-10 23:12:57.755011,DEPOSIT,29007.34,ATM,Singapore,1
TXN_0008434,ACC_000126,ACC_000977,2026-09-02 22:46:06.755011,TRANSFER,19716.68,MOBILE,UAE,0
TXN_0008435,ACC_000359,ACC_000759,2026-08-31 19:06:27.755011,DEPOSIT,5734.29,ONLINE,UK,0
TXN_0008436,ACC_000566,ACC_000320,2026-03-25 03:32:10.755011,WITHDRAWAL,9706.68,MOBILE,USA,0
TXN_0008437,ACC_000253,ACC_000642,2026-04-26 04:04:15.755011,WITHDRAWAL,9790.44,ATM,USA,0
TXN_0008438,ACC_000132,ACC_000565,2026-04-14 22:59:52.755011,WITHDRAWAL,10238.87,ATM,UK,0
TXN_0008439,ACC_000949,ACC_000659,2026-06-08 13:56:08.755011,PAYMENT,7871.82,ONLINE,Hong Kong,0
TXN_0008440,ACC_000159,ACC_000633,2026-08-27 12:00:59.755011,TRANSFER,14953.8,BRANCH,USA,0
TXN_0008441,ACC_000109,ACC_000670,2026-08-04 22:32:28.755011,PAYMENT,3118.83,MOBILE,USA,0
TXN_0008442,ACC_000344,ACC_000862,2026-07-06 20:21:45.755011,DEPOSIT,43447.19,ONLINE,USA,0
TXN_0008443,ACC_000982,ACC_000781,2026-05-16 22:19:02.755011,DEPOSIT,6100.68,ATM,Hong Kong,0
TXN_0008444,ACC_000224,ACC_000062,2026-03-19 05:18:30.755011,PAYMENT,1679.31,MOBILE,India,0
TXN_0008445,ACC_000119,ACC_000116,2026-03-10 09:58:00.755011,PAYMENT,10154.66,ONLINE,UK,0
TXN_0008446,ACC_000315,ACC_000190,2026-08-16 04:23:55.755011,TRANSFER,2917.79,MOBILE,USA,0
TXN_0008447,ACC_000515,ACC_000695,2026-06-08 07:20:06.755011,TRANSFER,18004.94,MOBILE,UK,0
TXN_0008448,ACC_000142,ACC_000757,2026-07-05 07:17:47.755011,PAYMENT,114866.6,BRANCH,Singapore,0
TXN_0008449,ACC_000130,ACC_000438,2026-07-13 17:40:56.755011,TRANSFER,3153.01,MOBILE,UAE,0
TXN_0008450,ACC_000958,ACC_000667,2026-07-06 10:14:59.755011,DEPOSIT,12074.45,BRANCH,Hong Kong,0
TXN_0008451,ACC_000688,ACC_000606,2026-05-24 16:29:12.755011,DEPOSIT,985.74,MOBILE,India,0
TXN_0008452,ACC_000016,ACC_000875,2026-05-13 23:18:37.755011,DEPOSIT,13970.26,BRANCH,UK,0
TXN_0008453,ACC_000463,ACC_000172,2026-05-20 07:28:30.755011,DEPOSIT,2799.35,BRANCH,USA,0
TXN_0008454,ACC_000519,ACC_000027,2026-05-26 05:55:13.755011,TRANSFER,3828.39,BRANCH,India,0
TXN_0008455,ACC_000885,ACC_000290,2026-07-05 01:39:20.755011,DEPOSIT,2161.28,MOBILE,India,0
TXN_0008456,ACC_000365,ACC_000651,2026-08-06 02:29:01.755011,PAYMENT,19508.03,ATM,India,0
TXN_0008457,ACC_000906,ACC_000864,2026-04-04 10:20:13.755011,DEPOSIT,27140.04,ONLINE,Hong Kong,0
TXN_0008458,ACC_000980,ACC_000717,2026-04-01 10:20:57.755011,WITHDRAWAL,8333.7,ATM,USA,0
TXN_0008459,ACC_000142,ACC_000216,2026-08-31 03:00:01.755011,TRANSFER,2871.78,MOBILE,USA,0
TXN_0008460,ACC_000917,ACC_000973,2026-05-25 08:30:06.755011,TRANSFER,54580.26,BRANCH,Singapore,0
TXN_0008461,ACC_000901,ACC_000681,2026-07-06 03:16:50.755011,DEPOSIT,3292.85,MOBILE,Hong Kong,0
TXN_0008462,ACC_000424,ACC_000597,2026-08-24 21:14:04.755011,DEPOSIT,605.2,ONLINE,Singapore,0
TXN_0008463,ACC_000540,ACC_000827,2026-07-02 16:12:23.755011,WITHDRAWAL,14045.63,ONLINE,India,0
TXN_0008464,ACC_000559,ACC_000925,2026-06-11 09:42:31.755011,DEPOSIT,2152.25,ATM,USA,0
TXN_0008465,ACC_000202,ACC_000507,2026-08-31 20:19:51.755011,TRANSFER,26537.94,MOBILE,Hong Kong,0
TXN_0008466,ACC_000529,ACC_000411,2026-09-02 13:32:25.755011,TRANSFER,5128.84,ATM,Singapore,0
TXN_0008467,ACC_000413,ACC_000891,2026-04-17 06:51:09.755011,PAYMENT,16721.59,MOBILE,UK,0
TXN_0008468,ACC_000739,ACC_000293,2026-06-19 21:04:24.755011,DEPOSIT,43555.9,ATM,Singapore,0
TXN_0008469,ACC_000473,ACC_000663,2026-05-01 01:21:47.755011,DEPOSIT,1899.54,MOBILE,India,0
TXN_0008470,ACC_000366,ACC_000662,2026-03-11 22:34:03.755011,DEPOSIT,4108.76,ONLINE,India,0
TXN_0008471,ACC_000866,ACC_000510,2026-08-13 12:34:27.755011,WITHDRAWAL,7399.7,MOBILE,UK,0
TXN_0008472,ACC_000751,ACC_000500,2026-04-06 18:47:50.755011,WITHDRAWAL,51280.28,MOBILE,USA,0
TXN_0008473,ACC_000453,ACC_000623,2026-04-21 07:54:18.755011,PAYMENT,3677.32,BRANCH,Singapore,0
TXN_0008474,ACC_000294,ACC_000317,2026-03-17 14:10:35.755011,DEPOSIT,3970.29,BRANCH,India,0
TXN_0008475,ACC_000078,ACC_000417,2026-06-17 05:13:41.755011,TRANSFER,14382.52,ATM,Hong Kong,0
TXN_0008476,ACC_000661,ACC_000226,2026-06-01 00:06:48.755011,WITHDRAWAL,4053.46,BRANCH,Singapore,0
TXN_0008477,ACC_000449,ACC_000996,2026-05-27 13:20:51.755011,WITHDRAWAL,9730.6,MOBILE,Hong Kong,0
TXN_0008478,ACC_000241,ACC_000709,2026-08-28 10:39:13.755011,PAYMENT,1259.1,ONLINE,Hong Kong,0
TXN_0008479,ACC_000926,ACC_000533,2026-08-10 10:12:53.755011,TRANSFER,115519.65,MOBILE,Singapore,0
TXN_0008480,ACC_000292,ACC_000124,2026-08-20 11:30:17.755011,PAYMENT,1608.0,MOBILE,UK,0
TXN_0008481,ACC_000649,ACC_000361,2026-08-24 06:28:15.755011,WITHDRAWAL,5507.67,BRANCH,UAE,0
TXN_0008482,ACC_000031,ACC_000742,2026-08-11 04:42:47.755011,DEPOSIT,7793.32,ONLINE,Singapore,0
TXN_0008483,ACC_000057,ACC_000853,2026-07-10 02:43:43.755011,WITHDRAWAL,80436.7,MOBILE,UK,0
TXN_0008484,ACC_000073,ACC_000497,2026-03-12 15:59:32.755011,PAYMENT,32831.8,ONLINE,UK,1
TXN_0008485,ACC_000177,ACC_000985,2026-06-06 20:58:30.755011,WITHDRAWAL,87592.0,ATM,India,0
TXN_0008486,ACC_000642,ACC_000568,2026-06-27 01:23:12.755011,WITHDRAWAL,20102.76,BRANCH,Singapore,0
TXN_0008487,ACC_000054,ACC_000376,2026-04-26 15:00:37.755011,WITHDRAWAL,13366.6,MOBILE,Hong Kong,0
TXN_0008488,ACC_000335,ACC_000872,2026-04-08 00:47:00.755011,TRANSFER,2486.02,BRANCH,Singapore,0
TXN_0008489,ACC_000364,ACC_000442,2026-06-18 17:24:35.755011,WITHDRAWAL,16080.61,ATM,Hong Kong,0
TXN_0008490,ACC_000160,ACC_000778,2026-08-31 15:48:45.755011,WITHDRAWAL,3400.97,ATM,Singapore,0
TXN_0008491,ACC_000763,ACC_000139,2026-06-13 13:53:44.755011,PAYMENT,37048.88,ONLINE,USA,0
TXN_0008492,ACC_000075,ACC_000004,2026-04-29 21:37:15.755011,DEPOSIT,2526.84,MOBILE,UAE,0
TXN_0008493,ACC_000166,ACC_000386,2026-06-04 07:42:23.755011,WITHDRAWAL,7074.2,ATM,Hong Kong,0
TXN_0008494,ACC_000898,ACC_000704,2026-08-15 08:46:24.755011,TRANSFER,4161.67,MOBILE,UAE,0
TXN_0008495,ACC_000638,ACC_000422,2026-03-16 14:35:25.755011,DEPOSIT,2477.42,ATM,Singapore,0
TXN_0008496,ACC_000057,ACC_000588,2026-03-13 23:26:38.755011,PAYMENT,19723.85,ATM,India,0
TXN_0008497,ACC_000400,ACC_000738,2026-05-12 23:07:28.755011,PAYMENT,15406.59,ATM,India,0
TXN_0008498,ACC_000433,ACC_000746,2026-03-07 16:04:40.755011,WITHDRAWAL,34572.44,ONLINE,Singapore,0
TXN_0008499,ACC_000933,ACC_000644,2026-05-21 20:33:04.755011,TRANSFER,957.33,MOBILE,UAE,0
TXN_0008500,ACC_000686,ACC_000360,2026-04-29 09:10:34.755011,PAYMENT,29056.71,ATM,Singapore,0
TXN_0008501,ACC_000271,ACC_000074,2026-08-30 13:52:06.755011,TRANSFER,163822.48,ONLINE,India,0
TXN_0008502,ACC_000175,ACC_000034,2026-07-17 00:02:45.755011,DEPOSIT,4712.77,BRANCH,Singapore,0
TXN_0008503,ACC_000060,ACC_000971,2026-05-04 05:25:49.755011,DEPOSIT,78761.4,ATM,USA,0
TXN_0008504,ACC_000857,ACC_000372,2026-03-26 05:14:24.755011,TRANSFER,5908.85,BRANCH,UK,0
TXN_0008505,ACC_000485,ACC_000605,2026-05-19 12:48:48.755011,PAYMENT,1561.04,BRANCH,India,0
TXN_0008506,ACC_000363,ACC_000240,2026-05-30 00:56:45.755011,TRANSFER,5615.25,MOBILE,Hong Kong,0
TXN_0008507,ACC_000921,ACC_000183,2026-04-28 23:38:03.755011,PAYMENT,28505.28,ONLINE,Singapore,0
TXN_0008508,ACC_000294,ACC_000223,2026-08-29 15:06:10.755011,TRANSFER,2963.68,ONLINE,Singapore,0
TXN_0008509,ACC_000147,ACC_000575,2026-04-08 16:33:56.755011,DEPOSIT,3942.59,MOBILE,UAE,0
TXN_0008510,ACC_000892,ACC_000341,2026-07-01 11:24:44.755011,PAYMENT,16518.68,BRANCH,Singapore,0
TXN_0008511,ACC_000554,ACC_000746,2026-04-08 09:13:07.755011,DEPOSIT,8132.89,ONLINE,India,0
TXN_0008512,ACC_000908,ACC_000708,2026-05-22 13:23:17.755011,DEPOSIT,16342.88,BRANCH,USA,0
TXN_0008513,ACC_000897,ACC_000529,2026-08-02 14:50:09.755011,TRANSFER,10779.44,ONLINE,India,0
TXN_0008514,ACC_000034,ACC_000669,2026-04-16 13:58:39.755011,WITHDRAWAL,14408.17,ATM,Hong Kong,0
TXN_0008515,ACC_000968,ACC_000213,2026-04-05 15:58:35.755011,PAYMENT,4823.42,MOBILE,USA,0
TXN_0008516,ACC_000506,ACC_000344,2026-06-05 20:16:48.755011,TRANSFER,10700.84,MOBILE,UK,0
TXN_0008517,ACC_000031,ACC_000408,2026-08-10 04:09:47.755011,PAYMENT,2662.85,ATM,UK,0
TXN_0008518,ACC_000625,ACC_000409,2026-07-17 18:00:46.755011,WITHDRAWAL,38029.61,BRANCH,India,0
TXN_0008519,ACC_000949,ACC_000958,2026-03-28 18:04:20.755011,PAYMENT,3785.26,BRANCH,India,0
TXN_0008520,ACC_000376,ACC_000333,2026-07-29 20:23:52.755011,WITHDRAWAL,31401.69,ATM,Singapore,0
TXN_0008521,ACC_000675,ACC_000603,2026-04-14 14:19:30.755011,DEPOSIT,6122.17,ONLINE,USA,0
TXN_0008522,ACC_000305,ACC_000687,2026-08-26 02:08:03.755011,DEPOSIT,10325.78,ONLINE,Hong Kong,0
TXN_0008523,ACC_000763,ACC_000777,2026-08-15 11:44:04.755011,TRANSFER,4474.02,MOBILE,Singapore,0
TXN_0008524,ACC_000052,ACC_000153,2026-03-21 14:38:47.755011,DEPOSIT,2394.2,MOBILE,UK,0
TXN_0008525,ACC_000767,ACC_000046,2026-06-29 10:42:49.755011,WITHDRAWAL,998.53,ATM,Singapore,0
TXN_0008526,ACC_000171,ACC_000633,2026-03-13 21:26:43.755011,DEPOSIT,2283.83,BRANCH,India,0
TXN_0008527,ACC_000330,ACC_000424,2026-04-16 09:11:12.755011,PAYMENT,5493.44,ATM,Singapore,0
TXN_0008528,ACC_000281,ACC_000407,2026-07-31 16:22:10.755011,WITHDRAWAL,10448.93,MOBILE,Singapore,0
TXN_0008529,ACC_000779,ACC_000919,2026-06-19 19:03:24.755011,WITHDRAWAL,27240.37,ONLINE,India,0
TXN_0008530,ACC_000934,ACC_000415,2026-03-13 13:17:32.755011,WITHDRAWAL,4746.16,BRANCH,Hong Kong,0
TXN_0008531,ACC_000191,ACC_000690,2026-08-21 17:50:33.755011,DEPOSIT,2811.99,BRANCH,UAE,0
TXN_0008532,ACC_000079,ACC_000834,2026-03-29 20:42:06.755011,DEPOSIT,1434.74,MOBILE,India,0
TXN_0008533,ACC_000729,ACC_000176,2026-07-02 12:15:21.755011,DEPOSIT,14415.75,ATM,UAE,0
TXN_0008534,ACC_000299,ACC_000967,2026-07-01 08:38:05.755011,PAYMENT,42609.54,ATM,USA,0
TXN_0008535,ACC_000146,ACC_000947,2026-07-03 07:34:51.755011,WITHDRAWAL,37034.17,ATM,UAE,0
TXN_0008536,ACC_000454,ACC_000339,2026-06-22 15:24:27.755011,DEPOSIT,18994.78,BRANCH,India,0
TXN_0008537,ACC_000696,ACC_000497,2026-05-19 03:46:04.755011,PAYMENT,17435.3,ATM,Hong Kong,0
TXN_0008538,ACC_000952,ACC_000373,2026-08-31 21:27:03.755011,PAYMENT,62140.21,BRANCH,Singapore,0
TXN_0008539,ACC_000574,ACC_000222,2026-06-29 02:49:10.755011,PAYMENT,12070.23,MOBILE,India,0
TXN_0008540,ACC_000834,ACC_000822,2026-07-27 19:29:17.755011,PAYMENT,17594.75,BRANCH,UAE,0
TXN_0008541,ACC_000651,ACC_000116,2026-08-19 13:41:33.755011,WITHDRAWAL,5514.08,ATM,Singapore,0
TXN_0008542,ACC_000392,ACC_000660,2026-05-25 06:18:54.755011,TRANSFER,1580.58,ONLINE,Singapore,0
TXN_0008543,ACC_000344,ACC_000245,2026-05-27 10:49:29.755011,TRANSFER,3566.65,ONLINE,India,0
TXN_0008544,ACC_000497,ACC_000374,2026-04-04 06:04:53.755011,TRANSFER,8014.51,ATM,Hong Kong,0
TXN_0008545,ACC_000017,ACC_000288,2026-08-12 13:35:52.755011,DEPOSIT,8716.23,ONLINE,UAE,0
TXN_0008546,ACC_000241,ACC_000917,2026-03-14 09:15:01.755011,PAYMENT,81759.97,BRANCH,India,0
TXN_0008547,ACC_000115,ACC_000222,2026-07-17 22:26:39.755011,DEPOSIT,8933.22,MOBILE,Singapore,0
TXN_0008548,ACC_000848,ACC_000583,2026-06-12 07:46:03.755011,PAYMENT,33343.3,ATM,Hong Kong,0
TXN_0008549,ACC_000742,ACC_000721,2026-05-25 14:49:54.755011,WITHDRAWAL,4807.38,MOBILE,UK,0
TXN_0008550,ACC_000427,ACC_000760,2026-08-14 07:36:28.755011,PAYMENT,5574.67,ATM,Hong Kong,0
TXN_0008551,ACC_000963,ACC_000405,2026-04-24 08:05:14.755011,PAYMENT,1644.5,ATM,UK,0
TXN_0008552,ACC_000179,ACC_000818,2026-06-06 23:38:40.755011,TRANSFER,3324.94,MOBILE,UAE,0
TXN_0008553,ACC_000932,ACC_000684,2026-07-07 22:01:00.755011,DEPOSIT,15250.65,ONLINE,Hong Kong,0
TXN_0008554,ACC_000819,ACC_000519,2026-06-29 22:28:35.755011,TRANSFER,8176.93,ONLINE,UK,0
TXN_0008555,ACC_000237,ACC_000404,2026-04-16 19:46:14.755011,PAYMENT,25122.68,BRANCH,USA,0
TXN_0008556,ACC_000849,ACC_000131,2026-08-05 11:28:54.755011,PAYMENT,96005.11,BRANCH,UK,1
TXN_0008557,ACC_000400,ACC_000501,2026-04-02 21:17:51.755011,PAYMENT,5308.45,ATM,Hong Kong,0
TXN_0008558,ACC_000496,ACC_000184,2026-07-22 13:34:33.755011,PAYMENT,106719.19,ATM,India,0
TXN_0008559,ACC_000244,ACC_000150,2026-05-14 02:19:10.755011,WITHDRAWAL,7239.56,ONLINE,India,0
TXN_0008560,ACC_000593,ACC_000193,2026-08-22 10:42:22.755011,PAYMENT,32715.4,BRANCH,UK,0
TXN_0008561,ACC_000722,ACC_000682,2026-03-24 00:49:34.755011,DEPOSIT,5006.78,MOBILE,Hong Kong,0
TXN_0008562,ACC_000005,ACC_000560,2026-08-06 04:30:20.755011,DEPOSIT,114444.16,ATM,UK,1
TXN_0008563,ACC_000333,ACC_000900,2026-08-06 13:22:50.755011,TRANSFER,24676.8,ATM,USA,0
TXN_0008564,ACC_000833,ACC_000739,2026-05-29 04:50:26.755011,TRANSFER,10406.55,MOBILE,Singapore,0
TXN_0008565,ACC_000657,ACC_000589,2026-04-05 09:12:24.755011,DEPOSIT,480.4,BRANCH,Hong Kong,0
TXN_0008566,ACC_000068,ACC_001000,2026-06-08 10:56:23.755011,TRANSFER,8282.52,ONLINE,USA,0
TXN_0008567,ACC_000675,ACC_000004,2026-04-02 14:24:34.755011,DEPOSIT,35473.88,ATM,USA,0
TXN_0008568,ACC_000597,ACC_000727,2026-03-30 12:10:54.755011,TRANSFER,15259.8,MOBILE,Singapore,0
TXN_0008569,ACC_000882,ACC_000056,2026-05-17 07:51:41.755011,DEPOSIT,13835.69,ATM,Singapore,0
TXN_0008570,ACC_000879,ACC_000521,2026-07-14 11:29:02.755011,WITHDRAWAL,1025.87,ONLINE,Singapore,0
TXN_0008571,ACC_000891,ACC_000431,2026-07-28 15:41:32.755011,WITHDRAWAL,3413.37,MOBILE,UAE,0
TXN_0008572,ACC_000595,ACC_000078,2026-07-31 12:45:45.755011,DEPOSIT,13274.88,BRANCH,UAE,0
TXN_0008573,ACC_000759,ACC_000189,2026-03-19 09:25:58.755011,PAYMENT,13259.37,ATM,Singapore,0
TXN_0008574,ACC_000586,ACC_000727,2026-05-05 22:46:35.755011,WITHDRAWAL,34807.92,ONLINE,UK,0
TXN_0008575,ACC_000005,ACC_000756,2026-07-14 21:48:33.755011,WITHDRAWAL,6810.09,ATM,Hong Kong,0
TXN_0008576,ACC_000304,ACC_000622,2026-04-06 13:48:31.755011,TRANSFER,13187.03,BRANCH,USA,0
TXN_0008577,ACC_000510,ACC_000480,2026-03-30 16:39:33.755011,DEPOSIT,8263.88,MOBILE,Hong Kong,0
TXN_0008578,ACC_000186,ACC_000149,2026-04-05 04:25:22.755011,TRANSFER,2479.14,ATM,Hong Kong,0
TXN_0008579,ACC_000111,ACC_000830,2026-07-10 20:18:42.755011,DEPOSIT,540.8,ATM,UAE,0
TXN_0008580,ACC_000895,ACC_000822,2026-07-27 17:09:59.755011,TRANSFER,13591.66,ATM,UK,0
TXN_0008581,ACC_000465,ACC_000335,2026-03-27 15:34:00.755011,TRANSFER,9983.98,ONLINE,Hong Kong,0
TXN_0008582,ACC_000554,ACC_000243,2026-05-17 09:45:48.755011,WITHDRAWAL,3859.1,ONLINE,UAE,0
TXN_0008583,ACC_000173,ACC_000486,2026-04-22 02:58:15.755011,TRANSFER,1160.95,ONLINE,UK,0
TXN_0008584,ACC_000979,ACC_000331,2026-07-28 09:19:14.755011,TRANSFER,17252.07,ATM,UK,0
TXN_0008585,ACC_000207,ACC_000689,2026-07-27 13:49:45.755011,WITHDRAWAL,5889.32,ATM,India,0
TXN_0008586,ACC_000620,ACC_000690,2026-03-22 13:53:36.755011,TRANSFER,15807.66,BRANCH,USA,0
TXN_0008587,ACC_000778,ACC_000357,2026-04-14 10:38:11.755011,WITHDRAWAL,75876.19,BRANCH,Hong Kong,0
TXN_0008588,ACC_000893,ACC_000267,2026-05-16 01:55:07.755011,PAYMENT,620.35,ATM,Hong Kong,0
TXN_0008589,ACC_000171,ACC_000332,2026-08-29 02:51:46.755011,WITHDRAWAL,3499.86,ONLINE,Singapore,0
TXN_0008590,ACC_000586,ACC_000988,2026-06-21 04:41:42.755011,PAYMENT,6302.8,ATM,India,0
TXN_0008591,ACC_000137,ACC_000584,2026-06-20 04:53:47.755011,WITHDRAWAL,46434.19,MOBILE,UAE,0
TXN_0008592,ACC_000952,ACC_000525,2026-04-10 04:42:20.755011,WITHDRAWAL,1137.19,MOBILE,Singapore,0
TXN_0008593,ACC_000428,ACC_000587,2026-06-23 13:17:53.755011,TRANSFER,82704.83,ONLINE,Singapore,0
TXN_0008594,ACC_000965,ACC_000301,2026-05-18 03:26:35.755011,PAYMENT,9537.89,ONLINE,UK,0
TXN_0008595,ACC_000429,ACC_000347,2026-07-27 03:30:43.755011,TRANSFER,7221.36,ATM,USA,0
TXN_0008596,ACC_000114,ACC_000806,2026-05-30 15:54:02.755011,PAYMENT,6388.97,BRANCH,Singapore,0
TXN_0008597,ACC_000396,ACC_000084,2026-08-19 06:20:03.755011,DEPOSIT,4800.54,ONLINE,Singapore,0
TXN_0008598,ACC_000280,ACC_000247,2026-05-08 08:25:22.755011,PAYMENT,28502.3,BRANCH,Hong Kong,0
TXN_0008599,ACC_000685,ACC_000813,2026-07-31 13:15:15.755011,PAYMENT,2247.95,BRANCH,Singapore,0
TXN_0008600,ACC_000718,ACC_000266,2026-06-12 04:39:58.755011,DEPOSIT,12264.9,ONLINE,Singapore,0
TXN_0008601,ACC_000875,ACC_000384,2026-09-01 00:34:41.755011,PAYMENT,5110.14,ONLINE,USA,0
TXN_0008602,ACC_000542,ACC_000835,2026-08-07 18:07:31.755011,WITHDRAWAL,3246.85,ONLINE,Hong Kong,0
TXN_0008603,ACC_000789,ACC_000462,2026-07-06 04:51:31.755011,PAYMENT,180443.0,BRANCH,Singapore,0
TXN_0008604,ACC_000092,ACC_000568,2026-08-20 07:14:35.755011,DEPOSIT,77565.82,ATM,UAE,1
TXN_0008605,ACC_000775,ACC_000109,2026-07-05 01:12:42.755011,DEPOSIT,16914.37,BRANCH,UAE,0
TXN_0008606,ACC_000464,ACC_000322,2026-07-08 08:11:16.755011,DEPOSIT,31739.97,MOBILE,Singapore,0
TXN_0008607,ACC_000905,ACC_000120,2026-03-10 05:36:45.755011,PAYMENT,26981.4,MOBILE,UK,1
TXN_0008608,ACC_000464,ACC_000998,2026-03-30 21:30:47.755011,WITHDRAWAL,66353.4,MOBILE,India,0
TXN_0008609,ACC_000106,ACC_000445,2026-08-17 04:07:05.755011,TRANSFER,399.12,MOBILE,Hong Kong,0
TXN_0008610,ACC_000751,ACC_000925,2026-08-18 16:14:01.755011,WITHDRAWAL,3221.11,ONLINE,USA,0
TXN_0008611,ACC_000129,ACC_000866,2026-06-05 23:04:36.755011,DEPOSIT,4671.16,BRANCH,UK,0
TXN_0008612,ACC_000429,ACC_000839,2026-05-31 21:40:27.755011,TRANSFER,16286.11,MOBILE,India,0
TXN_0008613,ACC_000957,ACC_000676,2026-05-15 13:10:00.755011,TRANSFER,10535.04,MOBILE,Singapore,0
TXN_0008614,ACC_000749,ACC_000058,2026-07-16 23:10:56.755011,PAYMENT,6633.07,MOBILE,Hong Kong,0
TXN_0008615,ACC_000774,ACC_000536,2026-06-13 22:18:34.755011,PAYMENT,7987.26,ATM,India,0
TXN_0008616,ACC_000633,ACC_000635,2026-04-05 07:28:25.755011,DEPOSIT,2505.82,BRANCH,UAE,0
TXN_0008617,ACC_000881,ACC_000317,2026-08-14 06:25:37.755011,PAYMENT,1343.89,MOBILE,UAE,0
TXN_0008618,ACC_000374,ACC_000633,2026-07-15 18:50:59.755011,TRANSFER,19376.45,BRANCH,Singapore,0
TXN_0008619,ACC_000371,ACC_000525,2026-06-14 22:20:00.755011,DEPOSIT,18628.49,ATM,USA,0
TXN_0008620,ACC_000715,ACC_000277,2026-07-11 03:02:46.755011,PAYMENT,54251.9,BRANCH,Hong Kong,0
TXN_0008621,ACC_000415,ACC_000181,2026-05-28 04:47:06.755011,DEPOSIT,3140.0,ONLINE,India,0
TXN_0008622,ACC_000989,ACC_000828,2026-03-29 23:06:25.755011,DEPOSIT,18608.58,MOBILE,USA,0
TXN_0008623,ACC_000341,ACC_000356,2026-05-12 23:13:24.755011,PAYMENT,80447.19,MOBILE,UK,1
TXN_0008624,ACC_000682,ACC_000582,2026-05-28 23:41:41.755011,WITHDRAWAL,33811.96,ATM,UAE,0
TXN_0008625,ACC_000242,ACC_000801,2026-05-26 15:50:16.755011,TRANSFER,27621.65,BRANCH,Hong Kong,0
TXN_0008626,ACC_000334,ACC_000712,2026-05-11 05:25:58.755011,WITHDRAWAL,10440.54,ONLINE,Singapore,0
TXN_0008627,ACC_000853,ACC_000788,2026-07-21 13:05:42.755011,WITHDRAWAL,5391.42,ATM,India,0
TXN_0008628,ACC_000722,ACC_000122,2026-06-25 08:42:55.755011,WITHDRAWAL,25671.04,ATM,India,0
TXN_0008629,ACC_000740,ACC_000895,2026-05-06 15:53:55.755011,TRANSFER,17611.11,BRANCH,Singapore,0
TXN_0008630,ACC_000319,ACC_000932,2026-04-05 00:18:42.755011,PAYMENT,3564.12,MOBILE,Singapore,0
TXN_0008631,ACC_000024,ACC_000972,2026-05-06 12:14:38.755011,WITHDRAWAL,1646.89,ATM,Hong Kong,0
TXN_0008632,ACC_000652,ACC_000708,2026-06-09 14:49:24.755011,DEPOSIT,5731.66,ONLINE,USA,0
TXN_0008633,ACC_000473,ACC_000442,2026-09-02 06:48:50.755011,DEPOSIT,49935.96,ATM,India,0
TXN_0008634,ACC_000903,ACC_000453,2026-08-07 17:44:50.755011,DEPOSIT,624431.88,MOBILE,India,1
TXN_0008635,ACC_000597,ACC_000029,2026-03-07 13:14:55.755011,DEPOSIT,2132.83,MOBILE,India,0
TXN_0008636,ACC_000024,ACC_000500,2026-05-01 09:42:49.755011,PAYMENT,1995.58,ATM,UK,0
TXN_0008637,ACC_000744,ACC_000043,2026-05-25 17:09:29.755011,WITHDRAWAL,244575.37,ONLINE,Hong Kong,1
TXN_0008638,ACC_000052,ACC_000526,2026-06-12 08:42:55.755011,PAYMENT,2074.01,ATM,USA,0
TXN_0008639,ACC_000843,ACC_000326,2026-04-04 08:01:32.755011,TRANSFER,14930.4,ATM,UAE,0
TXN_0008640,ACC_000600,ACC_000705,2026-04-11 06:51:40.755011,WITHDRAWAL,3868.86,ONLINE,India,0
TXN_0008641,ACC_000312,ACC_000452,2026-03-25 15:36:55.755011,WITHDRAWAL,56412.94,BRANCH,USA,0
TXN_0008642,ACC_000726,ACC_000356,2026-03-18 02:32:39.755011,WITHDRAWAL,3214.7,MOBILE,USA,0
TXN_0008643,ACC_000193,ACC_000711,2026-06-13 07:59:13.755011,TRANSFER,31953.4,MOBILE,UAE,0
TXN_0008644,ACC_000720,ACC_000789,2026-06-11 11:47:41.755011,WITHDRAWAL,102915.51,MOBILE,Singapore,1
TXN_0008645,ACC_000291,ACC_000140,2026-05-01 10:53:32.755011,DEPOSIT,10966.87,ATM,USA,0
TXN_0008646,ACC_000796,ACC_000921,2026-04-24 03:49:04.755011,WITHDRAWAL,761.76,BRANCH,UK,0
TXN_0008647,ACC_000044,ACC_000213,2026-09-01 21:32:58.755011,WITHDRAWAL,576.23,ATM,India,0
TXN_0008648,ACC_000092,ACC_000214,2026-05-03 15:58:24.755011,TRANSFER,6218.73,ONLINE,Singapore,0
TXN_0008649,ACC_000678,ACC_000790,2026-05-25 05:16:03.755011,WITHDRAWAL,10897.48,MOBILE,UAE,0
TXN_0008650,ACC_000655,ACC_000763,2026-05-17 13:25:47.755011,PAYMENT,2100.15,MOBILE,India,0
TXN_0008651,ACC_000906,ACC_000641,2026-07-18 01:24:13.755011,PAYMENT,26901.79,ATM,UK,1
TXN_0008652,ACC_000240,ACC_000958,2026-07-11 22:52:32.755011,TRANSFER,15895.12,BRANCH,India,0
TXN_0008653,ACC_000156,ACC_000852,2026-08-13 06:21:45.755011,TRANSFER,15921.5,ATM,India,0
TXN_0008654,ACC_000018,ACC_000906,2026-07-15 16:01:38.755011,DEPOSIT,6868.57,ATM,UAE,0
TXN_0008655,ACC_000069,ACC_000541,2026-04-19 03:09:45.755011,DEPOSIT,20665.94,BRANCH,Hong Kong,0
TXN_0008656,ACC_000692,ACC_000087,2026-03-29 11:59:59.755011,TRANSFER,1980.21,ONLINE,USA,0
TXN_0008657,ACC_000941,ACC_000555,2026-04-22 04:46:38.755011,PAYMENT,5286.32,BRANCH,UAE,0
TXN_0008658,ACC_000007,ACC_000789,2026-08-31 03:13:39.755011,PAYMENT,58539.27,MOBILE,Singapore,0
TXN_0008659,ACC_000246,ACC_000802,2026-05-07 21:55:17.755011,WITHDRAWAL,8795.42,BRANCH,UK,0
TXN_0008660,ACC_000926,ACC_000072,2026-03-19 20:35:23.755011,PAYMENT,9429.28,MOBILE,UK,0
TXN_0008661,ACC_000711,ACC_000190,2026-06-03 02:34:09.755011,DEPOSIT,128944.31,ATM,UAE,0
TXN_0008662,ACC_000314,ACC_000827,2026-07-21 15:53:13.755011,TRANSFER,16447.38,ATM,USA,1
TXN_0008663,ACC_000992,ACC_000638,2026-04-27 10:05:36.755011,PAYMENT,21072.34,ONLINE,USA,0
TXN_0008664,ACC_000354,ACC_000638,2026-07-08 12:14:02.755011,TRANSFER,59681.87,MOBILE,UK,0
TXN_0008665,ACC_000616,ACC_000659,2026-03-16 01:58:21.755011,TRANSFER,5487.18,ATM,UAE,0
TXN_0008666,ACC_000491,ACC_000142,2026-08-03 10:03:35.755011,DEPOSIT,22732.64,ATM,UAE,0
TXN_0008667,ACC_000974,ACC_000655,2026-06-27 08:55:38.755011,TRANSFER,2493.83,ONLINE,Singapore,0
TXN_0008668,ACC_000232,ACC_000226,2026-06-08 19:55:18.755011,PAYMENT,3554.33,ATM,Singapore,0
TXN_0008669,ACC_000840,ACC_000222,2026-05-08 14:13:00.755011,WITHDRAWAL,12861.06,ONLINE,USA,0
TXN_0008670,ACC_000399,ACC_000401,2026-06-27 09:41:39.755011,PAYMENT,21126.43,ATM,UAE,0
TXN_0008671,ACC_000742,ACC_000340,2026-05-13 11:19:33.755011,PAYMENT,31105.0,ONLINE,India,0
TXN_0008672,ACC_000115,ACC_000650,2026-09-02 15:47:21.755011,WITHDRAWAL,53292.68,MOBILE,UK,0
TXN_0008673,ACC_000870,ACC_000318,2026-06-22 08:55:36.755011,DEPOSIT,7473.09,ATM,India,0
TXN_0008674,ACC_000376,ACC_000108,2026-03-18 12:27:54.755011,DEPOSIT,33939.48,ONLINE,USA,0
TXN_0008675,ACC_000106,ACC_000740,2026-04-09 11:38:08.755011,DEPOSIT,5373.5,BRANCH,UK,0
TXN_0008676,ACC_000138,ACC_000353,2026-03-18 01:47:09.755011,WITHDRAWAL,23920.94,ATM,UAE,0
TXN_0008677,ACC_000181,ACC_000007,2026-04-17 00:11:12.755011,WITHDRAWAL,10394.03,ONLINE,Hong Kong,0
TXN_0008678,ACC_000499,ACC_000135,2026-07-09 17:15:40.755011,TRANSFER,13833.02,ONLINE,USA,0
TXN_0008679,ACC_000612,ACC_000465,2026-08-25 14:25:14.755011,PAYMENT,13469.85,MOBILE,Singapore,0
TXN_0008680,ACC_000906,ACC_000993,2026-05-15 19:45:31.755011,TRANSFER,1181.28,ATM,Singapore,0
TXN_0008681,ACC_000660,ACC_000058,2026-03-18 07:19:11.755011,DEPOSIT,2102.86,BRANCH,Hong Kong,0
TXN_0008682,ACC_000719,ACC_000024,2026-04-16 19:44:05.755011,PAYMENT,9164.11,ATM,UK,0
TXN_0008683,ACC_000440,ACC_000448,2026-05-21 15:13:46.755011,PAYMENT,1069.84,ONLINE,USA,0
TXN_0008684,ACC_000165,ACC_000102,2026-05-27 14:36:56.755011,PAYMENT,21970.44,ATM,UK,0
TXN_0008685,ACC_000735,ACC_000356,2026-08-27 09:22:54.755011,PAYMENT,23060.29,MOBILE,Singapore,0
TXN_0008686,ACC_000164,ACC_000066,2026-05-23 16:47:38.755011,PAYMENT,11999.31,MOBILE,UAE,0
TXN_0008687,ACC_000752,ACC_000581,2026-08-28 11:35:28.755011,WITHDRAWAL,2110.41,MOBILE,India,0
TXN_0008688,ACC_000374,ACC_000941,2026-06-12 06:04:24.755011,PAYMENT,42453.59,BRANCH,Singapore,0
TXN_0008689,ACC_000463,ACC_000780,2026-08-01 02:59:01.755011,PAYMENT,93400.57,MOBILE,Singapore,0
TXN_0008690,ACC_000521,ACC_000363,2026-08-03 21:54:41.755011,DEPOSIT,9667.18,MOBILE,Singapore,0
TXN_0008691,ACC_000367,ACC_000921,2026-06-28 18:39:53.755011,WITHDRAWAL,14952.63,BRANCH,Singapore,0
TXN_0008692,ACC_000121,ACC_000575,2026-05-08 21:39:21.755011,DEPOSIT,10322.55,MOBILE,India,0
TXN_0008693,ACC_000748,ACC_000793,2026-07-01 18:59:29.755011,DEPOSIT,15312.78,MOBILE,UK,0
TXN_0008694,ACC_000600,ACC_000657,2026-05-19 02:19:13.755011,TRANSFER,7020.08,MOBILE,UAE,0
TXN_0008695,ACC_000340,ACC_000423,2026-08-18 05:09:08.755011,DEPOSIT,7773.87,ONLINE,UK,0
TXN_0008696,ACC_000269,ACC_000387,2026-05-28 22:34:34.755011,DEPOSIT,24025.26,MOBILE,India,0
TXN_0008697,ACC_000049,ACC_000805,2026-06-21 09:06:53.755011,WITHDRAWAL,135232.26,BRANCH,Singapore,0
TXN_0008698,ACC_000975,ACC_000644,2026-07-19 22:56:51.755011,DEPOSIT,1510.07,ATM,UAE,0
TXN_0008699,ACC_000849,ACC_000188,2026-08-13 11:27:39.755011,WITHDRAWAL,7153.99,ONLINE,Hong Kong,0
TXN_0008700,ACC_000146,ACC_000782,2026-05-27 12:55:18.755011,DEPOSIT,1965.39,MOBILE,India,0
TXN_0008701,ACC_000655,ACC_000167,2026-07-07 17:26:38.755011,TRANSFER,54744.37,ATM,USA,0
TXN_0008702,ACC_000189,ACC_000785,2026-03-28 19:16:55.755011,PAYMENT,4002.66,ONLINE,USA,0
TXN_0008703,ACC_000739,ACC_000289,2026-07-15 22:45:29.755011,WITHDRAWAL,1433.91,BRANCH,USA,0
TXN_0008704,ACC_000250,ACC_000332,2026-05-19 20:51:16.755011,TRANSFER,17427.84,MOBILE,UAE,0
TXN_0008705,ACC_000874,ACC_000483,2026-06-30 01:12:38.755011,TRANSFER,65720.97,MOBILE,Hong Kong,0
TXN_0008706,ACC_000612,ACC_000971,2026-07-16 03:09:08.755011,WITHDRAWAL,17967.46,MOBILE,UK,0
TXN_0008707,ACC_000613,ACC_000247,2026-06-24 06:18:19.755011,WITHDRAWAL,10360.52,ATM,Hong Kong,0
TXN_0008708,ACC_000885,ACC_000677,2026-04-20 13:13:30.755011,WITHDRAWAL,132031.44,ONLINE,Singapore,1
TXN_0008709,ACC_000967,ACC_000357,2026-04-19 17:36:19.755011,WITHDRAWAL,44258.77,ATM,USA,0
TXN_0008710,ACC_000668,ACC_000696,2026-06-07 09:40:25.755011,WITHDRAWAL,2838.3,ONLINE,USA,0
TXN_0008711,ACC_000068,ACC_000562,2026-06-26 09:44:19.755011,TRANSFER,109079.2,BRANCH,Hong Kong,1
TXN_0008712,ACC_000469,ACC_000256,2026-06-27 03:33:30.755011,TRANSFER,4706.84,ONLINE,India,0
TXN_0008713,ACC_000434,ACC_000245,2026-07-03 09:01:19.755011,PAYMENT,1995.32,BRANCH,India,0
TXN_0008714,ACC_000736,ACC_000099,2026-07-03 22:38:40.755011,TRANSFER,5464.07,MOBILE,Hong Kong,0
TXN_0008715,ACC_000770,ACC_000330,2026-07-16 01:26:02.755011,DEPOSIT,30615.61,ONLINE,UAE,0
TXN_0008716,ACC_000665,ACC_000986,2026-08-29 04:47:28.755011,WITHDRAWAL,15993.26,ONLINE,India,0
TXN_0008717,ACC_000632,ACC_000503,2026-05-16 18:49:29.755011,WITHDRAWAL,17556.38,ATM,UK,0
TXN_0008718,ACC_000367,ACC_000615,2026-05-02 22:35:00.755011,WITHDRAWAL,9660.21,ATM,India,0
TXN_0008719,ACC_000167,ACC_000018,2026-05-04 15:44:16.755011,WITHDRAWAL,15183.86,ONLINE,UAE,0
TXN_0008720,ACC_000949,ACC_000973,2026-07-07 05:58:33.755011,DEPOSIT,3100.42,MOBILE,UK,0
TXN_0008721,ACC_000477,ACC_000561,2026-08-16 05:53:46.755011,DEPOSIT,5589.18,ATM,UK,0
TXN_0008722,ACC_000383,ACC_000319,2026-07-22 13:43:09.755011,TRANSFER,10202.67,MOBILE,India,0
TXN_0008723,ACC_000210,ACC_000469,2026-06-26 21:02:03.755011,WITHDRAWAL,11305.21,BRANCH,Singapore,0
TXN_0008724,ACC_000849,ACC_000803,2026-08-16 19:27:24.755011,DEPOSIT,212077.97,ONLINE,Hong Kong,1
TXN_0008725,ACC_000687,ACC_000434,2026-08-30 19:33:20.755011,WITHDRAWAL,6863.67,ONLINE,USA,0
TXN_0008726,ACC_000103,ACC_000176,2026-08-12 23:12:17.755011,WITHDRAWAL,5151.75,ATM,Singapore,0
TXN_0008727,ACC_000796,ACC_000804,2026-05-07 06:33:35.755011,WITHDRAWAL,358371.54,MOBILE,UAE,0
TXN_0008728,ACC_000064,ACC_000710,2026-06-09 12:27:27.755011,DEPOSIT,287358.34,ATM,USA,1
TXN_0008729,ACC_000673,ACC_000114,2026-08-17 08:12:17.755011,WITHDRAWAL,13303.43,BRANCH,UAE,0
TXN_0008730,ACC_000258,ACC_000613,2026-08-27 12:09:33.755011,TRANSFER,6125.1,BRANCH,India,0
TXN_0008731,ACC_000183,ACC_000510,2026-07-10 17:01:25.755011,DEPOSIT,4715.16,ONLINE,India,0
TXN_0008732,ACC_000231,ACC_000363,2026-07-23 15:34:45.755011,TRANSFER,6926.01,ATM,India,0
TXN_0008733,ACC_000889,ACC_000266,2026-08-02 14:00:34.755011,WITHDRAWAL,11514.87,BRANCH,UAE,0
TXN_0008734,ACC_000481,ACC_000211,2026-08-06 03:21:30.755011,WITHDRAWAL,848.51,MOBILE,USA,0
TXN_0008735,ACC_000677,ACC_000434,2026-07-08 17:19:58.755011,PAYMENT,1232.42,ATM,Singapore,0
TXN_0008736,ACC_000525,ACC_000712,2026-08-22 17:40:42.755011,WITHDRAWAL,3773.44,ONLINE,USA,0
TXN_0008737,ACC_000485,ACC_000912,2026-07-28 06:38:11.755011,DEPOSIT,10389.67,ONLINE,India,0
TXN_0008738,ACC_000645,ACC_000803,2026-03-24 15:50:42.755011,TRANSFER,6080.68,ONLINE,Hong Kong,0
TXN_0008739,ACC_000485,ACC_000625,2026-08-09 02:27:15.755011,WITHDRAWAL,47750.53,ATM,USA,0
TXN_0008740,ACC_000241,ACC_000171,2026-04-28 02:30:22.755011,WITHDRAWAL,1368.03,ONLINE,Hong Kong,0
TXN_0008741,ACC_000686,ACC_000477,2026-03-09 21:07:22.755011,TRANSFER,3289.15,ATM,Singapore,0
TXN_0008742,ACC_000617,ACC_000427,2026-08-04 08:18:50.755011,PAYMENT,50217.06,ATM,Hong Kong,0
TXN_0008743,ACC_000833,ACC_000632,2026-08-01 22:26:40.755011,TRANSFER,9483.83,ONLINE,USA,0
TXN_0008744,ACC_000177,ACC_000755,2026-04-09 21:28:06.755011,TRANSFER,23430.9,ATM,USA,0
TXN_0008745,ACC_000289,ACC_000532,2026-05-05 17:35:58.755011,WITHDRAWAL,94987.1,ATM,UK,0
TXN_0008746,ACC_000528,ACC_000795,2026-06-10 18:25:32.755011,TRANSFER,3524.29,BRANCH,UK,0
TXN_0008747,ACC_000115,ACC_000823,2026-06-07 20:31:54.755011,TRANSFER,7192.71,MOBILE,USA,0
TXN_0008748,ACC_000638,ACC_000606,2026-05-12 14:54:52.755011,TRANSFER,5843.51,ONLINE,Hong Kong,0
TXN_0008749,ACC_000191,ACC_000524,2026-07-08 04:24:47.755011,WITHDRAWAL,776.26,ATM,USA,0
TXN_0008750,ACC_000511,ACC_000045,2026-03-26 09:27:44.755011,TRANSFER,5583.24,ATM,Hong Kong,0
TXN_0008751,ACC_000507,ACC_000505,2026-04-22 18:51:17.755011,WITHDRAWAL,23324.85,ATM,UK,0
TXN_0008752,ACC_000930,ACC_000061,2026-08-27 05:27:20.755011,WITHDRAWAL,15501.74,BRANCH,UAE,0
TXN_0008753,ACC_000827,ACC_000655,2026-07-22 18:55:38.755011,TRANSFER,17032.86,BRANCH,USA,0
TXN_0008754,ACC_000356,ACC_000534,2026-09-02 10:41:07.755011,TRANSFER,5163.6,ATM,Singapore,0
TXN_0008755,ACC_000167,ACC_000049,2026-08-02 01:13:19.755011,TRANSFER,3687.42,MOBILE,USA,0
TXN_0008756,ACC_000499,ACC_000632,2026-07-19 05:30:35.755011,DEPOSIT,37164.41,MOBILE,UK,0
TXN_0008757,ACC_000095,ACC_000395,2026-03-23 06:07:56.755011,DEPOSIT,4461.41,ONLINE,Hong Kong,0
TXN_0008758,ACC_000045,ACC_000527,2026-04-08 07:59:14.755011,PAYMENT,11532.2,ONLINE,USA,0
TXN_0008759,ACC_000860,ACC_000794,2026-06-04 05:09:08.755011,DEPOSIT,9857.64,BRANCH,UK,0
TXN_0008760,ACC_000346,ACC_000684,2026-07-08 23:42:01.755011,PAYMENT,46819.75,BRANCH,USA,0
TXN_0008761,ACC_000120,ACC_000775,2026-04-01 07:00:21.755011,PAYMENT,25995.92,MOBILE,India,0
TXN_0008762,ACC_000108,ACC_000246,2026-03-26 23:02:27.755011,WITHDRAWAL,1712.47,MOBILE,UAE,0
TXN_0008763,ACC_000706,ACC_000904,2026-09-01 22:15:49.755011,WITHDRAWAL,1948.74,ONLINE,UAE,0
TXN_0008764,ACC_000085,ACC_000863,2026-06-24 20:49:09.755011,WITHDRAWAL,16231.22,MOBILE,UK,0
TXN_0008765,ACC_000739,ACC_000598,2026-08-31 10:44:41.755011,WITHDRAWAL,7501.02,BRANCH,USA,0
TXN_0008766,ACC_000863,ACC_000151,2026-06-05 23:43:01.755011,TRANSFER,4692.84,MOBILE,Singapore,0
TXN_0008767,ACC_000314,ACC_000129,2026-08-16 11:32:51.755011,TRANSFER,27412.47,BRANCH,UK,0
TXN_0008768,ACC_000264,ACC_000601,2026-06-25 22:51:32.755011,TRANSFER,10147.18,MOBILE,Singapore,0
TXN_0008769,ACC_000291,ACC_000309,2026-08-23 23:32:42.755011,WITHDRAWAL,8629.56,MOBILE,Singapore,0
TXN_0008770,ACC_000497,ACC_000317,2026-05-16 23:16:59.755011,TRANSFER,20656.69,MOBILE,Hong Kong,0
TXN_0008771,ACC_000138,ACC_000721,2026-05-08 00:45:48.755011,DEPOSIT,5166.08,MOBILE,Singapore,0
TXN_0008772,ACC_000907,ACC_000574,2026-03-10 19:07:51.755011,PAYMENT,53221.77,ONLINE,UK,0
TXN_0008773,ACC_000488,ACC_000951,2026-03-23 10:14:19.755011,WITHDRAWAL,3147.43,ATM,India,0
TXN_0008774,ACC_000101,ACC_000230,2026-07-01 04:25:51.755011,DEPOSIT,17824.24,BRANCH,UK,0
TXN_0008775,ACC_000631,ACC_000220,2026-04-18 22:43:20.755011,DEPOSIT,45279.04,BRANCH,Singapore,0
TXN_0008776,ACC_000767,ACC_000796,2026-04-02 04:37:07.755011,DEPOSIT,1551.92,ONLINE,UK,0
TXN_0008777,ACC_000168,ACC_000264,2026-04-05 21:38:58.755011,TRANSFER,5366.86,ATM,UK,0
TXN_0008778,ACC_000209,ACC_000873,2026-08-08 23:38:44.755011,PAYMENT,160263.86,MOBILE,India,1
TXN_0008779,ACC_000141,ACC_000185,2026-06-07 15:51:07.755011,PAYMENT,32490.19,BRANCH,USA,0
TXN_0008780,ACC_000936,ACC_000071,2026-05-04 05:38:46.755011,DEPOSIT,6595.91,MOBILE,USA,0
TXN_0008781,ACC_000966,ACC_000691,2026-03-17 00:49:56.755011,TRANSFER,3355.63,BRANCH,USA,0
TXN_0008782,ACC_000940,ACC_000947,2026-07-01 03:32:18.755011,DEPOSIT,25517.58,BRANCH,USA,0
TXN_0008783,ACC_000164,ACC_000100,2026-05-18 20:34:49.755011,TRANSFER,33532.12,MOBILE,UAE,0
TXN_0008784,ACC_000472,ACC_000375,2026-07-09 18:27:03.755011,WITHDRAWAL,2003.01,ATM,Singapore,0
TXN_0008785,ACC_000971,ACC_000090,2026-04-07 08:37:54.755011,WITHDRAWAL,1910.85,MOBILE,India,0
TXN_0008786,ACC_000536,ACC_000355,2026-06-23 13:50:34.755011,TRANSFER,10618.02,ONLINE,India,0
TXN_0008787,ACC_000636,ACC_000277,2026-07-02 06:56:17.755011,PAYMENT,17244.23,ONLINE,Singapore,0
TXN_0008788,ACC_000574,ACC_000241,2026-07-23 11:34:02.755011,WITHDRAWAL,5659.65,ATM,Hong Kong,0
TXN_0008789,ACC_000195,ACC_000206,2026-04-26 00:26:34.755011,WITHDRAWAL,18309.08,MOBILE,USA,0
TXN_0008790,ACC_000193,ACC_000291,2026-04-14 10:01:55.755011,DEPOSIT,3455.89,ONLINE,UAE,0
TXN_0008791,ACC_000013,ACC_000277,2026-07-06 21:52:46.755011,TRANSFER,640.58,ATM,USA,0
TXN_0008792,ACC_000794,ACC_000201,2026-04-30 06:08:50.755011,TRANSFER,4872.29,ONLINE,UAE,0
TXN_0008793,ACC_000759,ACC_000989,2026-07-17 15:19:52.755011,DEPOSIT,8741.86,ATM,India,0
TXN_0008794,ACC_000137,ACC_000301,2026-04-19 11:35:26.755011,PAYMENT,5819.63,ONLINE,Hong Kong,0
TXN_0008795,ACC_000681,ACC_000510,2026-08-09 02:20:45.755011,PAYMENT,2017.62,MOBILE,UK,0
TXN_0008796,ACC_000860,ACC_000587,2026-04-22 21:27:30.755011,TRANSFER,917.1,BRANCH,India,0
TXN_0008797,ACC_000933,ACC_000927,2026-03-23 16:30:48.755011,PAYMENT,4372.51,MOBILE,Singapore,0
TXN_0008798,ACC_000966,ACC_000603,2026-06-20 06:13:58.755011,DEPOSIT,23793.96,ONLINE,India,0
TXN_0008799,ACC_000115,ACC_000583,2026-08-19 18:59:18.755011,PAYMENT,36586.59,BRANCH,USA,0
TXN_0008800,ACC_000369,ACC_000181,2026-05-02 22:41:11.755011,TRANSFER,497810.05,BRANCH,Singapore,1
TXN_0008801,ACC_000835,ACC_000079,2026-07-07 12:09:26.755011,WITHDRAWAL,3043.94,ATM,UAE,0
TXN_0008802,ACC_000957,ACC_000793,2026-03-24 22:38:06.755011,DEPOSIT,2029.52,BRANCH,UAE,0
TXN_0008803,ACC_000437,ACC_000416,2026-03-28 04:32:31.755011,WITHDRAWAL,14705.27,ONLINE,India,0
TXN_0008804,ACC_000054,ACC_000382,2026-03-16 20:15:48.755011,WITHDRAWAL,17363.4,MOBILE,India,0
TXN_0008805,ACC_000449,ACC_000400,2026-06-06 02:24:01.755011,TRANSFER,13097.85,ONLINE,Hong Kong,0
TXN_0008806,ACC_000100,ACC_000399,2026-04-19 14:57:17.755011,PAYMENT,722.79,MOBILE,Singapore,0
TXN_0008807,ACC_000035,ACC_000020,2026-03-12 05:17:13.755011,PAYMENT,2863.32,BRANCH,Singapore,0
TXN_0008808,ACC_000483,ACC_000882,2026-05-14 04:40:43.755011,WITHDRAWAL,7819.48,ATM,UAE,0
TXN_0008809,ACC_000659,ACC_000243,2026-06-07 15:45:29.755011,WITHDRAWAL,14540.04,BRANCH,Hong Kong,0
TXN_0008810,ACC_000763,ACC_000710,2026-03-25 03:32:48.755011,WITHDRAWAL,20348.63,MOBILE,UAE,0
TXN_0008811,ACC_000233,ACC_000882,2026-05-21 21:11:50.755011,TRANSFER,9634.49,ATM,India,0
TXN_0008812,ACC_000080,ACC_000549,2026-08-10 18:20:54.755011,PAYMENT,12051.45,ATM,Singapore,0
TXN_0008813,ACC_000486,ACC_000996,2026-08-20 03:38:06.755011,PAYMENT,8971.77,MOBILE,India,0
TXN_0008814,ACC_000680,ACC_000534,2026-07-01 03:30:19.755011,TRANSFER,18448.59,ATM,Hong Kong,0
TXN_0008815,ACC_000390,ACC_000157,2026-04-06 09:51:39.755011,PAYMENT,11795.09,BRANCH,India,0
TXN_0008816,ACC_000802,ACC_000466,2026-05-20 22:45:55.755011,WITHDRAWAL,8768.19,ATM,Hong Kong,0
TXN_0008817,ACC_000157,ACC_000590,2026-08-22 04:33:13.755011,PAYMENT,5872.04,MOBILE,UK,0
TXN_0008818,ACC_000403,ACC_000345,2026-08-10 02:26:20.755011,WITHDRAWAL,8933.38,BRANCH,Singapore,0
TXN_0008819,ACC_000443,ACC_000617,2026-03-22 09:20:28.755011,TRANSFER,14494.28,MOBILE,UK,0
TXN_0008820,ACC_000976,ACC_000863,2026-07-01 00:46:27.755011,TRANSFER,11169.82,ATM,Singapore,0
TXN_0008821,ACC_000766,ACC_000948,2026-05-15 09:30:36.755011,WITHDRAWAL,12797.33,ATM,USA,0
TXN_0008822,ACC_000448,ACC_000435,2026-04-26 02:26:58.755011,DEPOSIT,40589.56,BRANCH,Hong Kong,0
TXN_0008823,ACC_000420,ACC_000934,2026-04-08 23:03:48.755011,DEPOSIT,11138.88,BRANCH,India,0
TXN_0008824,ACC_000451,ACC_000603,2026-07-10 12:25:29.755011,TRANSFER,3718.97,MOBILE,UK,0
TXN_0008825,ACC_000775,ACC_000147,2026-05-11 13:51:51.755011,WITHDRAWAL,446758.11,ATM,Hong Kong,1
TXN_0008826,ACC_000801,ACC_000438,2026-07-01 11:02:46.755011,WITHDRAWAL,1572.72,ATM,UK,0
TXN_0008827,ACC_000546,ACC_000054,2026-06-02 19:45:16.755011,DEPOSIT,2213.44,MOBILE,USA,0
TXN_0008828,ACC_000863,ACC_000966,2026-07-05 08:18:58.755011,DEPOSIT,12124.9,ONLINE,Hong Kong,0
TXN_0008829,ACC_000871,ACC_000769,2026-05-02 18:49:33.755011,DEPOSIT,15058.17,ATM,India,0
TXN_0008830,ACC_000126,ACC_000357,2026-03-16 11:16:23.755011,DEPOSIT,1818.81,MOBILE,USA,0
TXN_0008831,ACC_000618,ACC_000380,2026-06-25 09:33:18.755011,PAYMENT,5118.51,ONLINE,India,0
TXN_0008832,ACC_000749,ACC_000972,2026-07-09 13:53:42.755011,WITHDRAWAL,3915.5,MOBILE,USA,0
TXN_0008833,ACC_000356,ACC_000024,2026-03-25 14:18:46.755011,WITHDRAWAL,4518.74,ATM,Hong Kong,0
TXN_0008834,ACC_000063,ACC_000721,2026-08-07 15:51:33.755011,DEPOSIT,25142.56,ONLINE,UAE,0
TXN_0008835,ACC_000347,ACC_000540,2026-04-23 06:03:13.755011,WITHDRAWAL,18916.82,MOBILE,UAE,0
TXN_0008836,ACC_000438,ACC_000268,2026-04-20 00:53:37.755011,WITHDRAWAL,7919.26,MOBILE,Hong Kong,0
TXN_0008837,ACC_000784,ACC_000628,2026-05-18 21:39:49.755011,DEPOSIT,4208.43,BRANCH,UK,0
TXN_0008838,ACC_000300,ACC_000945,2026-07-27 22:09:09.755011,PAYMENT,1604.26,ONLINE,Hong Kong,0
TXN_0008839,ACC_000219,ACC_000394,2026-05-05 08:17:24.755011,PAYMENT,44543.52,BRANCH,UK,0
TXN_0008840,ACC_000600,ACC_000507,2026-04-26 03:17:10.755011,WITHDRAWAL,16490.45,ONLINE,Hong Kong,0
TXN_0008841,ACC_000536,ACC_000883,2026-06-03 10:48:11.755011,DEPOSIT,3470.3,BRANCH,USA,0
TXN_0008842,ACC_000059,ACC_000778,2026-04-21 14:56:32.755011,TRANSFER,19216.4,MOBILE,UAE,0
TXN_0008843,ACC_000414,ACC_000987,2026-08-21 04:08:35.755011,DEPOSIT,7448.23,MOBILE,UK,0
TXN_0008844,ACC_000978,ACC_000917,2026-08-18 18:16:35.755011,PAYMENT,5741.46,ATM,UK,0
TXN_0008845,ACC_000662,ACC_000732,2026-03-21 06:06:19.755011,PAYMENT,13660.36,BRANCH,UK,0
TXN_0008846,ACC_000922,ACC_000109,2026-05-31 17:28:02.755011,TRANSFER,3328.25,ONLINE,Hong Kong,0
TXN_0008847,ACC_000638,ACC_000985,2026-08-09 04:25:41.755011,WITHDRAWAL,5364.14,BRANCH,USA,0
TXN_0008848,ACC_000785,ACC_000573,2026-08-10 02:51:07.755011,DEPOSIT,9374.54,MOBILE,Singapore,0
TXN_0008849,ACC_000835,ACC_000186,2026-04-16 01:22:51.755011,TRANSFER,4450.0,ATM,Singapore,0
TXN_0008850,ACC_000647,ACC_000021,2026-07-18 06:47:01.755011,TRANSFER,18086.16,MOBILE,UK,0
TXN_0008851,ACC_000810,ACC_000989,2026-04-29 14:07:47.755011,TRANSFER,76334.46,BRANCH,USA,0
TXN_0008852,ACC_000994,ACC_000673,2026-08-15 21:04:53.755011,WITHDRAWAL,3277.52,ONLINE,Hong Kong,0
TXN_0008853,ACC_000505,ACC_000336,2026-05-29 10:46:30.755011,TRANSFER,1098.66,BRANCH,UAE,0
TXN_0008854,ACC_000158,ACC_000727,2026-04-19 14:18:49.755011,WITHDRAWAL,733.56,ONLINE,India,0
TXN_0008855,ACC_000195,ACC_000906,2026-06-04 00:29:32.755011,TRANSFER,41697.44,ATM,Hong Kong,1
TXN_0008856,ACC_000471,ACC_000104,2026-07-05 16:20:54.755011,WITHDRAWAL,3656.28,BRANCH,Singapore,0
TXN_0008857,ACC_000477,ACC_000488,2026-06-22 15:04:54.755011,PAYMENT,10398.66,BRANCH,USA,0
TXN_0008858,ACC_000822,ACC_000585,2026-03-27 23:07:19.755011,PAYMENT,186408.22,BRANCH,UK,1
TXN_0008859,ACC_000317,ACC_000424,2026-06-10 16:14:05.755011,TRANSFER,1183.39,ONLINE,India,0
TXN_0008860,ACC_000653,ACC_000624,2026-05-24 01:53:46.755011,DEPOSIT,917.95,BRANCH,UK,0
TXN_0008861,ACC_000706,ACC_000474,2026-06-30 21:12:54.755011,TRANSFER,11557.85,ONLINE,UAE,0
TXN_0008862,ACC_000645,ACC_000692,2026-05-18 09:15:05.755011,DEPOSIT,9533.0,BRANCH,Hong Kong,0
TXN_0008863,ACC_000009,ACC_000387,2026-06-21 03:08:54.755011,TRANSFER,4861.09,ONLINE,UAE,0
TXN_0008864,ACC_000250,ACC_000831,2026-08-07 04:11:00.755011,DEPOSIT,1109.24,ONLINE,India,0
TXN_0008865,ACC_000022,ACC_000103,2026-08-15 12:07:42.755011,TRANSFER,14266.5,ATM,USA,0
TXN_0008866,ACC_000174,ACC_000720,2026-03-30 03:02:30.755011,DEPOSIT,37282.5,ATM,UAE,0
TXN_0008867,ACC_000866,ACC_000764,2026-03-26 01:32:42.755011,TRANSFER,11311.54,ONLINE,India,0
TXN_0008868,ACC_000560,ACC_000931,2026-08-27 21:40:01.755011,TRANSFER,2930.8,BRANCH,UAE,0
TXN_0008869,ACC_000744,ACC_000603,2026-04-28 14:54:01.755011,TRANSFER,8548.09,ONLINE,Singapore,0
TXN_0008870,ACC_000631,ACC_000531,2026-05-31 04:43:28.755011,DEPOSIT,1572.88,ONLINE,India,0
TXN_0008871,ACC_000289,ACC_000629,2026-03-28 19:11:09.755011,WITHDRAWAL,28840.99,ONLINE,India,0
TXN_0008872,ACC_000436,ACC_000235,2026-08-05 07:58:54.755011,PAYMENT,8939.31,ATM,Hong Kong,0
TXN_0008873,ACC_000582,ACC_000391,2026-03-29 05:23:37.755011,WITHDRAWAL,970.89,ATM,UAE,0
TXN_0008874,ACC_000647,ACC_000396,2026-06-13 21:16:31.755011,TRANSFER,5648.76,BRANCH,Singapore,0
TXN_0008875,ACC_000920,ACC_000896,2026-03-19 16:17:20.755011,DEPOSIT,14128.68,ONLINE,USA,0
TXN_0008876,ACC_000875,ACC_000309,2026-04-25 15:01:21.755011,DEPOSIT,5433.52,MOBILE,UK,0
TXN_0008877,ACC_000724,ACC_000283,2026-04-06 22:59:35.755011,PAYMENT,5819.24,ONLINE,UAE,0
TXN_0008878,ACC_000146,ACC_000938,2026-08-08 09:39:15.755011,WITHDRAWAL,1864.44,MOBILE,Hong Kong,0
TXN_0008879,ACC_000713,ACC_000478,2026-05-10 19:13:27.755011,WITHDRAWAL,15992.08,MOBILE,India,0
TXN_0008880,ACC_000992,ACC_000258,2026-04-09 14:16:57.755011,PAYMENT,35040.0,BRANCH,USA,1
TXN_0008881,ACC_000184,ACC_000233,2026-05-19 05:46:57.755011,TRANSFER,609.27,BRANCH,Hong Kong,0
TXN_0008882,ACC_000454,ACC_000510,2026-06-13 04:06:37.755011,TRANSFER,5190.01,ATM,USA,0
TXN_0008883,ACC_000411,ACC_000093,2026-03-10 16:36:19.755011,PAYMENT,26301.46,ATM,India,0
TXN_0008884,ACC_000537,ACC_000426,2026-08-05 13:31:13.755011,DEPOSIT,5093.32,BRANCH,Hong Kong,0
TXN_0008885,ACC_000287,ACC_000315,2026-06-05 05:16:46.755011,PAYMENT,65223.95,ATM,UAE,0
TXN_0008886,ACC_000012,ACC_000511,2026-06-23 03:53:57.755011,PAYMENT,13558.4,ONLINE,India,0
TXN_0008887,ACC_000307,ACC_000627,2026-08-28 22:20:12.755011,DEPOSIT,12167.33,ATM,India,0
TXN_0008888,ACC_000396,ACC_000428,2026-09-01 00:58:52.755011,DEPOSIT,6946.01,BRANCH,Singapore,0
TXN_0008889,ACC_000033,ACC_000648,2026-05-19 22:17:37.755011,PAYMENT,7465.57,BRANCH,Hong Kong,0
TXN_0008890,ACC_000613,ACC_000072,2026-07-03 21:38:06.755011,TRANSFER,5906.99,MOBILE,Hong Kong,0
TXN_0008891,ACC_000305,ACC_000842,2026-05-27 01:15:35.755011,WITHDRAWAL,5637.96,MOBILE,UK,0
TXN_0008892,ACC_000272,ACC_000751,2026-08-19 06:20:20.755011,WITHDRAWAL,15321.93,BRANCH,UK,0
TXN_0008893,ACC_000970,ACC_000121,2026-07-24 16:23:52.755011,PAYMENT,2635.96,BRANCH,India,0
TXN_0008894,ACC_000172,ACC_000477,2026-04-25 21:55:27.755011,PAYMENT,2228.15,ATM,UAE,0
TXN_0008895,ACC_000789,ACC_000221,2026-06-05 14:42:25.755011,PAYMENT,2105.2,ATM,Singapore,0
TXN_0008896,ACC_000984,ACC_000329,2026-05-29 05:33:39.755011,WITHDRAWAL,94351.78,MOBILE,USA,0
TXN_0008897,ACC_000787,ACC_000609,2026-05-05 17:02:59.755011,WITHDRAWAL,15312.3,BRANCH,Hong Kong,0
TXN_0008898,ACC_000282,ACC_000664,2026-07-07 09:50:15.755011,TRANSFER,11677.17,ATM,Hong Kong,0
TXN_0008899,ACC_000160,ACC_000659,2026-03-12 21:10:52.755011,TRANSFER,2277.84,MOBILE,USA,0
TXN_0008900,ACC_000775,ACC_000872,2026-05-09 20:01:55.755011,WITHDRAWAL,17120.14,MOBILE,USA,0
TXN_0008901,ACC_000177,ACC_000221,2026-06-22 20:52:23.755011,PAYMENT,7045.29,ATM,UK,0
TXN_0008902,ACC_000741,ACC_000251,2026-05-11 02:31:19.755011,PAYMENT,10477.68,MOBILE,Singapore,0
TXN_0008903,ACC_000166,ACC_000136,2026-08-11 13:34:19.755011,DEPOSIT,2510.04,MOBILE,Singapore,0
TXN_0008904,ACC_000620,ACC_000924,2026-05-05 08:24:51.755011,PAYMENT,9821.44,ONLINE,USA,0
TXN_0008905,ACC_000561,ACC_000001,2026-07-04 20:01:20.755011,TRANSFER,4872.68,ATM,USA,0
TXN_0008906,ACC_000655,ACC_000407,2026-06-06 02:11:36.755011,TRANSFER,3233.33,ONLINE,UK,0
TXN_0008907,ACC_000995,ACC_000009,2026-06-09 00:32:29.755011,TRANSFER,19553.85,MOBILE,India,0
TXN_0008908,ACC_000365,ACC_000767,2026-03-22 19:11:33.755011,TRANSFER,1280.17,BRANCH,USA,0
TXN_0008909,ACC_000250,ACC_000625,2026-05-15 03:15:07.755011,WITHDRAWAL,15958.25,ATM,UAE,0
TXN_0008910,ACC_000559,ACC_000474,2026-05-16 00:22:34.755011,DEPOSIT,18423.52,MOBILE,India,0
TXN_0008911,ACC_000386,ACC_000207,2026-03-19 22:18:38.755011,DEPOSIT,2819.82,MOBILE,India,0
TXN_0008912,ACC_000840,ACC_000761,2026-05-31 17:46:47.755011,PAYMENT,3027.84,ONLINE,UK,0
TXN_0008913,ACC_000962,ACC_000619,2026-07-12 18:06:53.755011,TRANSFER,6200.4,ONLINE,India,0
TXN_0008914,ACC_000272,ACC_000302,2026-08-20 11:29:22.755011,PAYMENT,11366.7,ONLINE,India,0
TXN_0008915,ACC_000231,ACC_000142,2026-06-10 05:54:17.755011,TRANSFER,6745.12,BRANCH,UK,0
TXN_0008916,ACC_000150,ACC_000458,2026-05-02 14:23:54.755011,DEPOSIT,13633.36,ATM,UAE,0
TXN_0008917,ACC_000539,ACC_000178,2026-07-08 08:37:59.755011,DEPOSIT,67209.88,ATM,USA,0
TXN_0008918,ACC_000456,ACC_000428,2026-08-11 17:16:40.755011,PAYMENT,4406.08,ONLINE,India,0
TXN_0008919,ACC_000765,ACC_000063,2026-03-22 20:00:30.755011,DEPOSIT,1034.61,MOBILE,USA,0
TXN_0008920,ACC_000886,ACC_000874,2026-06-13 02:57:26.755011,DEPOSIT,21831.48,ONLINE,UK,0
TXN_0008921,ACC_000988,ACC_000191,2026-08-19 14:51:00.755011,DEPOSIT,61082.3,MOBILE,USA,0
TXN_0008922,ACC_000814,ACC_000386,2026-03-13 10:20:22.755011,WITHDRAWAL,12982.04,BRANCH,India,0
TXN_0008923,ACC_000519,ACC_000752,2026-04-15 01:20:43.755011,PAYMENT,2196.68,ONLINE,Singapore,0
TXN_0008924,ACC_000742,ACC_000138,2026-07-23 01:46:09.755011,WITHDRAWAL,6983.67,MOBILE,India,0
TXN_0008925,ACC_000673,ACC_000486,2026-05-01 16:25:39.755011,WITHDRAWAL,2117.04,ATM,UAE,0
TXN_0008926,ACC_000501,ACC_000899,2026-05-03 07:43:13.755011,WITHDRAWAL,17525.75,ATM,UAE,0
TXN_0008927,ACC_000821,ACC_000844,2026-06-09 12:11:53.755011,PAYMENT,1601.11,MOBILE,UK,0
TXN_0008928,ACC_000935,ACC_000578,2026-06-04 10:41:06.755011,PAYMENT,5652.46,ATM,UK,0
TXN_0008929,ACC_000303,ACC_000028,2026-07-19 19:44:25.755011,WITHDRAWAL,2427.93,ATM,India,0
TXN_0008930,ACC_000308,ACC_000652,2026-03-29 08:36:58.755011,DEPOSIT,9435.08,ONLINE,India,0
TXN_0008931,ACC_000485,ACC_000457,2026-08-16 22:59:29.755011,WITHDRAWAL,5220.72,MOBILE,UK,0
TXN_0008932,ACC_000857,ACC_000665,2026-07-28 22:39:31.755011,TRANSFER,10017.76,MOBILE,Singapore,0
TXN_0008933,ACC_000390,ACC_000394,2026-06-21 13:28:04.755011,PAYMENT,8323.35,BRANCH,UAE,0
TXN_0008934,ACC_000221,ACC_000243,2026-08-06 21:15:48.755011,WITHDRAWAL,2479.99,ATM,Hong Kong,0
TXN_0008935,ACC_000764,ACC_000688,2026-03-13 18:41:19.755011,PAYMENT,17192.91,MOBILE,Hong Kong,0
TXN_0008936,ACC_000610,ACC_000343,2026-04-14 09:24:06.755011,PAYMENT,7642.51,MOBILE,Singapore,0
TXN_0008937,ACC_000863,ACC_000843,2026-06-03 16:53:29.755011,DEPOSIT,2474.43,ATM,India,0
TXN_0008938,ACC_000162,ACC_000319,2026-05-16 03:12:26.755011,WITHDRAWAL,119266.04,BRANCH,India,0
TXN_0008939,ACC_000756,ACC_000834,2026-03-25 21:41:21.755011,TRANSFER,14353.03,ONLINE,Singapore,0
TXN_0008940,ACC_000244,ACC_000684,2026-06-10 17:08:31.755011,PAYMENT,6741.83,MOBILE,UAE,0
TXN_0008941,ACC_000914,ACC_000302,2026-04-04 01:10:57.755011,PAYMENT,44278.1,ONLINE,UK,0
TXN_0008942,ACC_000594,ACC_000317,2026-05-29 17:09:59.755011,WITHDRAWAL,73878.62,ATM,UAE,0
TXN_0008943,ACC_000488,ACC_000072,2026-06-21 19:16:26.755011,DEPOSIT,6806.14,ONLINE,USA,0
TXN_0008944,ACC_000906,ACC_000624,2026-07-18 07:12:27.755011,PAYMENT,12294.13,MOBILE,Hong Kong,0
TXN_0008945,ACC_000599,ACC_000086,2026-07-17 16:06:42.755011,TRANSFER,2475.99,MOBILE,UK,0
TXN_0008946,ACC_000795,ACC_000179,2026-08-04 05:27:56.755011,WITHDRAWAL,6791.1,BRANCH,USA,0
TXN_0008947,ACC_000219,ACC_000626,2026-06-09 10:16:27.755011,DEPOSIT,6381.29,MOBILE,USA,0
TXN_0008948,ACC_000877,ACC_000128,2026-04-15 16:56:51.755011,DEPOSIT,10115.18,ONLINE,USA,0
TXN_0008949,ACC_000632,ACC_000145,2026-07-01 20:48:03.755011,DEPOSIT,12080.07,BRANCH,UAE,0
TXN_0008950,ACC_000712,ACC_000484,2026-07-14 21:52:10.755011,DEPOSIT,15863.79,MOBILE,India,0
TXN_0008951,ACC_000674,ACC_000451,2026-05-23 13:19:34.755011,PAYMENT,10777.02,ONLINE,Hong Kong,0
TXN_0008952,ACC_000967,ACC_000767,2026-08-21 17:08:26.755011,WITHDRAWAL,1895.26,ONLINE,Singapore,0
TXN_0008953,ACC_000107,ACC_000701,2026-06-30 13:39:51.755011,PAYMENT,2627.63,MOBILE,Hong Kong,0
TXN_0008954,ACC_000579,ACC_000882,2026-05-10 11:16:47.755011,WITHDRAWAL,4206.18,MOBILE,India,0
TXN_0008955,ACC_000586,ACC_000243,2026-08-14 00:04:18.755011,PAYMENT,5775.1,ONLINE,India,0
TXN_0008956,ACC_000775,ACC_000653,2026-05-20 13:06:27.755011,WITHDRAWAL,28593.34,MOBILE,India,0
TXN_0008957,ACC_000864,ACC_000129,2026-07-30 19:26:17.755011,TRANSFER,2007.15,ONLINE,Singapore,0
TXN_0008958,ACC_000804,ACC_000011,2026-07-12 21:48:06.755011,PAYMENT,5276.94,BRANCH,USA,0
TXN_0008959,ACC_000379,ACC_000758,2026-07-18 10:13:05.755011,TRANSFER,25428.13,MOBILE,USA,0
TXN_0008960,ACC_000092,ACC_000438,2026-07-13 11:04:12.755011,WITHDRAWAL,5654.16,BRANCH,India,0
TXN_0008961,ACC_000064,ACC_000857,2026-08-28 06:11:51.755011,DEPOSIT,14079.83,ATM,UAE,0
TXN_0008962,ACC_000081,ACC_000664,2026-05-31 11:18:34.755011,WITHDRAWAL,6853.74,MOBILE,Hong Kong,0
TXN_0008963,ACC_000316,ACC_000946,2026-04-29 01:47:07.755011,PAYMENT,11027.42,ONLINE,India,0
TXN_0008964,ACC_000802,ACC_000346,2026-05-03 05:04:52.755011,DEPOSIT,6160.01,BRANCH,Singapore,0
TXN_0008965,ACC_000664,ACC_000910,2026-03-30 23:29:12.755011,WITHDRAWAL,18042.38,BRANCH,Hong Kong,0
TXN_0008966,ACC_000889,ACC_000103,2026-05-13 17:06:14.755011,PAYMENT,1268.93,ONLINE,Singapore,0
TXN_0008967,ACC_000180,ACC_000907,2026-08-01 14:32:53.755011,WITHDRAWAL,5239.73,ATM,USA,0
TXN_0008968,ACC_000041,ACC_000341,2026-04-14 16:29:36.755011,DEPOSIT,11566.72,MOBILE,Singapore,0
TXN_0008969,ACC_000389,ACC_000414,2026-08-12 10:53:31.755011,TRANSFER,15374.02,BRANCH,India,0
TXN_0008970,ACC_000888,ACC_000345,2026-08-30 10:47:47.755011,TRANSFER,48607.99,BRANCH,Hong Kong,0
TXN_0008971,ACC_000959,ACC_000396,2026-05-29 12:14:26.755011,WITHDRAWAL,57786.05,ONLINE,UAE,1
TXN_0008972,ACC_000152,ACC_000437,2026-07-23 16:29:25.755011,TRANSFER,47828.55,ONLINE,Singapore,0
TXN_0008973,ACC_000382,ACC_000355,2026-05-26 00:41:51.755011,PAYMENT,3674.5,ATM,Singapore,0
TXN_0008974,ACC_000509,ACC_000278,2026-04-25 21:48:10.755011,TRANSFER,39909.74,MOBILE,India,0
TXN_0008975,ACC_000015,ACC_000691,2026-04-29 06:48:26.755011,WITHDRAWAL,21611.06,ATM,UAE,0
TXN_0008976,ACC_000528,ACC_000865,2026-05-01 12:27:16.755011,PAYMENT,2707.69,MOBILE,UAE,0
TXN_0008977,ACC_000052,ACC_000008,2026-05-21 18:15:35.755011,TRANSFER,11712.91,ONLINE,UAE,0
TXN_0008978,ACC_000008,ACC_000924,2026-04-06 15:13:22.755011,DEPOSIT,7619.89,ONLINE,Singapore,0
TXN_0008979,ACC_000909,ACC_000565,2026-06-18 14:29:24.755011,TRANSFER,17166.27,ATM,Hong Kong,0
TXN_0008980,ACC_000657,ACC_000149,2026-07-08 01:39:03.755011,DEPOSIT,6198.57,ONLINE,UAE,0
TXN_0008981,ACC_000590,ACC_000827,2026-06-30 11:56:24.755011,PAYMENT,5604.38,ONLINE,UAE,0
TXN_0008982,ACC_000619,ACC_000132,2026-08-24 10:02:46.755011,TRANSFER,41894.65,BRANCH,UK,0
TXN_0008983,ACC_000538,ACC_000979,2026-08-19 01:29:11.755011,TRANSFER,7197.83,BRANCH,Hong Kong,0
TXN_0008984,ACC_000763,ACC_000009,2026-05-28 05:00:56.755011,TRANSFER,21844.55,ONLINE,UAE,0
TXN_0008985,ACC_000701,ACC_000863,2026-05-31 19:28:44.755011,WITHDRAWAL,6183.12,ATM,USA,0
TXN_0008986,ACC_000612,ACC_000802,2026-05-05 22:08:52.755011,TRANSFER,59873.9,MOBILE,USA,0
TXN_0008987,ACC_000231,ACC_000173,2026-07-04 19:40:34.755011,TRANSFER,3590.33,BRANCH,Singapore,0
TXN_0008988,ACC_000083,ACC_000500,2026-07-30 23:51:02.755011,DEPOSIT,3877.82,ATM,India,0
TXN_0008989,ACC_000630,ACC_000787,2026-08-18 16:34:19.755011,DEPOSIT,50484.45,MOBILE,UAE,0
TXN_0008990,ACC_000334,ACC_000141,2026-04-22 22:15:42.755011,DEPOSIT,4750.78,BRANCH,USA,0
TXN_0008991,ACC_000351,ACC_000632,2026-05-13 09:11:15.755011,PAYMENT,55342.1,BRANCH,Singapore,0
TXN_0008992,ACC_000096,ACC_000883,2026-03-19 14:52:23.755011,PAYMENT,23628.5,MOBILE,Singapore,0
TXN_0008993,ACC_000642,ACC_000793,2026-05-28 18:25:00.755011,WITHDRAWAL,6730.61,ONLINE,Singapore,0
TXN_0008994,ACC_000467,ACC_000174,2026-03-28 18:23:09.755011,DEPOSIT,919.7,ONLINE,UK,0
TXN_0008995,ACC_000199,ACC_000424,2026-07-20 01:46:29.755011,PAYMENT,7917.4,ONLINE,Hong Kong,0
TXN_0008996,ACC_000240,ACC_000804,2026-04-14 08:53:36.755011,WITHDRAWAL,85223.43,ONLINE,USA,1
TXN_0008997,ACC_000013,ACC_000731,2026-05-24 13:43:12.755011,DEPOSIT,32881.36,MOBILE,UAE,0
TXN_0008998,ACC_000985,ACC_000518,2026-07-08 17:01:22.755011,DEPOSIT,54509.85,MOBILE,Singapore,0
TXN_0008999,ACC_000303,ACC_000439,2026-07-30 02:35:03.755011,WITHDRAWAL,3561.78,MOBILE,Hong Kong,0
TXN_0009000,ACC_000118,ACC_000528,2026-04-04 02:46:14.755011,DEPOSIT,21192.83,ATM,UAE,0
TXN_0009001,ACC_000777,ACC_000131,2026-07-13 12:41:47.755011,WITHDRAWAL,155380.57,MOBILE,UAE,1
TXN_0009002,ACC_000982,ACC_000483,2026-06-10 12:49:55.755011,WITHDRAWAL,29380.76,ONLINE,UK,0
TXN_0009003,ACC_000067,ACC_000349,2026-08-03 21:21:01.755011,TRANSFER,14741.59,ATM,UK,0
TXN_0009004,ACC_000383,ACC_000056,2026-05-20 02:30:06.755011,DEPOSIT,787.61,MOBILE,Hong Kong,0
TXN_0009005,ACC_000942,ACC_000440,2026-06-24 17:15:48.755011,PAYMENT,6724.37,BRANCH,UK,0
TXN_0009006,ACC_000504,ACC_000081,2026-08-26 05:33:37.755011,PAYMENT,2024.65,MOBILE,India,0
TXN_0009007,ACC_000245,ACC_000657,2026-07-29 23:37:22.755011,PAYMENT,6354.21,MOBILE,India,0
TXN_0009008,ACC_000796,ACC_000470,2026-05-18 01:05:56.755011,PAYMENT,26265.33,BRANCH,Singapore,0
TXN_0009009,ACC_000432,ACC_000783,2026-05-17 15:57:56.755011,PAYMENT,11686.4,ONLINE,Singapore,0
TXN_0009010,ACC_000051,ACC_000888,2026-07-08 03:22:07.755011,PAYMENT,32135.26,ATM,USA,0
TXN_0009011,ACC_000499,ACC_000466,2026-06-01 00:26:14.755011,WITHDRAWAL,217656.26,MOBILE,India,1
TXN_0009012,ACC_000918,ACC_000701,2026-07-28 06:07:11.755011,WITHDRAWAL,1706.17,ATM,UAE,0
TXN_0009013,ACC_000768,ACC_000791,2026-03-31 03:40:13.755011,TRANSFER,393.46,ATM,Hong Kong,0
TXN_0009014,ACC_000224,ACC_000688,2026-03-09 20:08:46.755011,WITHDRAWAL,9687.3,ONLINE,UAE,0
TXN_0009015,ACC_000755,ACC_000774,2026-05-11 13:51:07.755011,PAYMENT,6268.47,BRANCH,Hong Kong,0
TXN_0009016,ACC_000904,ACC_000498,2026-09-02 00:18:53.755011,PAYMENT,2509.06,ATM,India,0
TXN_0009017,ACC_000012,ACC_000448,2026-07-14 11:00:35.755011,DEPOSIT,1052.84,BRANCH,UK,0
TXN_0009018,ACC_000369,ACC_000099,2026-07-21 20:09:30.755011,WITHDRAWAL,3355.34,BRANCH,UAE,0
TXN_0009019,ACC_000734,ACC_000928,2026-06-12 05:42:59.755011,DEPOSIT,6416.39,MOBILE,UK,0
TXN_0009020,ACC_000722,ACC_000743,2026-07-06 23:11:02.755011,DEPOSIT,18016.68,MOBILE,Singapore,0
TXN_0009021,ACC_000088,ACC_000102,2026-06-08 02:29:27.755011,WITHDRAWAL,10161.46,ONLINE,Singapore,0
TXN_0009022,ACC_000863,ACC_000301,2026-07-02 06:49:35.755011,DEPOSIT,55808.46,ONLINE,Hong Kong,0
TXN_0009023,ACC_000954,ACC_000385,2026-03-17 23:30:00.755011,PAYMENT,2338.52,ATM,Hong Kong,0
TXN_0009024,ACC_000363,ACC_000099,2026-08-10 09:29:57.755011,TRANSFER,23324.76,ATM,USA,0
TXN_0009025,ACC_000530,ACC_000986,2026-07-15 16:21:36.755011,DEPOSIT,8576.31,BRANCH,UAE,0
TXN_0009026,ACC_000995,ACC_000677,2026-06-20 16:59:18.755011,WITHDRAWAL,18650.03,ATM,India,0
TXN_0009027,ACC_000965,ACC_000395,2026-04-12 19:54:05.755011,WITHDRAWAL,4799.09,ONLINE,Hong Kong,0
TXN_0009028,ACC_000900,ACC_000325,2026-03-17 02:42:20.755011,PAYMENT,29319.74,MOBILE,India,0
TXN_0009029,ACC_000173,ACC_000041,2026-08-01 01:12:33.755011,DEPOSIT,11548.03,BRANCH,UK,0
TXN_0009030,ACC_000229,ACC_000222,2026-08-11 01:51:06.755011,WITHDRAWAL,3585.55,ATM,UAE,0
TXN_0009031,ACC_000488,ACC_000448,2026-05-19 00:01:09.755011,TRANSFER,7987.01,ATM,Hong Kong,0
TXN_0009032,ACC_000884,ACC_000706,2026-07-31 16:56:24.755011,TRANSFER,82339.36,ONLINE,UAE,1
TXN_0009033,ACC_000697,ACC_000581,2026-07-08 07:17:05.755011,PAYMENT,14574.29,BRANCH,India,0
TXN_0009034,ACC_000211,ACC_000535,2026-05-08 02:00:01.755011,DEPOSIT,1967.01,BRANCH,Singapore,0
TXN_0009035,ACC_000770,ACC_000582,2026-07-20 08:52:48.755011,DEPOSIT,7822.64,BRANCH,Singapore,0
TXN_0009036,ACC_000973,ACC_000652,2026-03-29 12:12:00.755011,PAYMENT,13021.65,MOBILE,UK,0
TXN_0009037,ACC_000769,ACC_000070,2026-05-24 21:59:33.755011,WITHDRAWAL,8430.64,ATM,India,0
TXN_0009038,ACC_000957,ACC_000682,2026-04-14 18:56:30.755011,PAYMENT,40795.6,MOBILE,UAE,0
TXN_0009039,ACC_000591,ACC_000889,2026-07-09 21:15:28.755011,WITHDRAWAL,20513.27,ATM,India,0
TXN_0009040,ACC_000052,ACC_000033,2026-08-31 14:29:32.755011,WITHDRAWAL,8030.67,ONLINE,UK,0
TXN_0009041,ACC_000031,ACC_000889,2026-08-05 16:08:28.755011,PAYMENT,10509.42,MOBILE,India,0
TXN_0009042,ACC_000415,ACC_000734,2026-06-03 01:39:57.755011,WITHDRAWAL,63318.84,ATM,USA,1
TXN_0009043,ACC_000255,ACC_000223,2026-07-25 19:44:54.755011,TRANSFER,13147.14,ATM,UK,0
TXN_0009044,ACC_000319,ACC_000065,2026-04-05 09:57:54.755011,WITHDRAWAL,906.16,BRANCH,India,0
TXN_0009045,ACC_000921,ACC_000494,2026-06-26 14:24:39.755011,DEPOSIT,5642.98,ATM,India,0
TXN_0009046,ACC_000904,ACC_000481,2026-08-06 15:13:56.755011,WITHDRAWAL,1364.68,ATM,Hong Kong,0
TXN_0009047,ACC_000036,ACC_000836,2026-03-26 14:21:01.755011,TRANSFER,37569.1,BRANCH,USA,0
TXN_0009048,ACC_000555,ACC_000786,2026-04-28 10:02:31.755011,PAYMENT,7532.49,ONLINE,Hong Kong,0
TXN_0009049,ACC_000925,ACC_000492,2026-03-24 08:03:04.755011,WITHDRAWAL,6425.25,ONLINE,Hong Kong,0
TXN_0009050,ACC_000582,ACC_000432,2026-07-18 06:05:38.755011,PAYMENT,23769.46,ONLINE,USA,0
TXN_0009051,ACC_000062,ACC_000679,2026-07-18 22:44:13.755011,WITHDRAWAL,13450.74,BRANCH,India,0
TXN_0009052,ACC_000716,ACC_000660,2026-05-27 23:14:59.755011,WITHDRAWAL,2091.5,ONLINE,UAE,0
TXN_0009053,ACC_000493,ACC_000095,2026-04-09 19:16:19.755011,WITHDRAWAL,7442.14,MOBILE,Singapore,0
TXN_0009054,ACC_000325,ACC_000949,2026-05-28 19:36:00.755011,DEPOSIT,5419.72,BRANCH,USA,0
TXN_0009055,ACC_000868,ACC_000220,2026-09-02 16:57:20.755011,DEPOSIT,998.81,MOBILE,Hong Kong,0
TXN_0009056,ACC_000099,ACC_000693,2026-06-05 06:27:03.755011,DEPOSIT,3539.24,ONLINE,USA,0
TXN_0009057,ACC_000585,ACC_000991,2026-06-30 04:06:11.755011,PAYMENT,6501.26,ONLINE,Singapore,0
TXN_0009058,ACC_000490,ACC_000002,2026-07-29 17:09:09.755011,DEPOSIT,7059.0,ONLINE,India,0
TXN_0009059,ACC_000450,ACC_000592,2026-07-11 00:51:19.755011,DEPOSIT,1368.3,ATM,Hong Kong,0
TXN_0009060,ACC_000188,ACC_000454,2026-05-11 20:51:01.755011,WITHDRAWAL,32273.4,ATM,India,0
TXN_0009061,ACC_000225,ACC_000621,2026-03-09 12:37:26.755011,DEPOSIT,7168.68,ONLINE,Singapore,0
TXN_0009062,ACC_000975,ACC_000349,2026-05-02 03:52:17.755011,WITHDRAWAL,96247.49,ONLINE,Hong Kong,1
TXN_0009063,ACC_000425,ACC_000556,2026-06-20 10:04:34.755011,WITHDRAWAL,13105.27,BRANCH,Hong Kong,0
TXN_0009064,ACC_000199,ACC_000716,2026-07-23 09:25:00.755011,PAYMENT,3147.33,ONLINE,USA,0
TXN_0009065,ACC_000171,ACC_000388,2026-04-03 21:13:28.755011,DEPOSIT,14011.41,BRANCH,India,0
TXN_0009066,ACC_000482,ACC_000376,2026-04-16 15:51:31.755011,WITHDRAWAL,5216.13,BRANCH,UAE,0
TXN_0009067,ACC_000294,ACC_000336,2026-08-21 04:31:00.755011,DEPOSIT,2763.07,BRANCH,UK,0
TXN_0009068,ACC_000147,ACC_000267,2026-06-28 02:02:17.755011,DEPOSIT,16125.17,MOBILE,USA,0
TXN_0009069,ACC_000115,ACC_000228,2026-06-13 13:49:13.755011,PAYMENT,48533.45,ATM,USA,0
TXN_0009070,ACC_000380,ACC_000020,2026-06-04 21:09:13.755011,WITHDRAWAL,19337.38,ONLINE,USA,0
TXN_0009071,ACC_000314,ACC_000771,2026-05-22 19:42:00.755011,PAYMENT,24528.06,MOBILE,Hong Kong,0
TXN_0009072,ACC_000288,ACC_000859,2026-06-26 12:46:56.755011,WITHDRAWAL,4338.32,MOBILE,Hong Kong,0
TXN_0009073,ACC_000238,ACC_000101,2026-06-01 14:05:01.755011,WITHDRAWAL,1191.37,ATM,Hong Kong,0
TXN_0009074,ACC_000828,ACC_000674,2026-05-28 09:13:45.755011,WITHDRAWAL,371068.62,BRANCH,Singapore,1
TXN_0009075,ACC_000569,ACC_000156,2026-04-15 13:50:46.755011,TRANSFER,95360.32,BRANCH,India,0
TXN_0009076,ACC_000262,ACC_000324,2026-04-04 12:27:18.755011,DEPOSIT,51604.7,MOBILE,India,0
TXN_0009077,ACC_000602,ACC_000246,2026-07-12 16:44:39.755011,DEPOSIT,5415.7,BRANCH,UAE,0
TXN_0009078,ACC_000775,ACC_000801,2026-08-24 01:18:25.755011,PAYMENT,2027.26,ATM,USA,0
TXN_0009079,ACC_000201,ACC_000540,2026-07-26 03:15:34.755011,DEPOSIT,2255.62,BRANCH,UAE,0
TXN_0009080,ACC_000737,ACC_000816,2026-06-22 14:12:05.755011,DEPOSIT,1074.4,ATM,UK,0
TXN_0009081,ACC_000216,ACC_000571,2026-06-02 08:10:57.755011,DEPOSIT,7123.44,ONLINE,Singapore,0
TXN_0009082,ACC_000146,ACC_000256,2026-07-29 16:41:16.755011,WITHDRAWAL,55648.68,ONLINE,Singapore,0
TXN_0009083,ACC_000618,ACC_000854,2026-07-08 18:18:46.755011,PAYMENT,6836.32,BRANCH,UAE,0
TXN_0009084,ACC_000369,ACC_000137,2026-04-21 16:13:30.755011,TRANSFER,186247.88,ONLINE,Singapore,1
TXN_0009085,ACC_000946,ACC_000937,2026-04-26 02:30:53.755011,DEPOSIT,42222.83,ONLINE,Hong Kong,0
TXN_0009086,ACC_000952,ACC_000297,2026-04-16 23:17:34.755011,PAYMENT,4989.47,MOBILE,India,0
TXN_0009087,ACC_000158,ACC_000737,2026-06-05 12:04:58.755011,PAYMENT,93212.56,BRANCH,Hong Kong,0
TXN_0009088,ACC_000548,ACC_000091,2026-04-12 09:43:12.755011,TRANSFER,88478.36,BRANCH,Singapore,0
TXN_0009089,ACC_000455,ACC_000826,2026-07-29 08:24:54.755011,DEPOSIT,6923.43,BRANCH,Hong Kong,0
TXN_0009090,ACC_000617,ACC_000494,2026-07-21 15:02:46.755011,TRANSFER,4051.97,ONLINE,UAE,0
TXN_0009091,ACC_000591,ACC_000449,2026-07-12 01:55:02.755011,WITHDRAWAL,18707.61,BRANCH,UAE,0
TXN_0009092,ACC_000917,ACC_000583,2026-06-26 22:52:02.755011,PAYMENT,5339.94,ATM,India,0
TXN_0009093,ACC_000498,ACC_000288,2026-07-19 20:44:52.755011,TRANSFER,2022.59,BRANCH,USA,0
TXN_0009094,ACC_000057,ACC_000727,2026-04-03 16:52:18.755011,PAYMENT,407894.22,ATM,USA,1
TXN_0009095,ACC_000710,ACC_000484,2026-06-23 10:43:35.755011,DEPOSIT,34882.37,ATM,Singapore,0
TXN_0009096,ACC_000550,ACC_000281,2026-06-18 00:27:24.755011,TRANSFER,9765.53,BRANCH,Singapore,0
TXN_0009097,ACC_000595,ACC_000309,2026-04-03 21:16:36.755011,TRANSFER,1780.34,BRANCH,USA,0
TXN_0009098,ACC_000187,ACC_000271,2026-06-07 05:20:57.755011,DEPOSIT,1853.01,BRANCH,USA,0
TXN_0009099,ACC_000488,ACC_000784,2026-05-14 02:00:31.755011,PAYMENT,9215.8,BRANCH,Hong Kong,0
TXN_0009100,ACC_000036,ACC_000012,2026-05-09 03:27:27.755011,DEPOSIT,4447.76,ATM,UAE,0
TXN_0009101,ACC_000307,ACC_000864,2026-07-22 17:32:42.755011,PAYMENT,5381.32,MOBILE,UAE,0
TXN_0009102,ACC_000009,ACC_000028,2026-08-08 06:27:12.755011,DEPOSIT,27621.67,BRANCH,Hong Kong,0
TXN_0009103,ACC_000165,ACC_000803,2026-06-25 20:13:50.755011,WITHDRAWAL,19532.11,MOBILE,Hong Kong,0
TXN_0009104,ACC_000067,ACC_000893,2026-05-09 21:46:49.755011,WITHDRAWAL,42352.01,ONLINE,UK,0
TXN_0009105,ACC_000766,ACC_000229,2026-06-06 04:14:38.755011,WITHDRAWAL,2468.22,BRANCH,UK,0
TXN_0009106,ACC_000294,ACC_000975,2026-08-16 20:44:18.755011,WITHDRAWAL,5367.78,ATM,Singapore,0
TXN_0009107,ACC_000579,ACC_000402,2026-07-05 14:04:49.755011,TRANSFER,20146.34,ONLINE,Singapore,0
TXN_0009108,ACC_000588,ACC_000620,2026-09-01 17:30:53.755011,DEPOSIT,13872.92,BRANCH,USA,0
TXN_0009109,ACC_000715,ACC_000440,2026-04-03 21:59:49.755011,WITHDRAWAL,50963.07,BRANCH,Hong Kong,0
TXN_0009110,ACC_000332,ACC_000957,2026-08-01 07:15:07.755011,PAYMENT,13421.91,ATM,India,0
TXN_0009111,ACC_000012,ACC_000140,2026-06-11 22:14:45.755011,DEPOSIT,74438.68,MOBILE,Hong Kong,0
TXN_0009112,ACC_000488,ACC_000863,2026-08-18 21:33:43.755011,DEPOSIT,15491.11,BRANCH,Hong Kong,0
TXN_0009113,ACC_000250,ACC_000877,2026-06-24 18:52:23.755011,TRANSFER,28986.95,MOBILE,India,0
TXN_0009114,ACC_000892,ACC_000568,2026-04-23 03:03:55.755011,DEPOSIT,5496.03,ONLINE,India,0
TXN_0009115,ACC_000913,ACC_000894,2026-06-15 14:31:46.755011,TRANSFER,8243.21,ATM,India,0
TXN_0009116,ACC_000007,ACC_000056,2026-08-23 20:33:31.755011,TRANSFER,24176.43,BRANCH,UAE,0
TXN_0009117,ACC_000633,ACC_000701,2026-08-30 04:02:36.755011,TRANSFER,56138.31,MOBILE,UK,0
TXN_0009118,ACC_000951,ACC_000583,2026-05-13 17:23:33.755011,PAYMENT,19439.93,ATM,USA,0
TXN_0009119,ACC_000327,ACC_000365,2026-04-26 04:46:46.755011,DEPOSIT,7333.4,MOBILE,USA,0
TXN_0009120,ACC_000099,ACC_000311,2026-04-01 03:44:35.755011,WITHDRAWAL,42310.99,MOBILE,India,0
TXN_0009121,ACC_000793,ACC_000586,2026-08-10 03:16:08.755011,WITHDRAWAL,583.84,ONLINE,Singapore,0
TXN_0009122,ACC_000204,ACC_000214,2026-07-01 21:52:53.755011,TRANSFER,1470.44,ATM,UAE,0
TXN_0009123,ACC_000598,ACC_000335,2026-05-30 17:27:14.755011,TRANSFER,18360.58,BRANCH,India,0
TXN_0009124,ACC_000690,ACC_000783,2026-07-13 11:38:29.755011,DEPOSIT,8241.44,MOBILE,Hong Kong,0
TXN_0009125,ACC_000442,ACC_000842,2026-08-17 11:20:50.755011,PAYMENT,16757.75,BRANCH,India,0
TXN_0009126,ACC_000828,ACC_000144,2026-03-19 19:58:01.755011,DEPOSIT,8754.2,MOBILE,India,0
TXN_0009127,ACC_000664,ACC_000116,2026-06-13 00:52:00.755011,TRANSFER,16076.84,BRANCH,USA,0
TXN_0009128,ACC_000814,ACC_000616,2026-07-18 19:58:45.755011,PAYMENT,32434.96,ATM,India,1
TXN_0009129,ACC_000559,ACC_000452,2026-04-02 03:49:17.755011,DEPOSIT,16067.97,ATM,UAE,0
TXN_0009130,ACC_000008,ACC_000800,2026-04-22 00:15:20.755011,PAYMENT,26723.47,MOBILE,India,0
TXN_0009131,ACC_000515,ACC_000368,2026-03-21 23:18:07.755011,TRANSFER,35054.55,MOBILE,Singapore,0
TXN_0009132,ACC_000959,ACC_000195,2026-06-24 03:10:16.755011,TRANSFER,90786.43,ONLINE,USA,0
TXN_0009133,ACC_000269,ACC_000719,2026-03-17 19:50:31.755011,WITHDRAWAL,10860.83,BRANCH,UK,0
TXN_0009134,ACC_000070,ACC_000562,2026-06-22 13:50:14.755011,WITHDRAWAL,11256.41,MOBILE,India,0
TXN_0009135,ACC_000557,ACC_000967,2026-04-23 10:01:08.755011,DEPOSIT,1302.7,MOBILE,UK,0
TXN_0009136,ACC_000790,ACC_000192,2026-07-06 06:46:51.755011,DEPOSIT,4282.56,ONLINE,Hong Kong,0
TXN_0009137,ACC_000314,ACC_000543,2026-04-25 16:25:49.755011,DEPOSIT,81338.27,ONLINE,UK,1
TXN_0009138,ACC_000231,ACC_000029,2026-04-06 04:56:29.755011,TRANSFER,28577.74,MOBILE,Singapore,0
TXN_0009139,ACC_000317,ACC_000279,2026-06-28 22:39:04.755011,DEPOSIT,57339.52,ONLINE,UK,1
TXN_0009140,ACC_000142,ACC_000861,2026-03-26 08:57:28.755011,PAYMENT,21070.05,MOBILE,India,0
TXN_0009141,ACC_000384,ACC_000881,2026-07-07 11:32:03.755011,DEPOSIT,8087.33,BRANCH,India,0
TXN_0009142,ACC_000369,ACC_000030,2026-08-15 15:02:42.755011,WITHDRAWAL,6551.17,ONLINE,UAE,0
TXN_0009143,ACC_000382,ACC_000713,2026-07-10 11:58:34.755011,DEPOSIT,10923.51,BRANCH,UK,0
TXN_0009144,ACC_000589,ACC_000218,2026-08-27 12:54:15.755011,DEPOSIT,5067.55,ATM,UAE,0
TXN_0009145,ACC_000316,ACC_000500,2026-07-02 07:52:23.755011,WITHDRAWAL,4842.35,ATM,Singapore,0
TXN_0009146,ACC_000864,ACC_000608,2026-06-25 13:16:23.755011,TRANSFER,1047.6,ATM,UK,0
TXN_0009147,ACC_000711,ACC_000810,2026-03-23 12:15:53.755011,DEPOSIT,6017.67,ONLINE,UAE,0
TXN_0009148,ACC_000467,ACC_000433,2026-04-03 06:37:02.755011,WITHDRAWAL,4555.26,BRANCH,India,0
TXN_0009149,ACC_000891,ACC_000316,2026-08-03 20:14:39.755011,PAYMENT,4362.6,MOBILE,Hong Kong,0
TXN_0009150,ACC_000083,ACC_000104,2026-04-09 03:35:56.755011,TRANSFER,13363.04,ONLINE,USA,0
TXN_0009151,ACC_000781,ACC_000690,2026-05-27 08:16:07.755011,PAYMENT,17860.71,ATM,Singapore,0
TXN_0009152,ACC_000955,ACC_000566,2026-07-08 06:17:58.755011,TRANSFER,10706.79,ATM,USA,0
TXN_0009153,ACC_000551,ACC_000250,2026-08-30 10:29:29.755011,TRANSFER,26755.58,MOBILE,UK,0
TXN_0009154,ACC_000944,ACC_000787,2026-04-24 23:39:59.755011,TRANSFER,199838.22,ATM,UK,1
TXN_0009155,ACC_000201,ACC_000756,2026-08-09 20:18:39.755011,PAYMENT,5686.97,BRANCH,UK,0
TXN_0009156,ACC_000374,ACC_000427,2026-08-10 09:54:38.755011,WITHDRAWAL,4649.77,BRANCH,UAE,0
TXN_0009157,ACC_000545,ACC_000035,2026-08-02 02:52:12.755011,WITHDRAWAL,11794.48,ONLINE,India,0
TXN_0009158,ACC_000930,ACC_000570,2026-05-16 10:14:38.755011,WITHDRAWAL,16131.36,ATM,UAE,0
TXN_0009159,ACC_000853,ACC_000382,2026-06-06 13:20:52.755011,TRANSFER,43365.23,ONLINE,UK,0
TXN_0009160,ACC_000557,ACC_000705,2026-07-18 09:32:52.755011,WITHDRAWAL,33840.3,BRANCH,UAE,0
TXN_0009161,ACC_000051,ACC_000985,2026-07-08 21:41:40.755011,DEPOSIT,4231.16,BRANCH,UAE,0
TXN_0009162,ACC_000635,ACC_000949,2026-07-23 19:13:41.755011,TRANSFER,121904.41,MOBILE,UAE,1
TXN_0009163,ACC_000356,ACC_000686,2026-08-23 15:45:28.755011,TRANSFER,310073.97,MOBILE,UK,1
TXN_0009164,ACC_000910,ACC_000611,2026-03-25 10:54:14.755011,WITHDRAWAL,29190.46,MOBILE,India,0
TXN_0009165,ACC_000004,ACC_000889,2026-03-14 08:41:26.755011,DEPOSIT,25003.31,MOBILE,Singapore,0
TXN_0009166,ACC_000406,ACC_000401,2026-08-31 07:15:32.755011,DEPOSIT,7505.16,MOBILE,UK,0
TXN_0009167,ACC_000684,ACC_000341,2026-05-07 09:03:05.755011,PAYMENT,1799.34,BRANCH,USA,0
TXN_0009168,ACC_000509,ACC_000436,2026-08-10 07:49:01.755011,DEPOSIT,2443.72,MOBILE,UAE,0
TXN_0009169,ACC_000634,ACC_000614,2026-05-14 20:26:28.755011,TRANSFER,11239.17,ATM,Hong Kong,0
TXN_0009170,ACC_000945,ACC_000793,2026-05-01 03:18:59.755011,PAYMENT,12218.06,ATM,UAE,0
TXN_0009171,ACC_000186,ACC_000189,2026-05-29 13:09:19.755011,DEPOSIT,2168.05,BRANCH,UK,0
TXN_0009172,ACC_000629,ACC_000662,2026-05-06 14:30:56.755011,TRANSFER,8548.26,BRANCH,India,0
TXN_0009173,ACC_000165,ACC_000562,2026-08-26 14:27:42.755011,PAYMENT,17282.84,BRANCH,USA,0
TXN_0009174,ACC_000964,ACC_000062,2026-06-19 20:00:26.755011,WITHDRAWAL,2035.56,ATM,USA,0
TXN_0009175,ACC_000085,ACC_000646,2026-05-16 12:23:24.755011,PAYMENT,30515.7,ONLINE,Hong Kong,0
TXN_0009176,ACC_000835,ACC_000112,2026-05-13 13:16:32.755011,DEPOSIT,59055.08,ONLINE,USA,1
TXN_0009177,ACC_000487,ACC_000193,2026-05-02 16:23:51.755011,WITHDRAWAL,36648.79,MOBILE,Singapore,0
TXN_0009178,ACC_000457,ACC_000175,2026-06-27 15:04:51.755011,PAYMENT,71902.48,ATM,UAE,1
TXN_0009179,ACC_000113,ACC_000495,2026-07-30 13:18:03.755011,DEPOSIT,2363.86,ONLINE,UAE,0
TXN_0009180,ACC_000418,ACC_000571,2026-08-22 22:57:39.755011,PAYMENT,4676.17,ATM,UK,0
TXN_0009181,ACC_000683,ACC_000970,2026-05-12 16:51:01.755011,WITHDRAWAL,7228.76,ATM,India,0
TXN_0009182,ACC_000770,ACC_000322,2026-07-22 09:24:08.755011,DEPOSIT,5083.85,MOBILE,India,0
TXN_0009183,ACC_000458,ACC_000281,2026-05-06 03:53:21.755011,TRANSFER,6252.89,BRANCH,USA,0
TXN_0009184,ACC_000589,ACC_000644,2026-04-05 21:03:01.755011,DEPOSIT,12097.55,ONLINE,Hong Kong,0
TXN_0009185,ACC_000350,ACC_000450,2026-05-25 13:22:14.755011,DEPOSIT,6598.42,ONLINE,Singapore,0
TXN_0009186,ACC_000249,ACC_000759,2026-08-28 21:03:29.755011,WITHDRAWAL,7485.07,MOBILE,USA,0
TXN_0009187,ACC_000519,ACC_000039,2026-03-24 05:25:06.755011,WITHDRAWAL,1042.03,MOBILE,UK,0
TXN_0009188,ACC_000920,ACC_000972,2026-06-29 01:31:11.755011,PAYMENT,12965.37,MOBILE,India,0
TXN_0009189,ACC_000527,ACC_000982,2026-04-01 13:58:17.755011,DEPOSIT,7280.51,ATM,UK,0
TXN_0009190,ACC_000069,ACC_000986,2026-03-08 15:21:13.755011,DEPOSIT,55957.71,ONLINE,Hong Kong,0
TXN_0009191,ACC_000852,ACC_000666,2026-08-27 10:17:44.755011,DEPOSIT,2624.17,MOBILE,UAE,0
TXN_0009192,ACC_000314,ACC_000334,2026-05-05 13:10:09.755011,PAYMENT,925.23,ATM,Singapore,0
TXN_0009193,ACC_000864,ACC_000184,2026-05-14 08:05:45.755011,TRANSFER,17012.14,ONLINE,UK,0
TXN_0009194,ACC_000283,ACC_000446,2026-03-26 00:44:55.755011,TRANSFER,12281.29,BRANCH,Hong Kong,0
TXN_0009195,ACC_000360,ACC_000903,2026-03-22 08:02:36.755011,DEPOSIT,2416.03,ATM,USA,0
TXN_0009196,ACC_000996,ACC_000531,2026-08-28 08:45:04.755011,WITHDRAWAL,1292.46,ONLINE,Hong Kong,0
TXN_0009197,ACC_000274,ACC_000074,2026-04-15 14:38:59.755011,DEPOSIT,51270.77,ONLINE,India,0
TXN_0009198,ACC_000114,ACC_000588,2026-06-10 00:30:18.755011,WITHDRAWAL,44220.0,BRANCH,Hong Kong,0
TXN_0009199,ACC_000926,ACC_000354,2026-05-04 12:57:53.755011,TRANSFER,409.55,MOBILE,UAE,0
TXN_0009200,ACC_000597,ACC_000878,2026-04-30 18:55:58.755011,WITHDRAWAL,4675.69,MOBILE,UAE,0
TXN_0009201,ACC_000499,ACC_000879,2026-06-20 19:57:14.755011,PAYMENT,59696.61,BRANCH,UAE,0
TXN_0009202,ACC_000479,ACC_000180,2026-08-23 19:10:17.755011,DEPOSIT,4576.66,BRANCH,Hong Kong,0
TXN_0009203,ACC_000530,ACC_000051,2026-08-23 04:39:39.755011,WITHDRAWAL,4497.45,ATM,UAE,0
TXN_0009204,ACC_000392,ACC_000848,2026-03-20 18:42:50.755011,WITHDRAWAL,5771.51,ATM,Singapore,0
TXN_0009205,ACC_000668,ACC_000907,2026-04-14 09:36:54.755011,TRANSFER,2111.01,ONLINE,Singapore,0
TXN_0009206,ACC_000320,ACC_000741,2026-08-07 09:46:19.755011,DEPOSIT,1047.61,MOBILE,UK,0
TXN_0009207,ACC_000023,ACC_000679,2026-04-22 07:24:35.755011,TRANSFER,28654.24,BRANCH,Hong Kong,0
TXN_0009208,ACC_000731,ACC_000742,2026-05-15 21:42:39.755011,TRANSFER,887.56,ONLINE,UAE,0
TXN_0009209,ACC_000491,ACC_000237,2026-06-15 02:59:16.755011,PAYMENT,10902.26,ONLINE,India,0
TXN_0009210,ACC_000844,ACC_000387,2026-07-09 09:04:57.755011,PAYMENT,23479.79,ATM,Singapore,0
TXN_0009211,ACC_000801,ACC_000509,2026-04-16 14:31:04.755011,PAYMENT,1420.17,BRANCH,UAE,0
TXN_0009212,ACC_000269,ACC_000852,2026-03-18 23:13:10.755011,PAYMENT,2672.79,ATM,Hong Kong,0
TXN_0009213,ACC_000340,ACC_000600,2026-03-16 04:05:00.755011,TRANSFER,34745.84,MOBILE,Singapore,0
TXN_0009214,ACC_000336,ACC_000864,2026-04-17 09:41:52.755011,PAYMENT,15359.2,ATM,Singapore,0
TXN_0009215,ACC_000933,ACC_000375,2026-07-13 00:28:26.755011,WITHDRAWAL,3863.22,ATM,India,0
TXN_0009216,ACC_000882,ACC_000215,2026-08-12 22:47:07.755011,DEPOSIT,563156.78,ATM,UK,1
TXN_0009217,ACC_000200,ACC_000694,2026-03-26 05:02:48.755011,WITHDRAWAL,34469.94,BRANCH,UK,0
TXN_0009218,ACC_000649,ACC_000389,2026-03-18 23:09:14.755011,TRANSFER,11190.98,ONLINE,UAE,0
TXN_0009219,ACC_000470,ACC_000161,2026-07-22 16:01:59.755011,DEPOSIT,2751.24,MOBILE,India,0
TXN_0009220,ACC_000265,ACC_000671,2026-03-24 21:11:30.755011,PAYMENT,4933.78,ONLINE,Singapore,0
TXN_0009221,ACC_000071,ACC_000623,2026-08-08 02:00:17.755011,TRANSFER,11426.2,ATM,Singapore,0
TXN_0009222,ACC_000735,ACC_000051,2026-05-06 17:59:25.755011,PAYMENT,6461.95,MOBILE,UK,0
TXN_0009223,ACC_000439,ACC_000042,2026-04-10 02:53:16.755011,TRANSFER,25002.94,BRANCH,USA,0
TXN_0009224,ACC_000589,ACC_000675,2026-07-10 21:20:10.755011,PAYMENT,1292.42,ATM,USA,0
TXN_0009225,ACC_000369,ACC_000872,2026-04-16 00:08:58.755011,DEPOSIT,1348.68,ATM,UAE,0
TXN_0009226,ACC_000946,ACC_000587,2026-05-08 10:38:14.755011,WITHDRAWAL,10067.27,MOBILE,UAE,0
TXN_0009227,ACC_000334,ACC_000066,2026-04-06 16:17:07.755011,DEPOSIT,4492.42,MOBILE,Singapore,0
TXN_0009228,ACC_000278,ACC_000638,2026-07-01 06:55:21.755011,DEPOSIT,3818.23,BRANCH,UK,0
TXN_0009229,ACC_000105,ACC_000167,2026-05-07 13:37:43.755011,WITHDRAWAL,971.01,BRANCH,USA,0
TXN_0009230,ACC_000503,ACC_000418,2026-05-29 14:27:08.755011,DEPOSIT,8295.39,MOBILE,Singapore,0
TXN_0009231,ACC_000753,ACC_000004,2026-03-23 01:14:39.755011,TRANSFER,7606.01,ATM,USA,0
TXN_0009232,ACC_000230,ACC_000660,2026-04-24 02:41:09.755011,DEPOSIT,17750.6,MOBILE,USA,0
TXN_0009233,ACC_000805,ACC_000269,2026-07-17 13:26:32.755011,PAYMENT,8801.59,ONLINE,UK,0
TXN_0009234,ACC_000220,ACC_000845,2026-06-14 18:02:39.755011,WITHDRAWAL,6911.04,MOBILE,Hong Kong,0
TXN_0009235,ACC_000773,ACC_000803,2026-05-10 20:12:38.755011,DEPOSIT,33269.65,MOBILE,UAE,0
TXN_0009236,ACC_000644,ACC_000237,2026-07-23 18:01:34.755011,DEPOSIT,1677.47,ATM,UAE,0
TXN_0009237,ACC_000155,ACC_000381,2026-05-16 18:12:51.755011,WITHDRAWAL,15423.8,ATM,India,0
TXN_0009238,ACC_000961,ACC_000350,2026-04-13 19:14:30.755011,PAYMENT,1090.75,MOBILE,USA,0
TXN_0009239,ACC_000201,ACC_000697,2026-05-14 19:24:00.755011,WITHDRAWAL,17622.77,BRANCH,Singapore,1
TXN_0009240,ACC_000963,ACC_000806,2026-03-11 14:08:01.755011,DEPOSIT,1890.91,ATM,Hong Kong,0
TXN_0009241,ACC_000986,ACC_000367,2026-03-27 06:28:36.755011,DEPOSIT,20709.15,MOBILE,Singapore,0
TXN_0009242,ACC_000559,ACC_000048,2026-03-10 19:10:50.755011,TRANSFER,7491.38,ONLINE,USA,0
TXN_0009243,ACC_000184,ACC_000912,2026-04-07 23:37:39.755011,TRANSFER,7972.84,ATM,USA,0
TXN_0009244,ACC_000110,ACC_000184,2026-05-17 00:36:15.755011,TRANSFER,2147.2,BRANCH,UAE,0
TXN_0009245,ACC_000196,ACC_000157,2026-04-02 22:45:14.755011,WITHDRAWAL,5655.41,MOBILE,India,0
TXN_0009246,ACC_000958,ACC_000169,2026-04-01 00:55:42.755011,DEPOSIT,3241.66,ATM,Hong Kong,0
TXN_0009247,ACC_000765,ACC_000131,2026-07-29 21:32:44.755011,TRANSFER,12837.76,MOBILE,UK,0
TXN_0009248,ACC_000487,ACC_000109,2026-08-30 20:59:51.755011,WITHDRAWAL,2466.83,ONLINE,UK,0
TXN_0009249,ACC_000633,ACC_000403,2026-08-16 13:15:23.755011,DEPOSIT,39964.76,BRANCH,Singapore,0
TXN_0009250,ACC_000034,ACC_000785,2026-08-11 17:02:07.755011,TRANSFER,1084.97,ONLINE,Hong Kong,0
TXN_0009251,ACC_000103,ACC_000214,2026-07-03 00:56:24.755011,PAYMENT,3078.43,BRANCH,UAE,0
TXN_0009252,ACC_000929,ACC_000180,2026-04-14 11:04:56.755011,DEPOSIT,60635.79,ATM,UK,0
TXN_0009253,ACC_000425,ACC_000626,2026-04-28 15:24:23.755011,TRANSFER,4807.02,ATM,USA,0
TXN_0009254,ACC_000754,ACC_000577,2026-08-14 03:58:51.755011,PAYMENT,1672.62,ONLINE,India,0
TXN_0009255,ACC_000350,ACC_000456,2026-08-20 01:13:06.755011,TRANSFER,10539.51,BRANCH,USA,0
TXN_0009256,ACC_000562,ACC_000103,2026-07-22 00:15:33.755011,WITHDRAWAL,4580.34,MOBILE,UK,0
TXN_0009257,ACC_000991,ACC_000962,2026-06-03 15:12:49.755011,DEPOSIT,2971.9,BRANCH,Hong Kong,0
TXN_0009258,ACC_000391,ACC_000007,2026-07-07 19:07:02.755011,PAYMENT,2175.37,ATM,UK,0
TXN_0009259,ACC_000693,ACC_000598,2026-03-11 17:09:33.755011,PAYMENT,224593.71,ONLINE,UAE,0
TXN_0009260,ACC_000547,ACC_000444,2026-07-05 01:31:46.755011,TRANSFER,5991.74,MOBILE,India,0
TXN_0009261,ACC_000448,ACC_000508,2026-06-24 08:03:47.755011,DEPOSIT,803.77,ATM,Hong Kong,0
TXN_0009262,ACC_000584,ACC_000662,2026-03-28 11:30:18.755011,TRANSFER,48652.17,MOBILE,UAE,0
TXN_0009263,ACC_000280,ACC_000399,2026-08-31 09:34:01.755011,TRANSFER,256925.35,ATM,USA,1
TXN_0009264,ACC_000679,ACC_000009,2026-03-23 16:05:50.755011,TRANSFER,45153.52,ATM,UK,1
TXN_0009265,ACC_000116,ACC_000507,2026-05-11 20:55:57.755011,WITHDRAWAL,2644.55,BRANCH,USA,0
TXN_0009266,ACC_000464,ACC_000216,2026-09-02 08:49:22.755011,WITHDRAWAL,18181.64,ATM,USA,0
TXN_0009267,ACC_000036,ACC_000134,2026-06-07 09:49:32.755011,DEPOSIT,6025.15,BRANCH,Singapore,0
TXN_0009268,ACC_000909,ACC_000958,2026-08-11 14:38:38.755011,WITHDRAWAL,803.38,MOBILE,USA,0
TXN_0009269,ACC_000166,ACC_000936,2026-05-21 06:17:48.755011,TRANSFER,69195.28,ONLINE,Hong Kong,0
TXN_0009270,ACC_000364,ACC_000884,2026-05-25 03:00:21.755011,TRANSFER,4813.65,MOBILE,Hong Kong,0
TXN_0009271,ACC_000473,ACC_000212,2026-08-18 00:50:19.755011,DEPOSIT,48761.0,MOBILE,Hong Kong,0
TXN_0009272,ACC_000206,ACC_000081,2026-07-30 21:55:33.755011,TRANSFER,37576.04,MOBILE,UK,0
TXN_0009273,ACC_000679,ACC_000047,2026-03-20 08:30:47.755011,PAYMENT,2437.65,ONLINE,Hong Kong,0
TXN_0009274,ACC_000339,ACC_000588,2026-06-04 23:16:10.755011,DEPOSIT,27996.31,ONLINE,UAE,0
TXN_0009275,ACC_000593,ACC_000782,2026-06-21 10:40:13.755011,WITHDRAWAL,3708.08,BRANCH,UAE,0
TXN_0009276,ACC_000340,ACC_000889,2026-04-13 04:08:21.755011,WITHDRAWAL,862.61,ATM,UK,0
TXN_0009277,ACC_000103,ACC_000269,2026-04-13 00:49:21.755011,WITHDRAWAL,4868.21,MOBILE,USA,0
TXN_0009278,ACC_000354,ACC_000725,2026-04-09 05:51:50.755011,DEPOSIT,13058.11,ONLINE,Singapore,0
TXN_0009279,ACC_000006,ACC_000775,2026-08-02 06:51:22.755011,TRANSFER,4650.43,ONLINE,Hong Kong,0
TXN_0009280,ACC_000589,ACC_000894,2026-07-12 07:36:00.755011,TRANSFER,5605.72,MOBILE,India,0
TXN_0009281,ACC_000764,ACC_000107,2026-05-05 02:26:13.755011,WITHDRAWAL,31961.24,ONLINE,UK,0
TXN_0009282,ACC_000358,ACC_000015,2026-06-23 21:13:09.755011,TRANSFER,9207.68,ATM,Hong Kong,0
TXN_0009283,ACC_000280,ACC_000733,2026-07-07 15:35:49.755011,PAYMENT,2945.52,BRANCH,USA,0
TXN_0009284,ACC_000074,ACC_000911,2026-04-25 21:53:04.755011,PAYMENT,18815.5,ATM,Singapore,0
TXN_0009285,ACC_000328,ACC_000709,2026-04-02 19:18:00.755011,WITHDRAWAL,10272.35,ATM,Hong Kong,0
TXN_0009286,ACC_000183,ACC_000293,2026-08-22 01:45:17.755011,WITHDRAWAL,393.1,ATM,UAE,0
TXN_0009287,ACC_000014,ACC_000868,2026-05-23 17:08:45.755011,WITHDRAWAL,13548.4,ATM,UK,0
TXN_0009288,ACC_000465,ACC_000290,2026-03-23 16:57:40.755011,WITHDRAWAL,12967.41,ATM,UK,0
TXN_0009289,ACC_000717,ACC_000719,2026-06-26 09:04:00.755011,DEPOSIT,8301.12,MOBILE,Hong Kong,0
TXN_0009290,ACC_000833,ACC_000970,2026-08-08 13:01:17.755011,DEPOSIT,23624.53,ATM,India,0
TXN_0009291,ACC_000664,ACC_000563,2026-06-21 21:20:58.755011,TRANSFER,3616.01,ATM,USA,0
TXN_0009292,ACC_000394,ACC_000400,2026-08-03 19:55:58.755011,TRANSFER,12134.4,MOBILE,USA,0
TXN_0009293,ACC_000041,ACC_000620,2026-06-19 17:12:47.755011,DEPOSIT,1236.02,ONLINE,USA,0
TXN_0009294,ACC_000863,ACC_000480,2026-08-02 09:34:08.755011,TRANSFER,13207.08,BRANCH,Hong Kong,0
TXN_0009295,ACC_000936,ACC_000104,2026-08-22 18:35:57.755011,WITHDRAWAL,84429.46,ONLINE,India,0
TXN_0009296,ACC_000219,ACC_000242,2026-07-11 13:28:49.755011,TRANSFER,2455.71,BRANCH,India,0
TXN_0009297,ACC_000359,ACC_000917,2026-08-18 15:47:45.755011,PAYMENT,3255.94,ATM,Singapore,0
TXN_0009298,ACC_000545,ACC_000399,2026-03-07 19:02:03.755011,TRANSFER,3456.4,MOBILE,Hong Kong,0
TXN_0009299,ACC_000491,ACC_000944,2026-08-02 16:31:45.755011,WITHDRAWAL,9471.08,BRANCH,USA,0
TXN_0009300,ACC_000479,ACC_000089,2026-04-14 23:17:42.755011,DEPOSIT,2262.8,ATM,India,0
TXN_0009301,ACC_000236,ACC_000246,2026-05-09 05:55:21.755011,PAYMENT,13433.37,ONLINE,India,0
TXN_0009302,ACC_000191,ACC_000345,2026-08-23 03:31:19.755011,DEPOSIT,22386.38,BRANCH,UK,0
TXN_0009303,ACC_000939,ACC_000923,2026-04-25 06:48:38.755011,TRANSFER,15386.05,ATM,USA,0
TXN_0009304,ACC_000366,ACC_000094,2026-03-26 22:58:46.755011,DEPOSIT,970.59,ATM,UAE,0
TXN_0009305,ACC_000769,ACC_000809,2026-06-20 04:48:26.755011,WITHDRAWAL,26747.63,ATM,USA,0
TXN_0009306,ACC_000203,ACC_000089,2026-05-30 10:01:29.755011,WITHDRAWAL,24955.28,MOBILE,USA,0
TXN_0009307,ACC_000854,ACC_000630,2026-08-25 10:34:41.755011,TRANSFER,21942.78,ATM,Hong Kong,0
TXN_0009308,ACC_000121,ACC_000253,2026-05-06 21:18:13.755011,TRANSFER,194835.95,MOBILE,Singapore,1
TXN_0009309,ACC_000880,ACC_000840,2026-04-14 12:27:01.755011,DEPOSIT,10553.65,BRANCH,Singapore,0
TXN_0009310,ACC_000314,ACC_000429,2026-05-24 07:36:17.755011,PAYMENT,27969.43,MOBILE,India,0
TXN_0009311,ACC_000333,ACC_000173,2026-05-05 00:05:48.755011,PAYMENT,81488.42,ATM,USA,0
TXN_0009312,ACC_000704,ACC_000222,2026-05-09 14:19:28.755011,WITHDRAWAL,2582.08,MOBILE,Hong Kong,0
TXN_0009313,ACC_000610,ACC_000458,2026-07-24 15:07:46.755011,PAYMENT,29547.38,MOBILE,UAE,0
TXN_0009314,ACC_000997,ACC_000449,2026-05-15 10:50:44.755011,DEPOSIT,7306.64,MOBILE,UAE,0
TXN_0009315,ACC_000227,ACC_000355,2026-07-09 23:47:11.755011,PAYMENT,6935.39,ONLINE,Hong Kong,0
TXN_0009316,ACC_000700,ACC_000397,2026-03-07 11:40:00.755011,WITHDRAWAL,1281.98,ONLINE,Singapore,0
TXN_0009317,ACC_000201,ACC_000952,2026-04-04 08:37:38.755011,TRANSFER,5757.47,MOBILE,UK,0
TXN_0009318,ACC_000268,ACC_000472,2026-05-06 07:16:21.755011,PAYMENT,2448.63,ONLINE,Singapore,0
TXN_0009319,ACC_000110,ACC_000410,2026-03-10 06:49:41.755011,PAYMENT,4644.2,ATM,Singapore,0
TXN_0009320,ACC_000667,ACC_000276,2026-04-13 06:33:45.755011,TRANSFER,2169.34,MOBILE,India,0
TXN_0009321,ACC_000355,ACC_000129,2026-07-16 16:22:08.755011,DEPOSIT,4728.25,BRANCH,USA,0
TXN_0009322,ACC_000957,ACC_000305,2026-05-26 17:43:55.755011,PAYMENT,4977.42,BRANCH,USA,0
TXN_0009323,ACC_000934,ACC_000895,2026-04-12 20:53:36.755011,DEPOSIT,9100.69,MOBILE,Hong Kong,0
TXN_0009324,ACC_000208,ACC_000397,2026-05-01 18:49:39.755011,DEPOSIT,1167.13,BRANCH,UAE,0
TXN_0009325,ACC_000493,ACC_000626,2026-08-03 13:19:23.755011,DEPOSIT,1429.93,BRANCH,Hong Kong,0
TXN_0009326,ACC_000645,ACC_000877,2026-06-08 12:59:23.755011,PAYMENT,12510.17,BRANCH,UAE,0
TXN_0009327,ACC_000200,ACC_000005,2026-07-23 04:27:53.755011,TRANSFER,3112.17,ATM,USA,0
TXN_0009328,ACC_000630,ACC_000794,2026-06-10 06:12:19.755011,PAYMENT,29420.17,ONLINE,Singapore,0
TXN_0009329,ACC_000973,ACC_000428,2026-07-09 22:16:56.755011,DEPOSIT,10618.19,ONLINE,UAE,0
TXN_0009330,ACC_000304,ACC_000878,2026-03-21 03:41:51.755011,WITHDRAWAL,16782.88,ONLINE,UAE,0
TXN_0009331,ACC_000753,ACC_000471,2026-05-06 07:23:09.755011,WITHDRAWAL,44039.0,BRANCH,India,0
TXN_0009332,ACC_000214,ACC_000558,2026-07-28 23:09:30.755011,WITHDRAWAL,31427.33,MOBILE,Hong Kong,1
TXN_0009333,ACC_000839,ACC_000429,2026-03-13 03:24:10.755011,PAYMENT,4066.82,ATM,UAE,0
TXN_0009334,ACC_000728,ACC_000414,2026-05-07 07:34:26.755011,TRANSFER,23064.34,MOBILE,India,0
TXN_0009335,ACC_000936,ACC_000390,2026-06-25 07:01:28.755011,DEPOSIT,14934.31,ONLINE,Hong Kong,0
TXN_0009336,ACC_000174,ACC_000636,2026-07-04 21:15:39.755011,PAYMENT,6471.76,ATM,Hong Kong,0
TXN_0009337,ACC_000541,ACC_000614,2026-06-03 04:36:44.755011,TRANSFER,43034.16,MOBILE,India,0
TXN_0009338,ACC_000196,ACC_000057,2026-03-10 08:40:59.755011,PAYMENT,6281.14,MOBILE,Hong Kong,0
TXN_0009339,ACC_000755,ACC_000858,2026-06-09 04:21:03.755011,TRANSFER,8428.11,ONLINE,USA,0
TXN_0009340,ACC_000218,ACC_000026,2026-06-06 11:38:09.755011,PAYMENT,8312.1,ATM,UAE,0
TXN_0009341,ACC_000654,ACC_000588,2026-05-16 21:06:31.755011,WITHDRAWAL,2639.88,ONLINE,Hong Kong,0
TXN_0009342,ACC_000642,ACC_000158,2026-06-30 12:31:42.755011,TRANSFER,8893.74,BRANCH,USA,0
TXN_0009343,ACC_000809,ACC_000210,2026-03-16 08:06:53.755011,PAYMENT,43308.85,MOBILE,Hong Kong,0
TXN_0009344,ACC_000230,ACC_000591,2026-04-19 16:25:39.755011,WITHDRAWAL,13821.24,ONLINE,India,0
TXN_0009345,ACC_000642,ACC_000783,2026-04-23 06:40:33.755011,DEPOSIT,8410.84,BRANCH,USA,0
TXN_0009346,ACC_000469,ACC_000617,2026-07-13 21:27:36.755011,PAYMENT,6673.36,BRANCH,UAE,0
TXN_0009347,ACC_000965,ACC_000547,2026-05-22 04:43:31.755011,PAYMENT,237487.26,ATM,Singapore,1
TXN_0009348,ACC_000732,ACC_000301,2026-06-22 12:36:53.755011,PAYMENT,19924.79,ATM,UAE,0
TXN_0009349,ACC_000894,ACC_000777,2026-08-11 17:04:04.755011,DEPOSIT,16832.83,MOBILE,India,0
TXN_0009350,ACC_000267,ACC_000816,2026-07-18 17:28:34.755011,DEPOSIT,5441.24,MOBILE,Singapore,0
TXN_0009351,ACC_000920,ACC_000413,2026-03-12 01:15:16.755011,PAYMENT,11964.96,ONLINE,Singapore,0
TXN_0009352,ACC_000693,ACC_000693,2026-05-06 13:06:56.755011,WITHDRAWAL,14413.6,ONLINE,UAE,0
TXN_0009353,ACC_000145,ACC_000052,2026-05-31 17:10:49.755011,PAYMENT,2419.62,ONLINE,India,0
TXN_0009354,ACC_000005,ACC_000531,2026-08-01 21:13:38.755011,WITHDRAWAL,9915.72,ATM,Hong Kong,0
TXN_0009355,ACC_000297,ACC_000920,2026-03-30 16:39:23.755011,TRANSFER,605.73,ONLINE,India,0
TXN_0009356,ACC_000449,ACC_000606,2026-07-08 08:57:48.755011,DEPOSIT,14458.54,ATM,USA,0
TXN_0009357,ACC_000002,ACC_000466,2026-05-12 00:27:27.755011,WITHDRAWAL,17897.42,MOBILE,India,0
TXN_0009358,ACC_000245,ACC_000868,2026-05-01 09:22:19.755011,PAYMENT,19871.77,BRANCH,India,0
TXN_0009359,ACC_000171,ACC_000585,2026-06-30 03:28:20.755011,TRANSFER,5043.94,ATM,Hong Kong,0
TXN_0009360,ACC_000271,ACC_000781,2026-07-11 15:39:39.755011,TRANSFER,11741.16,BRANCH,India,0
TXN_0009361,ACC_000219,ACC_000701,2026-06-30 09:33:31.755011,DEPOSIT,44745.43,ATM,UK,0
TXN_0009362,ACC_000759,ACC_000539,2026-06-16 08:43:19.755011,WITHDRAWAL,44201.92,ONLINE,Hong Kong,0
TXN_0009363,ACC_000136,ACC_000247,2026-04-21 15:17:26.755011,TRANSFER,7824.33,ATM,Singapore,0
TXN_0009364,ACC_000754,ACC_000328,2026-08-29 06:23:12.755011,DEPOSIT,9577.61,MOBILE,India,0
TXN_0009365,ACC_000421,ACC_000950,2026-06-07 20:37:37.755011,PAYMENT,30733.03,ATM,Singapore,0
TXN_0009366,ACC_000616,ACC_000275,2026-05-11 10:27:09.755011,TRANSFER,1338.14,MOBILE,USA,0
TXN_0009367,ACC_000816,ACC_000547,2026-08-24 18:14:10.755011,PAYMENT,5498.93,MOBILE,India,0
TXN_0009368,ACC_000323,ACC_000505,2026-04-21 22:51:44.755011,TRANSFER,40242.73,ONLINE,Singapore,0
TXN_0009369,ACC_000285,ACC_000732,2026-08-05 05:07:20.755011,DEPOSIT,26114.36,BRANCH,UAE,0
TXN_0009370,ACC_000109,ACC_000843,2026-06-08 10:45:11.755011,PAYMENT,12620.99,ATM,Hong Kong,0
TXN_0009371,ACC_000812,ACC_000924,2026-03-18 20:39:23.755011,TRANSFER,1330.09,ONLINE,USA,0
TXN_0009372,ACC_000104,ACC_000963,2026-07-11 11:06:24.755011,WITHDRAWAL,7632.02,MOBILE,Hong Kong,0
TXN_0009373,ACC_000565,ACC_000377,2026-03-26 13:52:26.755011,TRANSFER,3992.22,ONLINE,India,0
TXN_0009374,ACC_000047,ACC_000135,2026-05-21 00:34:34.755011,PAYMENT,12055.14,MOBILE,USA,0
TXN_0009375,ACC_000805,ACC_000607,2026-07-08 13:01:59.755011,DEPOSIT,3068.01,ATM,UAE,0
TXN_0009376,ACC_000804,ACC_000278,2026-03-26 08:53:33.755011,TRANSFER,2366.42,ONLINE,USA,0
TXN_0009377,ACC_000440,ACC_000234,2026-05-11 19:44:47.755011,TRANSFER,680.05,BRANCH,Singapore,0
TXN_0009378,ACC_000051,ACC_000147,2026-05-23 04:54:50.755011,DEPOSIT,35107.34,ONLINE,Singapore,0
TXN_0009379,ACC_000475,ACC_000542,2026-04-11 10:17:33.755011,WITHDRAWAL,5015.43,BRANCH,UAE,0
TXN_0009380,ACC_000471,ACC_000982,2026-08-07 22:25:25.755011,TRANSFER,9784.7,ONLINE,UAE,0
TXN_0009381,ACC_000236,ACC_000315,2026-06-18 17:23:24.755011,DEPOSIT,8081.35,BRANCH,Hong Kong,0
TXN_0009382,ACC_000013,ACC_000664,2026-03-24 16:33:21.755011,WITHDRAWAL,2250.89,BRANCH,USA,0
TXN_0009383,ACC_000190,ACC_000530,2026-07-07 05:31:32.755011,PAYMENT,23824.82,ONLINE,USA,1
TXN_0009384,ACC_000714,ACC_000306,2026-03-22 17:31:21.755011,PAYMENT,2425.08,MOBILE,Hong Kong,0
TXN_0009385,ACC_000851,ACC_000758,2026-03-25 09:30:27.755011,WITHDRAWAL,3402.27,ATM,India,0
TXN_0009386,ACC_000317,ACC_000391,2026-05-03 20:31:13.755011,DEPOSIT,12580.8,MOBILE,USA,0
TXN_0009387,ACC_000423,ACC_000227,2026-06-24 17:06:02.755011,WITHDRAWAL,3118.6,ONLINE,India,0
TXN_0009388,ACC_000463,ACC_000430,2026-06-30 04:09:42.755011,PAYMENT,65893.08,ATM,UK,0
TXN_0009389,ACC_000265,ACC_000107,2026-03-19 08:13:05.755011,WITHDRAWAL,27794.16,ONLINE,Hong Kong,0
TXN_0009390,ACC_000045,ACC_000220,2026-07-07 17:21:13.755011,TRANSFER,21376.16,BRANCH,Singapore,0
TXN_0009391,ACC_000489,ACC_000005,2026-03-21 03:48:34.755011,DEPOSIT,7019.23,ONLINE,Singapore,0
TXN_0009392,ACC_000570,ACC_000752,2026-05-24 12:15:18.755011,WITHDRAWAL,49868.1,BRANCH,UK,0
TXN_0009393,ACC_000691,ACC_000934,2026-06-20 00:32:05.755011,PAYMENT,6237.86,ONLINE,UAE,0
TXN_0009394,ACC_000544,ACC_000317,2026-04-01 00:31:26.755011,TRANSFER,7804.74,ONLINE,UAE,0
TXN_0009395,ACC_000619,ACC_000144,2026-05-22 19:31:04.755011,PAYMENT,9936.49,MOBILE,UK,0
TXN_0009396,ACC_000335,ACC_000379,2026-03-18 06:55:04.755011,DEPOSIT,18810.82,ATM,UK,0
TXN_0009397,ACC_000176,ACC_000085,2026-06-05 00:28:15.755011,PAYMENT,17401.12,BRANCH,USA,0
TXN_0009398,ACC_000157,ACC_000027,2026-05-24 20:40:17.755011,TRANSFER,4581.81,BRANCH,India,0
TXN_0009399,ACC_000944,ACC_000302,2026-04-29 09:03:35.755011,TRANSFER,58829.98,BRANCH,Hong Kong,1
TXN_0009400,ACC_000199,ACC_000070,2026-08-22 06:47:10.755011,TRANSFER,17463.77,ONLINE,Singapore,0
TXN_0009401,ACC_000400,ACC_000434,2026-08-10 04:03:18.755011,DEPOSIT,19116.06,ATM,Singapore,0
TXN_0009402,ACC_000559,ACC_000813,2026-07-20 21:56:13.755011,WITHDRAWAL,5054.22,ATM,UK,0
TXN_0009403,ACC_000745,ACC_000737,2026-04-25 01:03:57.755011,TRANSFER,1206.37,MOBILE,Singapore,0
TXN_0009404,ACC_000951,ACC_000375,2026-08-22 07:39:01.755011,DEPOSIT,6318.4,ONLINE,USA,0
TXN_0009405,ACC_000398,ACC_000985,2026-05-08 03:21:16.755011,WITHDRAWAL,17123.91,BRANCH,Hong Kong,0
TXN_0009406,ACC_000439,ACC_000324,2026-07-17 14:52:05.755011,DEPOSIT,70721.17,BRANCH,Singapore,0
TXN_0009407,ACC_000470,ACC_000792,2026-05-11 13:06:09.755011,TRANSFER,1924.56,ONLINE,India,0
TXN_0009408,ACC_000019,ACC_000108,2026-06-11 09:59:35.755011,TRANSFER,4856.7,MOBILE,Hong Kong,0
TXN_0009409,ACC_000197,ACC_000784,2026-06-25 12:11:15.755011,WITHDRAWAL,5078.22,BRANCH,Singapore,0
TXN_0009410,ACC_000191,ACC_000824,2026-08-11 10:07:10.755011,DEPOSIT,41231.85,ATM,UK,0
TXN_0009411,ACC_000141,ACC_000354,2026-05-12 07:17:10.755011,DEPOSIT,7770.35,BRANCH,India,0
TXN_0009412,ACC_000730,ACC_000938,2026-07-23 14:33:11.755011,PAYMENT,2727.68,ATM,UK,0
TXN_0009413,ACC_000818,ACC_000644,2026-07-03 09:46:38.755011,WITHDRAWAL,15842.23,ONLINE,UAE,0
TXN_0009414,ACC_000442,ACC_000689,2026-06-13 07:48:41.755011,PAYMENT,4986.22,ONLINE,UK,0
TXN_0009415,ACC_000165,ACC_000607,2026-04-04 15:07:51.755011,DEPOSIT,1864.48,MOBILE,USA,0
TXN_0009416,ACC_000127,ACC_000708,2026-08-22 23:41:52.755011,TRANSFER,2775.74,ONLINE,Hong Kong,0
TXN_0009417,ACC_000597,ACC_000558,2026-08-29 10:10:10.755011,PAYMENT,64916.06,ONLINE,UAE,0
TXN_0009418,ACC_000049,ACC_000254,2026-03-08 21:22:52.755011,DEPOSIT,12849.38,BRANCH,UK,0
TXN_0009419,ACC_000754,ACC_000942,2026-08-16 08:26:30.755011,TRANSFER,9221.68,ONLINE,UK,0
TXN_0009420,ACC_000444,ACC_000341,2026-05-12 07:37:01.755011,TRANSFER,6003.68,ATM,UK,0
TXN_0009421,ACC_000039,ACC_000689,2026-06-10 07:24:07.755011,TRANSFER,11505.48,MOBILE,UAE,0
TXN_0009422,ACC_000940,ACC_000473,2026-07-17 22:21:22.755011,TRANSFER,11342.17,MOBILE,Singapore,0
TXN_0009423,ACC_000880,ACC_000070,2026-07-02 20:53:40.755011,TRANSFER,11505.75,ATM,UAE,0
TXN_0009424,ACC_000544,ACC_000773,2026-04-28 06:06:27.755011,PAYMENT,9300.41,BRANCH,USA,0
TXN_0009425,ACC_000972,ACC_000425,2026-08-31 01:08:47.755011,TRANSFER,22984.1,BRANCH,Hong Kong,0
TXN_0009426,ACC_000688,ACC_000990,2026-06-01 21:17:46.755011,DEPOSIT,8330.89,ONLINE,Singapore,0
TXN_0009427,ACC_000326,ACC_000190,2026-06-04 08:06:02.755011,DEPOSIT,2506.08,MOBILE,Hong Kong,0
TXN_0009428,ACC_000394,ACC_000638,2026-07-19 05:46:10.755011,TRANSFER,3885.83,MOBILE,UK,0
TXN_0009429,ACC_000629,ACC_000474,2026-07-08 06:50:07.755011,TRANSFER,753.84,MOBILE,India,0
TXN_0009430,ACC_000336,ACC_000853,2026-04-26 12:37:56.755011,PAYMENT,92242.89,BRANCH,Singapore,0
TXN_0009431,ACC_000812,ACC_000547,2026-03-14 20:59:19.755011,DEPOSIT,22818.01,MOBILE,UK,0
TXN_0009432,ACC_000167,ACC_000272,2026-05-29 22:50:08.755011,WITHDRAWAL,2992.65,ONLINE,UAE,0
TXN_0009433,ACC_000890,ACC_000764,2026-08-09 12:34:57.755011,DEPOSIT,5777.85,BRANCH,UAE,0
TXN_0009434,ACC_000026,ACC_000104,2026-07-24 10:09:28.755011,PAYMENT,39696.67,ONLINE,UAE,1
TXN_0009435,ACC_000064,ACC_000449,2026-06-05 00:54:39.755011,WITHDRAWAL,51588.63,ONLINE,UK,0
TXN_0009436,ACC_000104,ACC_000247,2026-03-11 17:23:32.755011,WITHDRAWAL,1474.61,MOBILE,USA,0
TXN_0009437,ACC_000766,ACC_000179,2026-08-26 18:28:24.755011,TRANSFER,9296.3,MOBILE,India,0
TXN_0009438,ACC_000320,ACC_000487,2026-04-10 19:30:01.755011,DEPOSIT,7113.62,ATM,UK,0
TXN_0009439,ACC_000190,ACC_000221,2026-07-31 14:22:09.755011,DEPOSIT,21855.47,ATM,Singapore,0
TXN_0009440,ACC_000049,ACC_000514,2026-04-21 15:05:46.755011,TRANSFER,7152.3,ATM,UK,0
TXN_0009441,ACC_000318,ACC_000407,2026-05-04 01:53:24.755011,WITHDRAWAL,982.55,ATM,USA,0
TXN_0009442,ACC_000965,ACC_000044,2026-07-30 14:02:06.755011,WITHDRAWAL,5994.87,MOBILE,UAE,0
TXN_0009443,ACC_000105,ACC_000499,2026-05-27 17:52:26.755011,DEPOSIT,2523.51,ATM,India,0
TXN_0009444,ACC_000580,ACC_000955,2026-06-07 03:57:11.755011,TRANSFER,8915.04,ONLINE,Hong Kong,0
TXN_0009445,ACC_000626,ACC_000657,2026-06-26 08:46:31.755011,WITHDRAWAL,45297.74,BRANCH,Singapore,0
TXN_0009446,ACC_000020,ACC_000612,2026-06-05 19:52:51.755011,WITHDRAWAL,1004.95,ONLINE,India,0
TXN_0009447,ACC_000732,ACC_000861,2026-04-18 06:51:53.755011,WITHDRAWAL,3101.78,BRANCH,Hong Kong,0
TXN_0009448,ACC_000408,ACC_000137,2026-05-08 07:28:21.755011,TRANSFER,51082.5,ONLINE,Hong Kong,1
TXN_0009449,ACC_000146,ACC_000540,2026-03-14 00:00:28.755011,TRANSFER,5125.8,MOBILE,Singapore,0
TXN_0009450,ACC_000605,ACC_000998,2026-08-21 14:43:43.755011,WITHDRAWAL,19695.61,MOBILE,India,0
TXN_0009451,ACC_000784,ACC_000263,2026-03-18 02:30:58.755011,WITHDRAWAL,6579.71,MOBILE,India,0
TXN_0009452,ACC_000864,ACC_000854,2026-08-19 19:07:09.755011,DEPOSIT,13345.88,ATM,India,0
TXN_0009453,ACC_000745,ACC_000460,2026-05-19 03:47:31.755011,PAYMENT,3824.08,BRANCH,UK,0
TXN_0009454,ACC_000906,ACC_000927,2026-08-10 04:25:44.755011,PAYMENT,10677.66,ONLINE,USA,0
TXN_0009455,ACC_000554,ACC_000582,2026-05-08 11:12:55.755011,PAYMENT,20606.4,ATM,UAE,0
TXN_0009456,ACC_000199,ACC_000471,2026-05-08 16:22:10.755011,TRANSFER,3365.19,ONLINE,Hong Kong,0
TXN_0009457,ACC_000726,ACC_000402,2026-06-08 07:14:25.755011,TRANSFER,20694.63,BRANCH,USA,0
TXN_0009458,ACC_000222,ACC_000157,2026-08-16 07:14:04.755011,WITHDRAWAL,8628.68,ATM,USA,0
TXN_0009459,ACC_000913,ACC_000946,2026-06-05 20:31:08.755011,DEPOSIT,28411.59,MOBILE,Singapore,0
TXN_0009460,ACC_000947,ACC_000278,2026-07-04 04:07:07.755011,DEPOSIT,6363.26,BRANCH,UAE,0
TXN_0009461,ACC_000191,ACC_000284,2026-08-15 18:42:11.755011,TRANSFER,12803.75,MOBILE,UAE,0
TXN_0009462,ACC_000666,ACC_000576,2026-05-27 17:46:18.755011,TRANSFER,7717.71,BRANCH,Singapore,0
TXN_0009463,ACC_000649,ACC_000958,2026-08-23 01:18:28.755011,WITHDRAWAL,7219.53,BRANCH,UK,0
TXN_0009464,ACC_000768,ACC_000450,2026-07-16 20:57:32.755011,WITHDRAWAL,11055.87,BRANCH,UK,0
TXN_0009465,ACC_000713,ACC_000596,2026-08-05 02:15:04.755011,PAYMENT,15431.54,MOBILE,USA,0
TXN_0009466,ACC_000272,ACC_000396,2026-04-23 11:14:56.755011,PAYMENT,1808.99,MOBILE,India,0
TXN_0009467,ACC_000188,ACC_000684,2026-04-04 11:59:53.755011,DEPOSIT,45268.21,ATM,UK,0
TXN_0009468,ACC_000479,ACC_000493,2026-06-22 09:51:22.755011,DEPOSIT,869.92,ATM,UK,0
TXN_0009469,ACC_000574,ACC_000924,2026-03-20 15:48:25.755011,DEPOSIT,32440.75,BRANCH,Singapore,1
TXN_0009470,ACC_000797,ACC_000202,2026-05-25 14:35:27.755011,DEPOSIT,7236.39,ONLINE,India,0
TXN_0009471,ACC_000550,ACC_000450,2026-06-17 04:31:19.755011,PAYMENT,13290.8,BRANCH,Singapore,0
TXN_0009472,ACC_000992,ACC_000057,2026-05-27 15:56:11.755011,DEPOSIT,53712.82,BRANCH,Singapore,0
TXN_0009473,ACC_000290,ACC_000748,2026-08-06 10:56:39.755011,PAYMENT,871.36,ONLINE,UK,0
TXN_0009474,ACC_000681,ACC_000841,2026-03-13 08:48:53.755011,WITHDRAWAL,4406.2,BRANCH,UAE,0
TXN_0009475,ACC_000843,ACC_000072,2026-05-24 19:15:29.755011,DEPOSIT,4817.93,ATM,UK,1
TXN_0009476,ACC_000095,ACC_000545,2026-05-10 15:08:39.755011,DEPOSIT,8416.47,MOBILE,India,0
TXN_0009477,ACC_000136,ACC_000066,2026-03-24 03:22:47.755011,WITHDRAWAL,11226.36,ONLINE,Hong Kong,0
TXN_0009478,ACC_000534,ACC_000129,2026-07-23 18:37:02.755011,DEPOSIT,54663.69,ONLINE,UAE,0
TXN_0009479,ACC_000441,ACC_000677,2026-07-27 13:55:06.755011,DEPOSIT,9365.25,MOBILE,India,0
TXN_0009480,ACC_000448,ACC_000859,2026-04-25 16:19:23.755011,DEPOSIT,28362.7,ONLINE,India,0
TXN_0009481,ACC_000785,ACC_000756,2026-08-09 18:43:41.755011,WITHDRAWAL,16327.47,ATM,UAE,0
TXN_0009482,ACC_000110,ACC_000919,2026-03-14 15:29:48.755011,WITHDRAWAL,4806.39,MOBILE,Hong Kong,0
TXN_0009483,ACC_000397,ACC_000316,2026-04-12 04:29:13.755011,TRANSFER,1494.05,ATM,UK,0
TXN_0009484,ACC_000158,ACC_000705,2026-08-29 07:58:25.755011,WITHDRAWAL,119596.66,BRANCH,UAE,1
TXN_0009485,ACC_000992,ACC_000956,2026-08-08 15:00:16.755011,PAYMENT,1352.19,MOBILE,India,0
TXN_0009486,ACC_000143,ACC_000006,2026-04-22 18:30:29.755011,PAYMENT,38339.98,ATM,Singapore,0
TXN_0009487,ACC_000220,ACC_000669,2026-03-23 11:45:55.755011,TRANSFER,6671.0,ONLINE,India,0
TXN_0009488,ACC_000285,ACC_000616,2026-07-30 11:03:23.755011,TRANSFER,34003.3,ONLINE,Hong Kong,0
TXN_0009489,ACC_000261,ACC_000454,2026-06-19 01:43:43.755011,WITHDRAWAL,4553.92,MOBILE,UK,0
TXN_0009490,ACC_000253,ACC_000298,2026-06-09 19:29:51.755011,PAYMENT,11188.27,ATM,UAE,0
TXN_0009491,ACC_000621,ACC_000070,2026-08-26 00:15:26.755011,PAYMENT,10417.25,ATM,Hong Kong,0
TXN_0009492,ACC_000563,ACC_000812,2026-03-20 08:01:47.755011,PAYMENT,7676.72,BRANCH,Singapore,0
TXN_0009493,ACC_000269,ACC_000639,2026-07-26 12:21:52.755011,PAYMENT,4821.35,MOBILE,UAE,0
TXN_0009494,ACC_000537,ACC_000279,2026-03-09 09:22:44.755011,DEPOSIT,12977.17,BRANCH,USA,0
TXN_0009495,ACC_000465,ACC_000914,2026-08-06 05:39:21.755011,WITHDRAWAL,2666.72,MOBILE,UK,0
TXN_0009496,ACC_000110,ACC_000923,2026-06-07 12:57:34.755011,PAYMENT,1898.23,BRANCH,India,0
TXN_0009497,ACC_000937,ACC_000307,2026-04-26 20:04:52.755011,DEPOSIT,36004.25,MOBILE,UK,0
TXN_0009498,ACC_000744,ACC_000030,2026-07-04 18:47:07.755011,TRANSFER,19391.72,BRANCH,Singapore,0
TXN_0009499,ACC_000588,ACC_000305,2026-03-12 22:01:54.755011,DEPOSIT,8769.81,ATM,India,0
TXN_0009500,ACC_000945,ACC_000865,2026-04-05 00:22:07.755011,DEPOSIT,59764.72,MOBILE,Singapore,0
TXN_0009501,ACC_000515,ACC_000918,2026-05-10 20:27:10.755011,DEPOSIT,5876.29,ATM,UK,0
TXN_0009502,ACC_000399,ACC_000930,2026-05-04 19:39:44.755011,PAYMENT,39626.12,ONLINE,USA,0
TXN_0009503,ACC_000287,ACC_000816,2026-07-18 08:15:11.755011,PAYMENT,10003.49,ONLINE,UAE,0
TXN_0009504,ACC_000314,ACC_000600,2026-06-04 12:00:21.755011,PAYMENT,2369.18,ONLINE,UAE,0
TXN_0009505,ACC_000082,ACC_000147,2026-07-18 13:26:46.755011,PAYMENT,74432.52,ONLINE,USA,0
TXN_0009506,ACC_000099,ACC_000142,2026-03-21 19:53:51.755011,WITHDRAWAL,269202.68,ONLINE,USA,1
TXN_0009507,ACC_000033,ACC_000333,2026-04-30 14:48:17.755011,WITHDRAWAL,7007.77,ONLINE,Hong Kong,0
TXN_0009508,ACC_000170,ACC_000236,2026-05-10 21:54:51.755011,DEPOSIT,19391.8,ONLINE,India,0
TXN_0009509,ACC_000928,ACC_000463,2026-08-21 09:10:29.755011,DEPOSIT,4991.82,BRANCH,UK,0
TXN_0009510,ACC_000769,ACC_000048,2026-03-17 22:29:26.755011,PAYMENT,21916.14,ATM,USA,0
TXN_0009511,ACC_000248,ACC_000294,2026-05-30 03:17:08.755011,DEPOSIT,2482.13,MOBILE,USA,1
TXN_0009512,ACC_000979,ACC_000263,2026-06-06 06:44:43.755011,WITHDRAWAL,2383.29,BRANCH,UK,0
TXN_0009513,ACC_000064,ACC_000837,2026-04-19 00:48:50.755011,PAYMENT,161765.65,ATM,USA,1
TXN_0009514,ACC_000828,ACC_000363,2026-06-21 05:51:08.755011,WITHDRAWAL,113954.67,ATM,Singapore,1
TXN_0009515,ACC_000493,ACC_000242,2026-08-27 04:02:14.755011,TRANSFER,10394.69,MOBILE,UAE,0
TXN_0009516,ACC_000080,ACC_000636,2026-04-10 06:05:40.755011,DEPOSIT,1609.79,MOBILE,UK,0
TXN_0009517,ACC_000430,ACC_000559,2026-07-04 10:47:43.755011,PAYMENT,74417.05,ATM,UK,0
TXN_0009518,ACC_000140,ACC_000697,2026-08-31 11:08:19.755011,TRANSFER,33814.18,ATM,UK,0
TXN_0009519,ACC_000514,ACC_000629,2026-05-17 11:19:41.755011,PAYMENT,121841.99,ATM,Hong Kong,1
TXN_0009520,ACC_000557,ACC_000123,2026-06-08 02:56:23.755011,WITHDRAWAL,4985.88,ONLINE,USA,0
TXN_0009521,ACC_000338,ACC_000479,2026-08-03 15:54:44.755011,TRANSFER,27876.11,BRANCH,Singapore,0
TXN_0009522,ACC_000511,ACC_000852,2026-06-04 06:06:51.755011,PAYMENT,87462.42,MOBILE,UK,0
TXN_0009523,ACC_000352,ACC_000308,2026-08-13 07:47:45.755011,DEPOSIT,25451.05,MOBILE,Hong Kong,0
TXN_0009524,ACC_000072,ACC_000106,2026-05-31 12:49:57.755011,PAYMENT,109772.27,ONLINE,UK,0
TXN_0009525,ACC_000426,ACC_000820,2026-07-20 02:24:32.755011,DEPOSIT,2678.95,ATM,India,0
TXN_0009526,ACC_000306,ACC_000162,2026-04-01 19:20:51.755011,DEPOSIT,3031.27,MOBILE,UK,0
TXN_0009527,ACC_000440,ACC_000908,2026-08-10 06:27:15.755011,PAYMENT,1945.49,MOBILE,Singapore,0
TXN_0009528,ACC_000526,ACC_000219,2026-05-18 12:55:31.755011,TRANSFER,13768.14,ONLINE,UAE,0
TXN_0009529,ACC_000355,ACC_000569,2026-08-20 20:29:39.755011,WITHDRAWAL,10003.84,BRANCH,USA,0
TXN_0009530,ACC_000192,ACC_000712,2026-07-17 18:00:01.755011,DEPOSIT,6752.44,MOBILE,India,0
TXN_0009531,ACC_000650,ACC_000073,2026-06-10 18:44:20.755011,PAYMENT,21399.23,BRANCH,UK,0
TXN_0009532,ACC_000007,ACC_000178,2026-07-30 07:14:37.755011,PAYMENT,35553.52,BRANCH,USA,0
TXN_0009533,ACC_000978,ACC_000862,2026-06-15 17:11:55.755011,TRANSFER,1298.81,BRANCH,USA,0
TXN_0009534,ACC_000957,ACC_000756,2026-05-26 21:19:18.755011,WITHDRAWAL,3958.55,BRANCH,India,0
TXN_0009535,ACC_000845,ACC_000321,2026-07-06 19:45:20.755011,TRANSFER,21680.58,ONLINE,UAE,0
TXN_0009536,ACC_000646,ACC_000837,2026-07-14 05:01:58.755011,WITHDRAWAL,4622.6,ATM,Hong Kong,0
TXN_0009537,ACC_000246,ACC_000354,2026-07-23 13:37:51.755011,DEPOSIT,3109.3,ATM,USA,0
TXN_0009538,ACC_000028,ACC_000177,2026-08-07 12:24:19.755011,TRANSFER,27508.35,ONLINE,India,0
TXN_0009539,ACC_000483,ACC_000006,2026-06-14 06:09:26.755011,TRANSFER,1724.34,ONLINE,India,0
TXN_0009540,ACC_000184,ACC_000131,2026-04-03 15:33:36.755011,TRANSFER,5642.62,MOBILE,USA,0
TXN_0009541,ACC_000044,ACC_000555,2026-04-08 20:29:09.755011,PAYMENT,12020.55,MOBILE,Singapore,0
TXN_0009542,ACC_000542,ACC_000032,2026-03-17 00:50:11.755011,WITHDRAWAL,52654.72,BRANCH,Singapore,1
TXN_0009543,ACC_000120,ACC_000856,2026-06-02 06:11:28.755011,TRANSFER,20739.32,ONLINE,UK,0
TXN_0009544,ACC_000186,ACC_000270,2026-06-19 15:33:02.755011,DEPOSIT,4094.29,MOBILE,UAE,0
TXN_0009545,ACC_000788,ACC_000125,2026-03-26 19:22:02.755011,DEPOSIT,43929.59,ATM,UAE,0
TXN_0009546,ACC_000429,ACC_000332,2026-05-22 14:43:19.755011,TRANSFER,6968.15,BRANCH,UAE,0
TXN_0009547,ACC_000515,ACC_000374,2026-07-26 18:12:27.755011,DEPOSIT,18133.64,BRANCH,India,0
TXN_0009548,ACC_000202,ACC_000125,2026-09-02 01:11:48.755011,DEPOSIT,19835.5,ONLINE,USA,0
TXN_0009549,ACC_000055,ACC_000158,2026-05-14 02:41:08.755011,WITHDRAWAL,3815.98,MOBILE,India,0
TXN_0009550,ACC_000130,ACC_000760,2026-04-15 03:38:03.755011,DEPOSIT,689.4,ONLINE,Hong Kong,0
TXN_0009551,ACC_000159,ACC_000865,2026-05-14 07:44:49.755011,WITHDRAWAL,12492.79,ONLINE,Hong Kong,0
TXN_0009552,ACC_000264,ACC_000797,2026-05-29 11:13:27.755011,WITHDRAWAL,124839.07,BRANCH,UK,1
TXN_0009553,ACC_000388,ACC_000479,2026-05-27 04:18:59.755011,DEPOSIT,15787.78,MOBILE,Singapore,0
TXN_0009554,ACC_000285,ACC_000170,2026-03-30 18:49:43.755011,WITHDRAWAL,6174.4,ONLINE,India,0
TXN_0009555,ACC_000856,ACC_000014,2026-08-30 00:01:47.755011,TRANSFER,4834.28,ATM,Singapore,0
TXN_0009556,ACC_000523,ACC_000278,2026-06-02 07:52:40.755011,DEPOSIT,90234.54,ONLINE,India,0
TXN_0009557,ACC_000520,ACC_000832,2026-04-23 02:44:37.755011,PAYMENT,1384.61,ATM,USA,0
TXN_0009558,ACC_000741,ACC_000965,2026-08-18 22:46:26.755011,PAYMENT,19550.2,ATM,Singapore,0
TXN_0009559,ACC_000926,ACC_000169,2026-08-04 02:22:42.755011,PAYMENT,4066.26,ATM,Hong Kong,0
TXN_0009560,ACC_000046,ACC_000119,2026-05-10 10:41:07.755011,WITHDRAWAL,5415.74,MOBILE,India,0
TXN_0009561,ACC_000378,ACC_000473,2026-05-25 01:55:07.755011,DEPOSIT,5538.49,BRANCH,India,0
TXN_0009562,ACC_000052,ACC_000037,2026-07-11 23:15:38.755011,TRANSFER,3089.85,MOBILE,UAE,0
TXN_0009563,ACC_000543,ACC_000919,2026-03-31 06:21:42.755011,DEPOSIT,16082.21,ATM,Hong Kong,0
TXN_0009564,ACC_000623,ACC_000771,2026-06-12 11:17:35.755011,PAYMENT,42992.13,ATM,Hong Kong,0
TXN_0009565,ACC_000592,ACC_000088,2026-05-04 23:37:32.755011,WITHDRAWAL,179789.02,ONLINE,USA,1
TXN_0009566,ACC_000658,ACC_000692,2026-06-29 19:17:30.755011,DEPOSIT,9173.36,ATM,India,0
TXN_0009567,ACC_000360,ACC_000693,2026-07-21 06:08:49.755011,TRANSFER,25338.81,ONLINE,UAE,1
TXN_0009568,ACC_000791,ACC_000347,2026-06-12 05:13:39.755011,DEPOSIT,15065.92,MOBILE,India,0
TXN_0009569,ACC_000113,ACC_000522,2026-04-17 15:02:14.755011,PAYMENT,107755.45,ATM,USA,0
TXN_0009570,ACC_000760,ACC_000551,2026-07-14 15:36:12.755011,WITHDRAWAL,5131.57,MOBILE,UK,0
TXN_0009571,ACC_000328,ACC_000017,2026-07-09 09:20:16.755011,TRANSFER,5160.66,ATM,Hong Kong,0
TXN_0009572,ACC_000519,ACC_000376,2026-04-23 22:47:29.755011,WITHDRAWAL,4132.73,ONLINE,UAE,0
TXN_0009573,ACC_000631,ACC_000232,2026-04-10 19:48:50.755011,PAYMENT,4503.92,BRANCH,Hong Kong,0
TXN_0009574,ACC_000465,ACC_000048,2026-05-09 05:13:04.755011,TRANSFER,300.56,BRANCH,Singapore,0
TXN_0009575,ACC_000892,ACC_000499,2026-08-17 18:17:41.755011,TRANSFER,13174.55,ONLINE,India,0
TXN_0009576,ACC_000412,ACC_000046,2026-04-13 20:38:16.755011,WITHDRAWAL,2937.57,MOBILE,Hong Kong,0
TXN_0009577,ACC_000085,ACC_000189,2026-06-09 21:50:07.755011,DEPOSIT,1173.43,ATM,India,0
TXN_0009578,ACC_000160,ACC_000900,2026-06-19 03:43:32.755011,DEPOSIT,20006.81,ATM,Hong Kong,0
TXN_0009579,ACC_000322,ACC_000429,2026-06-06 07:33:37.755011,TRANSFER,2211.84,BRANCH,Hong Kong,0
TXN_0009580,ACC_000518,ACC_000445,2026-03-29 22:53:35.755011,DEPOSIT,5396.99,ONLINE,UAE,0
TXN_0009581,ACC_000861,ACC_000103,2026-05-21 01:41:59.755011,TRANSFER,520014.0,ATM,UAE,1
TXN_0009582,ACC_000090,ACC_000724,2026-08-22 03:29:27.755011,TRANSFER,1493.59,BRANCH,UK,0
TXN_0009583,ACC_000225,ACC_000370,2026-05-05 12:51:55.755011,PAYMENT,1288.05,ONLINE,UAE,0
TXN_0009584,ACC_000203,ACC_000708,2026-04-19 19:20:14.755011,DEPOSIT,11194.38,ATM,India,0
TXN_0009585,ACC_000968,ACC_000138,2026-06-27 17:56:52.755011,DEPOSIT,578530.38,ONLINE,UAE,1
TXN_0009586,ACC_000676,ACC_000487,2026-03-30 18:41:32.755011,WITHDRAWAL,1225.11,BRANCH,UAE,0
TXN_0009587,ACC_000924,ACC_000325,2026-04-25 01:45:27.755011,WITHDRAWAL,13216.58,BRANCH,UK,0
TXN_0009588,ACC_000177,ACC_000030,2026-04-09 09:23:41.755011,DEPOSIT,16271.97,ATM,UK,0
TXN_0009589,ACC_000793,ACC_000247,2026-06-18 03:03:13.755011,TRANSFER,684.72,ONLINE,USA,0
TXN_0009590,ACC_000548,ACC_000061,2026-05-14 08:46:57.755011,DEPOSIT,21124.77,MOBILE,Singapore,0
TXN_0009591,ACC_000261,ACC_000763,2026-04-24 03:43:52.755011,WITHDRAWAL,23200.45,ONLINE,Hong Kong,0
TXN_0009592,ACC_000520,ACC_000531,2026-03-15 01:43:17.755011,WITHDRAWAL,5573.94,ATM,UK,0
TXN_0009593,ACC_000944,ACC_000088,2026-09-01 02:27:22.755011,PAYMENT,480533.3,BRANCH,Hong Kong,1
TXN_0009594,ACC_000830,ACC_000930,2026-06-03 09:07:48.755011,DEPOSIT,560430.59,ATM,UK,1
TXN_0009595,ACC_000856,ACC_000703,2026-06-28 15:48:56.755011,PAYMENT,9170.45,ATM,UAE,0
TXN_0009596,ACC_000092,ACC_000396,2026-06-23 14:29:58.755011,DEPOSIT,4713.87,ONLINE,Singapore,0
TXN_0009597,ACC_000123,ACC_000007,2026-03-25 16:12:43.755011,PAYMENT,2521.49,MOBILE,India,0
TXN_0009598,ACC_000504,ACC_000893,2026-09-01 09:50:59.755011,PAYMENT,7745.94,BRANCH,India,0
TXN_0009599,ACC_000466,ACC_000776,2026-05-08 11:21:10.755011,WITHDRAWAL,16053.96,ONLINE,Singapore,0
TXN_0009600,ACC_000515,ACC_000279,2026-03-20 08:19:05.755011,TRANSFER,5491.67,ONLINE,India,0
TXN_0009601,ACC_000898,ACC_000846,2026-03-10 10:40:59.755011,TRANSFER,579.98,ATM,USA,0
TXN_0009602,ACC_000704,ACC_000654,2026-08-17 05:18:33.755011,PAYMENT,37140.25,ONLINE,UK,0
TXN_0009603,ACC_000019,ACC_000262,2026-06-29 18:57:04.755011,TRANSFER,10180.89,ONLINE,India,0
TXN_0009604,ACC_000254,ACC_000855,2026-08-28 16:31:50.755011,PAYMENT,5138.16,ONLINE,UK,0
TXN_0009605,ACC_000886,ACC_000744,2026-06-23 22:13:46.755011,TRANSFER,22665.29,ATM,Singapore,0
TXN_0009606,ACC_000273,ACC_000296,2026-04-05 01:21:14.755011,PAYMENT,50491.8,BRANCH,Hong Kong,0
TXN_0009607,ACC_000331,ACC_000387,2026-05-02 13:54:33.755011,TRANSFER,280.82,MOBILE,Singapore,0
TXN_0009608,ACC_000102,ACC_000383,2026-08-27 04:24:25.755011,PAYMENT,13644.84,ATM,Singapore,0
TXN_0009609,ACC_000779,ACC_000454,2026-07-06 01:20:21.755011,WITHDRAWAL,1462.67,BRANCH,India,0
TXN_0009610,ACC_000986,ACC_000605,2026-07-07 16:55:47.755011,TRANSFER,14749.03,MOBILE,UAE,0
TXN_0009611,ACC_000122,ACC_000618,2026-07-18 23:40:19.755011,PAYMENT,9447.57,ONLINE,UAE,0
TXN_0009612,ACC_000966,ACC_000535,2026-04-19 17:19:26.755011,PAYMENT,17376.46,BRANCH,UK,0
TXN_0009613,ACC_000482,ACC_000548,2026-06-25 11:28:14.755011,DEPOSIT,4451.08,ONLINE,USA,0
TXN_0009614,ACC_000700,ACC_000632,2026-05-26 08:29:22.755011,TRANSFER,855.86,BRANCH,Hong Kong,0
TXN_0009615,ACC_000581,ACC_000894,2026-08-18 08:01:02.755011,PAYMENT,4719.97,BRANCH,Singapore,0
TXN_0009616,ACC_000859,ACC_000515,2026-07-16 13:09:07.755011,DEPOSIT,13203.24,BRANCH,UK,0
TXN_0009617,ACC_000811,ACC_000304,2026-08-30 05:15:08.755011,DEPOSIT,27404.73,MOBILE,UAE,0
TXN_0009618,ACC_000977,ACC_000328,2026-07-14 07:43:47.755011,DEPOSIT,1985.85,BRANCH,Singapore,0
TXN_0009619,ACC_000682,ACC_000812,2026-07-19 19:25:16.755011,TRANSFER,27791.14,ONLINE,Singapore,0
TXN_0009620,ACC_000835,ACC_000422,2026-07-27 16:09:59.755011,PAYMENT,3724.0,ATM,Hong Kong,0
TXN_0009621,ACC_000487,ACC_000241,2026-08-05 23:44:58.755011,PAYMENT,12518.21,ATM,UK,0
TXN_0009622,ACC_000708,ACC_000096,2026-05-01 07:45:52.755011,PAYMENT,4394.58,BRANCH,Singapore,0
TXN_0009623,ACC_000836,ACC_000346,2026-05-24 23:26:44.755011,DEPOSIT,10082.99,ONLINE,Singapore,0
TXN_0009624,ACC_000558,ACC_000927,2026-08-13 12:14:53.755011,WITHDRAWAL,23629.55,MOBILE,Singapore,0
TXN_0009625,ACC_000774,ACC_000369,2026-07-29 19:43:14.755011,PAYMENT,1858.61,ONLINE,Singapore,0
TXN_0009626,ACC_000255,ACC_000224,2026-04-17 06:16:41.755011,TRANSFER,25190.55,MOBILE,UAE,1
TXN_0009627,ACC_000574,ACC_000598,2026-07-17 14:10:07.755011,PAYMENT,10116.82,ONLINE,USA,0
TXN_0009628,ACC_000161,ACC_000603,2026-08-05 02:15:09.755011,WITHDRAWAL,2190027.61,MOBILE,Singapore,1
TXN_0009629,ACC_000224,ACC_000057,2026-08-01 09:05:48.755011,PAYMENT,2876.05,BRANCH,Hong Kong,0
TXN_0009630,ACC_000750,ACC_000597,2026-07-01 16:05:28.755011,TRANSFER,93728.79,ONLINE,Singapore,0
TXN_0009631,ACC_000679,ACC_000665,2026-07-18 11:22:12.755011,TRANSFER,89797.1,MOBILE,Hong Kong,0
TXN_0009632,ACC_000314,ACC_000301,2026-08-04 13:12:16.755011,TRANSFER,7210.02,BRANCH,UK,0
TXN_0009633,ACC_000004,ACC_000654,2026-06-03 15:29:23.755011,WITHDRAWAL,5665.88,BRANCH,Singapore,0
TXN_0009634,ACC_000451,ACC_000773,2026-07-22 00:31:36.755011,PAYMENT,3531.65,MOBILE,UAE,0
TXN_0009635,ACC_000849,ACC_000600,2026-05-07 20:40:33.755011,DEPOSIT,7466.32,ATM,UK,0
TXN_0009636,ACC_000851,ACC_000807,2026-05-19 00:28:12.755011,TRANSFER,1498.08,MOBILE,India,0
TXN_0009637,ACC_000647,ACC_000713,2026-04-03 21:29:12.755011,DEPOSIT,7394.66,BRANCH,USA,0
TXN_0009638,ACC_000622,ACC_000389,2026-06-13 14:38:54.755011,PAYMENT,48837.63,BRANCH,India,0
TXN_0009639,ACC_000253,ACC_000147,2026-07-23 23:31:23.755011,TRANSFER,3892.08,MOBILE,Singapore,0
TXN_0009640,ACC_000065,ACC_000694,2026-03-19 11:24:23.755011,TRANSFER,6070.1,BRANCH,India,0
TXN_0009641,ACC_000275,ACC_000805,2026-03-08 20:54:54.755011,WITHDRAWAL,1052.19,ATM,Hong Kong,0
TXN_0009642,ACC_000830,ACC_000081,2026-06-07 22:55:57.755011,TRANSFER,12693.87,ATM,USA,0
TXN_0009643,ACC_000569,ACC_000597,2026-03-27 18:43:31.755011,DEPOSIT,11129.76,ONLINE,UK,0
TXN_0009644,ACC_000320,ACC_000395,2026-09-01 21:11:54.755011,TRANSFER,8746.8,ONLINE,Singapore,0
TXN_0009645,ACC_000961,ACC_001000,2026-03-24 22:02:40.755011,DEPOSIT,6246.69,MOBILE,India,0
TXN_0009646,ACC_000967,ACC_000354,2026-08-16 16:24:38.755011,WITHDRAWAL,5702.67,MOBILE,UK,0
TXN_0009647,ACC_000982,ACC_000254,2026-04-12 01:17:10.755011,PAYMENT,14798.49,MOBILE,UK,0
TXN_0009648,ACC_000813,ACC_000774,2026-05-27 01:16:18.755011,WITHDRAWAL,7827.67,ONLINE,UK,0
TXN_0009649,ACC_000199,ACC_000025,2026-05-25 07:59:52.755011,PAYMENT,11824.94,BRANCH,USA,0
TXN_0009650,ACC_000733,ACC_000316,2026-05-26 11:28:22.755011,DEPOSIT,10487.92,MOBILE,India,0
TXN_0009651,ACC_000269,ACC_000214,2026-05-03 15:50:12.755011,WITHDRAWAL,31198.11,ATM,UK,0
TXN_0009652,ACC_000066,ACC_000581,2026-03-07 17:48:08.755011,TRANSFER,18258.63,BRANCH,UK,0
TXN_0009653,ACC_000473,ACC_000021,2026-04-26 21:08:36.755011,DEPOSIT,10213.18,BRANCH,UAE,0
TXN_0009654,ACC_000641,ACC_000799,2026-08-11 09:07:01.755011,DEPOSIT,50116.54,BRANCH,UAE,0
TXN_0009655,ACC_000867,ACC_000213,2026-08-14 03:05:45.755011,WITHDRAWAL,13417.6,ONLINE,UK,0
TXN_0009656,ACC_000281,ACC_000971,2026-04-05 12:45:46.755011,WITHDRAWAL,38791.45,BRANCH,UK,0
TXN_0009657,ACC_000702,ACC_000841,2026-03-20 01:12:44.755011,WITHDRAWAL,16786.51,ATM,UK,0
TXN_0009658,ACC_000018,ACC_000685,2026-06-26 06:56:09.755011,WITHDRAWAL,888.64,ATM,UK,0
TXN_0009659,ACC_000854,ACC_000534,2026-03-22 04:47:41.755011,WITHDRAWAL,38785.5,ONLINE,Singapore,0
TXN_0009660,ACC_000158,ACC_000616,2026-07-01 16:38:50.755011,WITHDRAWAL,9530.11,BRANCH,UK,0
TXN_0009661,ACC_000210,ACC_000149,2026-08-30 01:08:00.755011,DEPOSIT,7613.32,ONLINE,India,0
TXN_0009662,ACC_000672,ACC_000597,2026-07-05 12:15:48.755011,TRANSFER,11357.32,ATM,Singapore,0
TXN_0009663,ACC_000797,ACC_000287,2026-08-30 00:50:30.755011,PAYMENT,5356.25,MOBILE,Singapore,0
TXN_0009664,ACC_000625,ACC_000575,2026-07-27 18:34:52.755011,TRANSFER,10640.63,ATM,Hong Kong,0
TXN_0009665,ACC_000953,ACC_000621,2026-03-16 22:02:53.755011,TRANSFER,3982.83,BRANCH,USA,0
TXN_0009666,ACC_000753,ACC_000965,2026-07-16 18:08:17.755011,PAYMENT,37388.81,ATM,Singapore,0
TXN_0009667,ACC_000226,ACC_000138,2026-06-28 13:53:22.755011,DEPOSIT,7070.56,MOBILE,Singapore,0
TXN_0009668,ACC_000114,ACC_000712,2026-03-30 17:02:35.755011,PAYMENT,5119.95,MOBILE,UAE,0
TXN_0009669,ACC_000524,ACC_000788,2026-04-03 15:31:48.755011,PAYMENT,2670.68,ONLINE,India,0
TXN_0009670,ACC_000245,ACC_000777,2026-08-23 14:05:22.755011,TRANSFER,11187.26,ATM,Hong Kong,0
TXN_0009671,ACC_000373,ACC_000119,2026-04-28 13:14:39.755011,DEPOSIT,10142.89,BRANCH,UAE,0
TXN_0009672,ACC_000410,ACC_000126,2026-06-02 20:55:12.755011,DEPOSIT,12914.55,ONLINE,Singapore,0
TXN_0009673,ACC_000098,ACC_000484,2026-03-24 00:59:45.755011,PAYMENT,2362.08,ATM,USA,0
TXN_0009674,ACC_000335,ACC_000579,2026-07-22 00:02:58.755011,TRANSFER,1186.29,ATM,Hong Kong,0
TXN_0009675,ACC_000085,ACC_000928,2026-04-16 12:19:33.755011,WITHDRAWAL,17166.41,ATM,UK,0
TXN_0009676,ACC_000773,ACC_000557,2026-07-23 16:32:50.755011,DEPOSIT,48125.63,ATM,Hong Kong,0
TXN_0009677,ACC_000715,ACC_000849,2026-05-15 05:04:49.755011,TRANSFER,2364.63,MOBILE,Hong Kong,0
TXN_0009678,ACC_000709,ACC_000029,2026-08-31 07:42:27.755011,WITHDRAWAL,54574.91,ONLINE,UK,0
TXN_0009679,ACC_000509,ACC_000093,2026-07-14 14:48:39.755011,DEPOSIT,11392.3,ATM,UAE,0
TXN_0009680,ACC_000178,ACC_000080,2026-06-19 23:33:52.755011,PAYMENT,8034.7,MOBILE,UK,0
TXN_0009681,ACC_000833,ACC_000940,2026-04-07 17:37:57.755011,TRANSFER,5028.82,BRANCH,USA,0
TXN_0009682,ACC_000500,ACC_000005,2026-07-01 13:28:21.755011,PAYMENT,1538.52,BRANCH,Hong Kong,0
TXN_0009683,ACC_000714,ACC_000984,2026-08-22 17:41:30.755011,DEPOSIT,26509.92,ATM,USA,0
TXN_0009684,ACC_000143,ACC_000981,2026-04-07 23:50:00.755011,PAYMENT,26406.59,MOBILE,USA,1
TXN_0009685,ACC_000464,ACC_000892,2026-04-15 06:56:02.755011,PAYMENT,3178.71,BRANCH,UAE,0
TXN_0009686,ACC_000349,ACC_000258,2026-04-07 06:02:24.755011,TRANSFER,26643.8,MOBILE,UK,0
TXN_0009687,ACC_000964,ACC_000833,2026-06-16 17:20:46.755011,WITHDRAWAL,14099.65,BRANCH,UK,1
TXN_0009688,ACC_000265,ACC_000477,2026-04-30 08:27:18.755011,WITHDRAWAL,1302.03,ONLINE,Singapore,0
TXN_0009689,ACC_000280,ACC_000276,2026-04-18 04:16:19.755011,TRANSFER,7928.66,ONLINE,UK,0
TXN_0009690,ACC_000684,ACC_000750,2026-05-04 15:05:00.755011,TRANSFER,11521.17,BRANCH,Hong Kong,0
TXN_0009691,ACC_000359,ACC_000223,2026-08-01 04:43:42.755011,PAYMENT,14496.78,ATM,Hong Kong,0
TXN_0009692,ACC_000856,ACC_000276,2026-05-04 12:05:46.755011,PAYMENT,5641.14,MOBILE,Hong Kong,0
TXN_0009693,ACC_000974,ACC_000602,2026-06-27 10:58:31.755011,WITHDRAWAL,168795.57,MOBILE,India,0
TXN_0009694,ACC_000715,ACC_000619,2026-07-12 02:03:40.755011,DEPOSIT,6164.29,BRANCH,UK,0
TXN_0009695,ACC_000506,ACC_000140,2026-04-27 16:39:43.755011,TRANSFER,6142.93,MOBILE,Hong Kong,0
TXN_0009696,ACC_000439,ACC_000434,2026-08-31 11:31:44.755011,PAYMENT,3113.85,MOBILE,Hong Kong,0
TXN_0009697,ACC_000440,ACC_000962,2026-07-22 12:54:21.755011,PAYMENT,9402.1,ATM,India,0
TXN_0009698,ACC_000853,ACC_000460,2026-07-13 12:01:02.755011,DEPOSIT,16948.82,ONLINE,UK,0
TXN_0009699,ACC_000562,ACC_000949,2026-05-01 20:29:37.755011,DEPOSIT,34347.81,ATM,UK,0
TXN_0009700,ACC_000990,ACC_000133,2026-06-28 22:53:57.755011,DEPOSIT,1356.77,ONLINE,UK,0
TXN_0009701,ACC_000893,ACC_000775,2026-06-16 05:05:36.755011,PAYMENT,6031.83,ONLINE,UK,0
TXN_0009702,ACC_000137,ACC_000746,2026-06-22 04:09:30.755011,TRANSFER,13850.05,ONLINE,UAE,0
TXN_0009703,ACC_000486,ACC_000657,2026-07-26 03:49:11.755011,TRANSFER,16390.69,ATM,USA,0
TXN_0009704,ACC_000365,ACC_000182,2026-06-28 03:21:26.755011,TRANSFER,142169.42,ONLINE,Hong Kong,1
TXN_0009705,ACC_000281,ACC_000786,2026-06-30 16:27:02.755011,PAYMENT,15535.9,ATM,Hong Kong,0
TXN_0009706,ACC_000503,ACC_000579,2026-04-26 19:10:09.755011,TRANSFER,3069.42,ATM,India,0
TXN_0009707,ACC_000887,ACC_000798,2026-06-10 14:10:29.755011,PAYMENT,52548.22,ONLINE,USA,0
TXN_0009708,ACC_000016,ACC_000815,2026-03-11 21:06:54.755011,PAYMENT,26666.24,ATM,Singapore,0
TXN_0009709,ACC_000818,ACC_000140,2026-09-02 23:32:17.755011,WITHDRAWAL,1613.38,BRANCH,UAE,0
TXN_0009710,ACC_000922,ACC_000539,2026-06-26 06:24:29.755011,PAYMENT,38859.62,MOBILE,UAE,1
TXN_0009711,ACC_000684,ACC_000257,2026-07-28 23:59:29.755011,PAYMENT,2306.98,ATM,Singapore,0
TXN_0009712,ACC_000183,ACC_000861,2026-04-21 12:26:25.755011,PAYMENT,18280.02,MOBILE,India,0
TXN_0009713,ACC_000665,ACC_000480,2026-08-20 14:50:37.755011,DEPOSIT,1734.24,ONLINE,India,0
TXN_0009714,ACC_000547,ACC_000107,2026-08-04 09:47:04.755011,DEPOSIT,5446.73,ONLINE,UK,0
TXN_0009715,ACC_000556,ACC_000336,2026-05-20 05:02:20.755011,PAYMENT,13983.67,MOBILE,Singapore,0
TXN_0009716,ACC_000913,ACC_000576,2026-06-14 12:17:56.755011,WITHDRAWAL,7484.59,ATM,Hong Kong,0
TXN_0009717,ACC_000120,ACC_000969,2026-05-09 20:59:40.755011,WITHDRAWAL,11055.3,ONLINE,USA,0
TXN_0009718,ACC_000523,ACC_000427,2026-08-21 11:30:55.755011,DEPOSIT,2255.3,ONLINE,India,0
TXN_0009719,ACC_000468,ACC_000990,2026-06-28 17:50:30.755011,WITHDRAWAL,237382.14,MOBILE,India,1
TXN_0009720,ACC_000113,ACC_000383,2026-06-01 07:08:42.755011,TRANSFER,3882.16,ATM,Singapore,0
TXN_0009721,ACC_000513,ACC_000738,2026-09-02 07:38:10.755011,DEPOSIT,5488.75,ATM,Singapore,0
TXN_0009722,ACC_000629,ACC_000690,2026-05-13 05:50:59.755011,TRANSFER,10778.17,ONLINE,USA,0
TXN_0009723,ACC_000437,ACC_000519,2026-06-27 06:33:09.755011,WITHDRAWAL,9170.01,ATM,UK,0
TXN_0009724,ACC_000139,ACC_000578,2026-07-21 03:01:57.755011,DEPOSIT,8339.65,BRANCH,Hong Kong,0
TXN_0009725,ACC_000320,ACC_000963,2026-05-11 13:17:09.755011,PAYMENT,3291.99,MOBILE,Hong Kong,0
TXN_0009726,ACC_000610,ACC_000778,2026-08-26 19:21:22.755011,WITHDRAWAL,5656.39,BRANCH,India,0
TXN_0009727,ACC_000450,ACC_000688,2026-05-05 02:36:21.755011,DEPOSIT,8124.34,ONLINE,India,0
TXN_0009728,ACC_000615,ACC_000832,2026-03-24 14:36:43.755011,TRANSFER,1556.04,ONLINE,USA,0
TXN_0009729,ACC_000412,ACC_000835,2026-04-18 23:27:25.755011,PAYMENT,4651.57,MOBILE,UAE,0
TXN_0009730,ACC_000956,ACC_000482,2026-07-06 22:12:24.755011,PAYMENT,12903.01,ATM,UK,0
TXN_0009731,ACC_000772,ACC_000647,2026-05-12 04:11:32.755011,TRANSFER,1749.48,MOBILE,UK,0
TXN_0009732,ACC_000954,ACC_000557,2026-07-25 14:01:21.755011,DEPOSIT,32464.35,BRANCH,USA,0
TXN_0009733,ACC_000675,ACC_000665,2026-03-28 20:45:30.755011,WITHDRAWAL,37180.36,ATM,UAE,0
TXN_0009734,ACC_000113,ACC_000066,2026-05-19 08:30:13.755011,WITHDRAWAL,1818.59,MOBILE,USA,0
TXN_0009735,ACC_000116,ACC_000865,2026-03-29 23:09:46.755011,WITHDRAWAL,41321.72,MOBILE,UAE,0
TXN_0009736,ACC_000639,ACC_000152,2026-03-29 17:31:39.755011,DEPOSIT,6820.6,MOBILE,Hong Kong,0
TXN_0009737,ACC_000488,ACC_000211,2026-03-30 07:06:45.755011,PAYMENT,13389.38,BRANCH,Hong Kong,0
TXN_0009738,ACC_000562,ACC_000123,2026-05-05 18:41:35.755011,WITHDRAWAL,4464.97,ATM,India,0
TXN_0009739,ACC_000923,ACC_000271,2026-06-02 22:48:44.755011,TRANSFER,24530.04,ONLINE,Hong Kong,0
TXN_0009740,ACC_000060,ACC_000912,2026-06-21 15:26:49.755011,TRANSFER,13191.3,ONLINE,India,0
TXN_0009741,ACC_000569,ACC_000169,2026-04-24 14:55:58.755011,PAYMENT,3050.36,MOBILE,UK,0
TXN_0009742,ACC_000356,ACC_000792,2026-05-21 02:42:21.755011,WITHDRAWAL,2001.71,MOBILE,India,0
TXN_0009743,ACC_000641,ACC_000673,2026-07-03 11:54:01.755011,TRANSFER,1404.78,BRANCH,UAE,0
TXN_0009744,ACC_000880,ACC_000334,2026-05-10 14:34:51.755011,TRANSFER,10153.06,BRANCH,UAE,0
TXN_0009745,ACC_000894,ACC_000245,2026-05-01 19:16:56.755011,DEPOSIT,16106.3,ONLINE,Hong Kong,0
TXN_0009746,ACC_000376,ACC_000617,2026-04-28 20:04:15.755011,WITHDRAWAL,17697.15,ATM,India,0
TXN_0009747,ACC_000051,ACC_000538,2026-05-01 12:54:07.755011,TRANSFER,100262.76,ONLINE,India,1
TXN_0009748,ACC_000411,ACC_000628,2026-05-27 07:39:10.755011,TRANSFER,27893.67,ATM,USA,1
TXN_0009749,ACC_000196,ACC_000088,2026-08-28 06:48:54.755011,DEPOSIT,3574.25,BRANCH,UAE,0
TXN_0009750,ACC_000395,ACC_000295,2026-04-09 04:06:08.755011,TRANSFER,350142.05,ATM,Hong Kong,1
TXN_0009751,ACC_000003,ACC_000345,2026-05-13 20:09:33.755011,TRANSFER,4529.86,BRANCH,UK,0
TXN_0009752,ACC_000062,ACC_000385,2026-03-29 20:34:06.755011,DEPOSIT,9624.83,ONLINE,India,0
TXN_0009753,ACC_000639,ACC_000385,2026-06-01 05:09:18.755011,WITHDRAWAL,2228.8,ONLINE,India,0
TXN_0009754,ACC_000620,ACC_000167,2026-05-09 18:32:23.755011,TRANSFER,12135.61,BRANCH,UK,0
TXN_0009755,ACC_000297,ACC_000594,2026-06-12 07:37:19.755011,WITHDRAWAL,4678.71,MOBILE,Hong Kong,0
TXN_0009756,ACC_000201,ACC_000609,2026-06-18 22:58:26.755011,PAYMENT,28454.32,ONLINE,UAE,0
TXN_0009757,ACC_000749,ACC_000446,2026-08-18 00:12:01.755011,DEPOSIT,20501.83,MOBILE,UK,0
TXN_0009758,ACC_000262,ACC_000941,2026-04-24 04:26:32.755011,DEPOSIT,4470.04,ONLINE,USA,0
TXN_0009759,ACC_000530,ACC_000562,2026-05-26 03:20:27.755011,TRANSFER,6960.48,ONLINE,Singapore,0
TXN_0009760,ACC_000646,ACC_000760,2026-08-09 06:55:38.755011,DEPOSIT,4182.48,ATM,USA,0
TXN_0009761,ACC_000476,ACC_000041,2026-07-01 15:00:38.755011,PAYMENT,1475.39,ONLINE,Singapore,0
TXN_0009762,ACC_000124,ACC_000476,2026-06-17 10:53:41.755011,DEPOSIT,2895.95,ATM,USA,0
TXN_0009763,ACC_000940,ACC_000544,2026-04-10 00:24:30.755011,TRANSFER,101823.17,ONLINE,Hong Kong,1
TXN_0009764,ACC_000637,ACC_000666,2026-08-16 13:11:39.755011,TRANSFER,11971.83,ATM,Hong Kong,0
TXN_0009765,ACC_000101,ACC_000904,2026-05-27 18:01:19.755011,WITHDRAWAL,9684.26,ONLINE,UAE,0
TXN_0009766,ACC_000881,ACC_000273,2026-06-13 02:36:48.755011,WITHDRAWAL,5641.59,ATM,UK,0
TXN_0009767,ACC_000802,ACC_000717,2026-05-30 21:06:30.755011,TRANSFER,24826.82,ONLINE,UK,0
TXN_0009768,ACC_000824,ACC_000354,2026-04-03 10:36:23.755011,DEPOSIT,8745.11,BRANCH,UK,0
TXN_0009769,ACC_000347,ACC_000263,2026-04-12 02:50:56.755011,WITHDRAWAL,18843.15,MOBILE,UAE,0
TXN_0009770,ACC_000582,ACC_000681,2026-05-31 23:42:03.755011,WITHDRAWAL,964.36,ONLINE,UAE,0
TXN_0009771,ACC_000588,ACC_000875,2026-04-25 20:03:31.755011,TRANSFER,73.19,ONLINE,Hong Kong,0
TXN_0009772,ACC_000710,ACC_000900,2026-03-12 21:49:18.755011,TRANSFER,11390.62,MOBILE,UK,0
TXN_0009773,ACC_000319,ACC_000877,2026-05-04 20:27:13.755011,DEPOSIT,1465.98,ATM,Hong Kong,0
TXN_0009774,ACC_000149,ACC_000849,2026-05-19 02:44:08.755011,TRANSFER,6279.58,BRANCH,UK,0
TXN_0009775,ACC_000845,ACC_000630,2026-08-29 20:36:16.755011,DEPOSIT,5639.12,ATM,UAE,0
TXN_0009776,ACC_000050,ACC_000469,2026-08-08 14:17:14.755011,DEPOSIT,1015318.81,BRANCH,Hong Kong,1
TXN_0009777,ACC_000719,ACC_000156,2026-05-15 17:05:00.755011,WITHDRAWAL,13095.13,MOBILE,USA,0
TXN_0009778,ACC_000247,ACC_000107,2026-08-18 04:42:09.755011,WITHDRAWAL,9887.54,BRANCH,UAE,0
TXN_0009779,ACC_000415,ACC_000944,2026-03-09 05:17:29.755011,WITHDRAWAL,22123.36,ONLINE,India,0
TXN_0009780,ACC_000060,ACC_000815,2026-04-30 08:07:21.755011,DEPOSIT,132796.25,BRANCH,UAE,1
TXN_0009781,ACC_000336,ACC_000044,2026-04-19 21:47:17.755011,DEPOSIT,4678.76,ONLINE,India,0
TXN_0009782,ACC_000471,ACC_000123,2026-04-04 20:44:52.755011,DEPOSIT,29312.55,BRANCH,USA,0
TXN_0009783,ACC_000622,ACC_000662,2026-08-30 17:44:55.755011,PAYMENT,2139.44,MOBILE,USA,0
TXN_0009784,ACC_000087,ACC_000473,2026-03-07 16:47:29.755011,DEPOSIT,11942.95,ATM,Singapore,0
TXN_0009785,ACC_000069,ACC_000858,2026-06-13 12:15:34.755011,PAYMENT,1265.11,ATM,Singapore,0
TXN_0009786,ACC_000672,ACC_000814,2026-05-11 14:28:44.755011,WITHDRAWAL,10349.91,ATM,Singapore,0
TXN_0009787,ACC_000006,ACC_000085,2026-08-25 18:32:02.755011,PAYMENT,10214.75,ATM,USA,0
TXN_0009788,ACC_000136,ACC_000660,2026-08-19 02:13:01.755011,TRANSFER,60581.57,ONLINE,USA,0
TXN_0009789,ACC_000701,ACC_000229,2026-09-01 15:05:52.755011,TRANSFER,1238.96,MOBILE,Hong Kong,0
TXN_0009790,ACC_000317,ACC_000018,2026-07-28 00:47:23.755011,DEPOSIT,3940.0,ONLINE,UAE,0
TXN_0009791,ACC_000816,ACC_000382,2026-07-24 23:09:01.755011,PAYMENT,21746.74,ATM,India,0
TXN_0009792,ACC_000414,ACC_000303,2026-05-12 12:10:28.755011,PAYMENT,12117.19,MOBILE,Singapore,0
TXN_0009793,ACC_000961,ACC_000757,2026-08-17 15:33:54.755011,DEPOSIT,10060.44,MOBILE,USA,0
TXN_0009794,ACC_000522,ACC_000265,2026-08-05 06:32:18.755011,PAYMENT,2572.51,ATM,Singapore,0
TXN_0009795,ACC_000114,ACC_000353,2026-04-05 17:16:00.755011,PAYMENT,3987.89,BRANCH,UK,0
TXN_0009796,ACC_000479,ACC_000770,2026-06-16 14:44:10.755011,TRANSFER,36100.04,BRANCH,Singapore,0
TXN_0009797,ACC_000215,ACC_000736,2026-07-04 05:00:05.755011,TRANSFER,7617.39,ATM,USA,0
TXN_0009798,ACC_000777,ACC_000566,2026-05-30 17:52:53.755011,TRANSFER,12713.65,BRANCH,India,0
TXN_0009799,ACC_000891,ACC_000086,2026-04-06 17:50:10.755011,WITHDRAWAL,7056.99,MOBILE,Singapore,0
TXN_0009800,ACC_000844,ACC_000690,2026-08-12 05:28:08.755011,TRANSFER,1959.21,ATM,UK,0
TXN_0009801,ACC_000558,ACC_000560,2026-03-27 15:02:02.755011,PAYMENT,24848.99,ATM,UK,0
TXN_0009802,ACC_000080,ACC_000481,2026-07-11 22:54:56.755011,TRANSFER,14822.16,MOBILE,UK,0
TXN_0009803,ACC_000375,ACC_000904,2026-07-23 03:54:05.755011,DEPOSIT,1305453.77,BRANCH,Hong Kong,1
TXN_0009804,ACC_000774,ACC_000729,2026-06-28 11:01:06.755011,DEPOSIT,2395.39,ATM,UK,0
TXN_0009805,ACC_000854,ACC_000106,2026-06-03 02:22:18.755011,TRANSFER,21743.88,BRANCH,India,0
TXN_0009806,ACC_000234,ACC_000313,2026-03-15 20:26:20.755011,WITHDRAWAL,1679.33,BRANCH,Hong Kong,0
TXN_0009807,ACC_000992,ACC_000456,2026-07-08 04:42:30.755011,WITHDRAWAL,9787.06,BRANCH,UK,0
TXN_0009808,ACC_000968,ACC_000177,2026-08-11 18:49:39.755011,PAYMENT,373501.05,ONLINE,India,1
TXN_0009809,ACC_000300,ACC_000183,2026-04-12 08:51:40.755011,PAYMENT,674.14,ATM,Singapore,0
TXN_0009810,ACC_000319,ACC_000234,2026-05-21 05:35:23.755011,PAYMENT,6336.49,ATM,Hong Kong,0
TXN_0009811,ACC_000365,ACC_000939,2026-07-20 04:23:16.755011,TRANSFER,4122.22,BRANCH,Hong Kong,0
TXN_0009812,ACC_000068,ACC_000068,2026-09-01 16:32:37.755011,TRANSFER,3489.98,MOBILE,USA,0
TXN_0009813,ACC_000771,ACC_000865,2026-07-04 14:42:42.755011,TRANSFER,95526.43,ATM,Hong Kong,1
TXN_0009814,ACC_000483,ACC_000440,2026-08-12 02:33:24.755011,WITHDRAWAL,31095.64,ATM,India,0
TXN_0009815,ACC_000716,ACC_000808,2026-07-24 02:41:17.755011,TRANSFER,6905.45,ONLINE,Singapore,0
TXN_0009816,ACC_000711,ACC_000884,2026-08-16 14:14:29.755011,PAYMENT,10369.08,ONLINE,India,0
TXN_0009817,ACC_000890,ACC_000118,2026-07-04 09:47:34.755011,TRANSFER,9294.43,MOBILE,Singapore,0
TXN_0009818,ACC_000340,ACC_000191,2026-08-13 19:54:55.755011,TRANSFER,8120.64,MOBILE,UAE,0
TXN_0009819,ACC_000921,ACC_000428,2026-05-21 14:56:36.755011,DEPOSIT,2192.48,MOBILE,India,0
TXN_0009820,ACC_000863,ACC_000612,2026-06-21 22:23:38.755011,WITHDRAWAL,30642.2,ATM,Singapore,0
TXN_0009821,ACC_000139,ACC_000471,2026-04-11 17:19:25.755011,PAYMENT,11547.62,ATM,Hong Kong,0
TXN_0009822,ACC_000349,ACC_000809,2026-04-08 19:09:11.755011,PAYMENT,13015.0,ATM,UK,0
TXN_0009823,ACC_000558,ACC_000888,2026-06-21 01:22:02.755011,TRANSFER,3078.47,BRANCH,Singapore,0
TXN_0009824,ACC_000728,ACC_000447,2026-07-26 06:20:30.755011,WITHDRAWAL,4670.1,BRANCH,Singapore,0
TXN_0009825,ACC_000320,ACC_000219,2026-05-07 12:34:03.755011,WITHDRAWAL,6559.3,ATM,UAE,0
TXN_0009826,ACC_000434,ACC_000242,2026-04-26 05:35:27.755011,TRANSFER,1285.69,ATM,Hong Kong,0
TXN_0009827,ACC_000701,ACC_000243,2026-05-12 23:15:10.755011,WITHDRAWAL,1068.87,BRANCH,UK,0
TXN_0009828,ACC_000994,ACC_000893,2026-07-17 14:06:38.755011,TRANSFER,3940.66,ONLINE,Singapore,0
TXN_0009829,ACC_000272,ACC_000696,2026-06-14 08:31:24.755011,DEPOSIT,15169.24,ONLINE,UAE,0
TXN_0009830,ACC_000219,ACC_000659,2026-04-08 04:22:40.755011,WITHDRAWAL,3700.54,MOBILE,Hong Kong,0
TXN_0009831,ACC_000286,ACC_000465,2026-05-02 16:36:29.755011,WITHDRAWAL,2386.14,MOBILE,UAE,0
TXN_0009832,ACC_000405,ACC_000797,2026-07-14 13:31:38.755011,WITHDRAWAL,3048.42,MOBILE,UK,0
TXN_0009833,ACC_000182,ACC_000121,2026-04-27 10:19:07.755011,WITHDRAWAL,4691.88,BRANCH,USA,0
TXN_0009834,ACC_000096,ACC_000263,2026-06-29 08:01:51.755011,PAYMENT,5299.51,BRANCH,Hong Kong,0
TXN_0009835,ACC_000225,ACC_000208,2026-03-19 22:21:31.755011,TRANSFER,108947.97,MOBILE,USA,0
TXN_0009836,ACC_000452,ACC_000413,2026-04-01 15:17:42.755011,WITHDRAWAL,28725.62,BRANCH,India,0
TXN_0009837,ACC_000217,ACC_000751,2026-04-02 03:40:53.755011,WITHDRAWAL,27715.0,MOBILE,UK,0
TXN_0009838,ACC_000974,ACC_000653,2026-09-02 20:27:37.755011,PAYMENT,32935.17,MOBILE,Hong Kong,0
TXN_0009839,ACC_000857,ACC_000213,2026-03-29 04:03:13.755011,DEPOSIT,2444.06,ATM,India,0
TXN_0009840,ACC_000480,ACC_000452,2026-08-08 15:16:18.755011,PAYMENT,1869.01,ONLINE,UAE,0
TXN_0009841,ACC_000247,ACC_000874,2026-06-04 22:51:29.755011,PAYMENT,28820.51,MOBILE,Singapore,1
TXN_0009842,ACC_000053,ACC_000732,2026-04-07 16:56:25.755011,DEPOSIT,40191.36,MOBILE,USA,0
TXN_0009843,ACC_000614,ACC_000090,2026-08-13 01:20:47.755011,PAYMENT,4202.23,ATM,UAE,0
TXN_0009844,ACC_000843,ACC_000086,2026-06-25 01:32:13.755011,PAYMENT,1805.1,MOBILE,India,0
TXN_0009845,ACC_000513,ACC_000311,2026-07-06 07:43:09.755011,WITHDRAWAL,4830.98,MOBILE,India,0
TXN_0009846,ACC_000522,ACC_000122,2026-05-22 10:14:56.755011,WITHDRAWAL,6085.56,ONLINE,Hong Kong,0
TXN_0009847,ACC_000137,ACC_000472,2026-05-26 22:50:49.755011,WITHDRAWAL,11182.39,BRANCH,Hong Kong,0
TXN_0009848,ACC_000481,ACC_000958,2026-03-21 07:50:02.755011,DEPOSIT,10950.51,ATM,Hong Kong,0
TXN_0009849,ACC_000182,ACC_000318,2026-07-24 09:30:13.755011,PAYMENT,2999.45,ONLINE,UK,0
TXN_0009850,ACC_000420,ACC_000890,2026-05-16 20:56:02.755011,WITHDRAWAL,18449.41,ONLINE,Hong Kong,0
TXN_0009851,ACC_000607,ACC_000617,2026-04-28 14:36:55.755011,DEPOSIT,3762.98,MOBILE,USA,0
TXN_0009852,ACC_000304,ACC_000266,2026-03-20 23:52:09.755011,DEPOSIT,6717.48,ATM,USA,0
TXN_0009853,ACC_000333,ACC_000291,2026-05-08 21:08:15.755011,WITHDRAWAL,18474.17,ONLINE,India,0
TXN_0009854,ACC_000144,ACC_000076,2026-04-04 02:09:55.755011,WITHDRAWAL,3751.14,ONLINE,USA,0
TXN_0009855,ACC_000983,ACC_000367,2026-03-17 21:12:09.755011,PAYMENT,4091.96,ONLINE,UAE,0
TXN_0009856,ACC_000730,ACC_000240,2026-07-05 09:28:44.755011,TRANSFER,16481.63,ATM,Hong Kong,0
TXN_0009857,ACC_000730,ACC_000041,2026-04-05 21:18:34.755011,PAYMENT,2894.94,MOBILE,India,0
TXN_0009858,ACC_000418,ACC_000938,2026-05-29 07:46:06.755011,DEPOSIT,5106.4,ONLINE,Hong Kong,0
TXN_0009859,ACC_000207,ACC_000714,2026-06-18 11:23:27.755011,PAYMENT,15786.19,ATM,Singapore,0
TXN_0009860,ACC_000297,ACC_000062,2026-06-02 12:37:55.755011,TRANSFER,95311.99,ONLINE,UAE,0
TXN_0009861,ACC_000493,ACC_000500,2026-07-14 05:55:41.755011,PAYMENT,16755.56,MOBILE,Hong Kong,0
TXN_0009862,ACC_000675,ACC_000420,2026-06-28 03:39:29.755011,PAYMENT,14287.89,MOBILE,Hong Kong,0
TXN_0009863,ACC_000606,ACC_000019,2026-05-14 10:23:17.755011,TRANSFER,15320.73,ATM,India,0
TXN_0009864,ACC_000939,ACC_000194,2026-05-11 00:15:48.755011,TRANSFER,2235.39,ONLINE,USA,0
TXN_0009865,ACC_000702,ACC_000204,2026-04-25 11:44:46.755011,DEPOSIT,9308.81,MOBILE,Singapore,0
TXN_0009866,ACC_000477,ACC_000064,2026-04-19 16:43:48.755011,DEPOSIT,7818.75,BRANCH,Hong Kong,0
TXN_0009867,ACC_000306,ACC_000298,2026-05-30 20:50:06.755011,TRANSFER,11919.15,ATM,Hong Kong,0
TXN_0009868,ACC_000180,ACC_000188,2026-06-15 11:15:40.755011,TRANSFER,9318.99,ONLINE,UAE,0
TXN_0009869,ACC_000822,ACC_000339,2026-08-31 02:45:02.755011,DEPOSIT,12780.04,ATM,India,0
TXN_0009870,ACC_000384,ACC_000328,2026-05-13 20:14:58.755011,PAYMENT,5576.07,ATM,India,0
TXN_0009871,ACC_000755,ACC_000665,2026-07-28 09:16:18.755011,WITHDRAWAL,8693.5,MOBILE,UK,0
TXN_0009872,ACC_000844,ACC_000947,2026-05-21 17:00:59.755011,WITHDRAWAL,1856.79,MOBILE,India,0
TXN_0009873,ACC_000836,ACC_000214,2026-06-16 23:46:48.755011,DEPOSIT,5519.88,ONLINE,Singapore,0
TXN_0009874,ACC_000515,ACC_000289,2026-06-24 07:24:01.755011,PAYMENT,43001.93,ATM,Hong Kong,0
TXN_0009875,ACC_000992,ACC_000573,2026-07-08 14:59:28.755011,DEPOSIT,11879.51,BRANCH,UAE,0
TXN_0009876,ACC_000101,ACC_000032,2026-03-10 06:50:41.755011,DEPOSIT,7902.19,MOBILE,Hong Kong,0
TXN_0009877,ACC_000292,ACC_000978,2026-05-13 08:30:11.755011,WITHDRAWAL,78853.58,ATM,India,0
TXN_0009878,ACC_000217,ACC_000765,2026-07-13 16:02:38.755011,DEPOSIT,1582.87,ONLINE,UK,0
TXN_0009879,ACC_000098,ACC_000443,2026-08-03 01:57:59.755011,PAYMENT,2140.2,BRANCH,India,0
TXN_0009880,ACC_000509,ACC_000935,2026-04-07 21:26:37.755011,WITHDRAWAL,63275.51,ATM,India,0
TXN_0009881,ACC_000908,ACC_000839,2026-07-13 09:16:59.755011,WITHDRAWAL,8562.55,ONLINE,USA,0
TXN_0009882,ACC_000824,ACC_000806,2026-05-03 12:18:38.755011,TRANSFER,6056.58,BRANCH,UAE,0
TXN_0009883,ACC_000617,ACC_000932,2026-04-20 12:01:20.755011,DEPOSIT,1921.68,BRANCH,Hong Kong,0
TXN_0009884,ACC_000086,ACC_000049,2026-08-18 12:09:20.755011,WITHDRAWAL,13866.56,MOBILE,UAE,0
TXN_0009885,ACC_000791,ACC_000612,2026-05-14 01:13:35.755011,TRANSFER,15573.9,MOBILE,UK,0
TXN_0009886,ACC_000304,ACC_000570,2026-08-14 12:19:50.755011,DEPOSIT,2178.97,MOBILE,Hong Kong,0
TXN_0009887,ACC_000787,ACC_000315,2026-03-27 19:15:39.755011,DEPOSIT,6847.71,ONLINE,UK,0
TXN_0009888,ACC_000881,ACC_000776,2026-06-14 22:16:09.755011,DEPOSIT,5417.45,BRANCH,UAE,0
TXN_0009889,ACC_000805,ACC_000080,2026-08-18 22:52:30.755011,WITHDRAWAL,11016.76,BRANCH,UAE,0
TXN_0009890,ACC_000138,ACC_000606,2026-04-07 15:31:42.755011,TRANSFER,2115.19,ATM,Singapore,0
TXN_0009891,ACC_000035,ACC_000644,2026-06-28 12:53:56.755011,TRANSFER,36400.47,BRANCH,UAE,0
TXN_0009892,ACC_000015,ACC_000316,2026-07-16 09:33:13.755011,DEPOSIT,24318.4,BRANCH,Hong Kong,0
TXN_0009893,ACC_000800,ACC_000639,2026-03-09 16:31:55.755011,WITHDRAWAL,5240.59,BRANCH,Hong Kong,0
TXN_0009894,ACC_000105,ACC_000926,2026-05-05 15:24:50.755011,WITHDRAWAL,6249.76,ATM,UAE,0
TXN_0009895,ACC_000901,ACC_000968,2026-06-06 04:43:16.755011,DEPOSIT,6879.45,BRANCH,Singapore,0
TXN_0009896,ACC_000345,ACC_000248,2026-05-30 14:59:58.755011,DEPOSIT,3184.43,MOBILE,Singapore,0
TXN_0009897,ACC_000986,ACC_000452,2026-08-02 16:25:33.755011,WITHDRAWAL,4759.44,BRANCH,USA,0
TXN_0009898,ACC_000387,ACC_000304,2026-03-27 03:19:17.755011,PAYMENT,5858.66,BRANCH,India,0
TXN_0009899,ACC_000117,ACC_000097,2026-07-22 12:50:37.755011,DEPOSIT,56130.92,MOBILE,UAE,0
TXN_0009900,ACC_000142,ACC_000319,2026-08-25 03:03:23.755011,TRANSFER,25233.86,BRANCH,India,0
TXN_0009901,ACC_000309,ACC_000503,2026-06-11 08:57:24.755011,PAYMENT,24874.18,MOBILE,Singapore,0
TXN_0009902,ACC_000750,ACC_000758,2026-04-29 10:48:30.755011,PAYMENT,12631.02,ATM,UK,0
TXN_0009903,ACC_000873,ACC_000084,2026-03-31 06:15:32.755011,TRANSFER,2120.08,ATM,Hong Kong,0
TXN_0009904,ACC_000536,ACC_000208,2026-06-23 13:22:43.755011,TRANSFER,7709.52,MOBILE,UAE,0
TXN_0009905,ACC_000277,ACC_000079,2026-03-20 14:13:16.755011,TRANSFER,25967.11,ONLINE,India,0
TXN_0009906,ACC_000826,ACC_000084,2026-03-16 06:53:08.755011,DEPOSIT,1790.2,MOBILE,Singapore,0
TXN_0009907,ACC_000096,ACC_000321,2026-06-24 05:20:22.755011,DEPOSIT,17393.71,BRANCH,India,0
TXN_0009908,ACC_000908,ACC_000133,2026-08-23 08:47:06.755011,PAYMENT,2258394.27,ONLINE,USA,1
TXN_0009909,ACC_000264,ACC_000330,2026-04-10 00:27:33.755011,PAYMENT,28974.75,MOBILE,Singapore,0
TXN_0009910,ACC_000992,ACC_000026,2026-06-14 06:51:05.755011,DEPOSIT,44215.69,ONLINE,UAE,0
TXN_0009911,ACC_000660,ACC_000806,2026-06-15 22:20:53.755011,WITHDRAWAL,10530.24,BRANCH,UK,0
TXN_0009912,ACC_000711,ACC_000296,2026-05-26 00:31:59.755011,PAYMENT,25887.57,MOBILE,UK,0
TXN_0009913,ACC_000696,ACC_000473,2026-05-06 13:53:10.755011,TRANSFER,3424.04,ATM,Singapore,0
TXN_0009914,ACC_000645,ACC_000327,2026-03-28 10:44:22.755011,WITHDRAWAL,21058.02,BRANCH,Singapore,0
TXN_0009915,ACC_000135,ACC_000944,2026-07-06 23:47:07.755011,TRANSFER,17769.98,BRANCH,Hong Kong,0
TXN_0009916,ACC_000153,ACC_000135,2026-06-04 14:42:43.755011,PAYMENT,11474.63,ONLINE,Hong Kong,0
TXN_0009917,ACC_000449,ACC_001000,2026-07-11 06:45:45.755011,TRANSFER,39309.0,BRANCH,Hong Kong,0
TXN_0009918,ACC_000998,ACC_000310,2026-08-15 04:47:09.755011,WITHDRAWAL,4244.83,MOBILE,USA,0
TXN_0009919,ACC_000896,ACC_000911,2026-05-16 08:20:54.755011,TRANSFER,6473.88,ATM,UAE,0
TXN_0009920,ACC_000705,ACC_000206,2026-03-11 09:58:55.755011,WITHDRAWAL,9086.59,BRANCH,Hong Kong,0
TXN_0009921,ACC_000048,ACC_000980,2026-06-12 20:46:31.755011,PAYMENT,2355.4,MOBILE,UK,0
TXN_0009922,ACC_000158,ACC_000462,2026-09-02 17:10:48.755011,PAYMENT,10639.39,BRANCH,Hong Kong,0
TXN_0009923,ACC_000566,ACC_000993,2026-05-19 23:11:48.755011,WITHDRAWAL,1029.97,MOBILE,India,0
TXN_0009924,ACC_000903,ACC_000301,2026-07-17 05:13:41.755011,DEPOSIT,28462.58,ONLINE,UK,0
TXN_0009925,ACC_000084,ACC_000355,2026-05-09 19:37:25.755011,PAYMENT,8569.5,BRANCH,Hong Kong,0
TXN_0009926,ACC_000916,ACC_000654,2026-05-24 06:56:40.755011,TRANSFER,4336.96,BRANCH,India,0
TXN_0009927,ACC_000819,ACC_000885,2026-08-04 00:50:02.755011,PAYMENT,2977.24,ATM,Hong Kong,0
TXN_0009928,ACC_000981,ACC_000700,2026-03-09 16:07:15.755011,TRANSFER,6115.03,ONLINE,Hong Kong,0
TXN_0009929,ACC_000484,ACC_000550,2026-06-30 19:40:46.755011,TRANSFER,18507.14,BRANCH,Hong Kong,0
TXN_0009930,ACC_000566,ACC_000143,2026-08-08 07:19:27.755011,WITHDRAWAL,15635.3,BRANCH,UK,0
TXN_0009931,ACC_000005,ACC_000625,2026-04-15 18:57:12.755011,PAYMENT,3475.02,ATM,USA,0
TXN_0009932,ACC_000561,ACC_000106,2026-03-30 22:43:40.755011,DEPOSIT,20306.54,ONLINE,USA,1
TXN_0009933,ACC_000840,ACC_000550,2026-05-08 15:33:24.755011,PAYMENT,17823.6,ATM,Hong Kong,0
TXN_0009934,ACC_000171,ACC_000507,2026-04-20 15:59:44.755011,PAYMENT,3405.62,ATM,UK,0
TXN_0009935,ACC_000074,ACC_000921,2026-04-28 11:42:08.755011,DEPOSIT,8707.08,ONLINE,UAE,0
TXN_0009936,ACC_000957,ACC_000660,2026-06-17 09:57:40.755011,TRANSFER,9400.38,MOBILE,UAE,0
TXN_0009937,ACC_000278,ACC_000555,2026-06-30 23:22:36.755011,PAYMENT,11783.72,ATM,USA,0
TXN_0009938,ACC_000130,ACC_000181,2026-04-13 15:47:55.755011,WITHDRAWAL,22695.56,BRANCH,Singapore,0
TXN_0009939,ACC_000581,ACC_000456,2026-06-28 19:20:32.755011,TRANSFER,1780.13,ONLINE,UAE,0
TXN_0009940,ACC_000522,ACC_000410,2026-08-03 05:18:29.755011,PAYMENT,817.79,ATM,India,0
TXN_0009941,ACC_000457,ACC_000960,2026-04-20 11:56:46.755011,WITHDRAWAL,4101.32,ATM,India,0
TXN_0009942,ACC_000678,ACC_000366,2026-05-13 09:41:44.755011,WITHDRAWAL,70391.94,MOBILE,Singapore,0
TXN_0009943,ACC_000029,ACC_000732,2026-06-08 07:05:20.755011,TRANSFER,91730.38,MOBILE,UAE,0
TXN_0009944,ACC_000698,ACC_000653,2026-09-01 19:05:09.755011,DEPOSIT,72941.47,MOBILE,UK,0
TXN_0009945,ACC_000674,ACC_000352,2026-04-10 11:08:39.755011,DEPOSIT,6428.02,ATM,India,0
TXN_0009946,ACC_000528,ACC_000881,2026-04-25 14:27:53.755011,WITHDRAWAL,954.76,ONLINE,UAE,0
TXN_0009947,ACC_000860,ACC_000276,2026-05-31 12:04:29.755011,PAYMENT,487.04,ATM,Hong Kong,0
TXN_0009948,ACC_000910,ACC_000054,2026-08-30 02:51:32.755011,DEPOSIT,3878.31,ONLINE,Hong Kong,0
TXN_0009949,ACC_000003,ACC_000655,2026-04-24 07:58:15.755011,DEPOSIT,6388.86,BRANCH,USA,0
TXN_0009950,ACC_000495,ACC_000779,2026-07-30 10:48:15.755011,WITHDRAWAL,577420.48,MOBILE,UAE,1
TXN_0009951,ACC_000499,ACC_000978,2026-08-30 03:49:51.755011,TRANSFER,22956.73,MOBILE,Singapore,0
TXN_0009952,ACC_000239,ACC_000341,2026-04-20 09:39:31.755011,PAYMENT,10645.43,ATM,Singapore,0
TXN_0009953,ACC_000990,ACC_000039,2026-06-29 23:52:27.755011,PAYMENT,2785.51,ATM,UAE,0
TXN_0009954,ACC_000607,ACC_000937,2026-07-30 17:50:01.755011,WITHDRAWAL,2558.21,ONLINE,UK,0
TXN_0009955,ACC_000297,ACC_000696,2026-07-27 11:41:33.755011,DEPOSIT,10992.33,BRANCH,India,0
TXN_0009956,ACC_000757,ACC_000908,2026-04-09 05:36:47.755011,TRANSFER,223506.08,ATM,Hong Kong,1
TXN_0009957,ACC_000473,ACC_000621,2026-03-15 23:45:26.755011,DEPOSIT,12968.23,ATM,UK,0
TXN_0009958,ACC_000589,ACC_000817,2026-08-25 04:54:32.755011,WITHDRAWAL,2341.35,ATM,USA,0
TXN_0009959,ACC_000773,ACC_000466,2026-04-02 06:07:50.755011,WITHDRAWAL,17690.82,BRANCH,India,0
TXN_0009960,ACC_000252,ACC_000920,2026-07-24 14:49:37.755011,DEPOSIT,13508.75,ATM,India,0
TXN_0009961,ACC_000745,ACC_000710,2026-08-19 17:27:01.755011,TRANSFER,2242.17,ONLINE,India,0
TXN_0009962,ACC_000339,ACC_000341,2026-07-09 08:40:27.755011,DEPOSIT,3161.54,BRANCH,Singapore,0
TXN_0009963,ACC_000254,ACC_000378,2026-06-08 15:39:59.755011,TRANSFER,18512.38,ONLINE,Singapore,0
TXN_0009964,ACC_000888,ACC_000305,2026-05-05 10:16:28.755011,WITHDRAWAL,6115.56,ONLINE,Hong Kong,0
TXN_0009965,ACC_000718,ACC_000409,2026-03-31 15:08:28.755011,DEPOSIT,54555.66,BRANCH,UAE,0
TXN_0009966,ACC_000729,ACC_000528,2026-07-28 20:58:53.755011,TRANSFER,14784.8,ATM,India,0
TXN_0009967,ACC_000770,ACC_000590,2026-05-02 01:39:27.755011,PAYMENT,4518.98,ATM,Hong Kong,0
TXN_0009968,ACC_000942,ACC_000010,2026-03-07 20:07:12.755011,PAYMENT,8004.45,ATM,UK,0
TXN_0009969,ACC_000492,ACC_000825,2026-06-19 01:06:28.755011,TRANSFER,8743.45,MOBILE,Hong Kong,0
TXN_0009970,ACC_000019,ACC_000829,2026-07-18 09:41:44.755011,PAYMENT,3381.02,ATM,India,0
TXN_0009971,ACC_000522,ACC_000966,2026-04-21 02:04:47.755011,TRANSFER,2710.52,ATM,UK,0
TXN_0009972,ACC_000847,ACC_000944,2026-03-27 22:26:08.755011,PAYMENT,18801.05,BRANCH,Hong Kong,0
TXN_0009973,ACC_000955,ACC_000729,2026-04-05 18:50:20.755011,WITHDRAWAL,22344.33,ONLINE,UK,0
TXN_0009974,ACC_000642,ACC_000879,2026-06-15 10:30:48.755011,TRANSFER,16722.96,BRANCH,Hong Kong,0
TXN_0009975,ACC_000580,ACC_000474,2026-08-19 01:55:47.755011,PAYMENT,49930.22,ATM,Hong Kong,0
TXN_0009976,ACC_000137,ACC_000896,2026-06-28 17:29:53.755011,DEPOSIT,4229.64,ONLINE,UAE,0
TXN_0009977,ACC_000535,ACC_000241,2026-08-30 14:56:38.755011,DEPOSIT,60422.99,ATM,UAE,0
TXN_0009978,ACC_000430,ACC_000183,2026-03-15 00:48:55.755011,TRANSFER,2748.73,MOBILE,Singapore,0
TXN_0009979,ACC_000425,ACC_000933,2026-06-24 13:14:32.755011,PAYMENT,2403.73,ONLINE,USA,0
TXN_0009980,ACC_000397,ACC_000593,2026-08-19 19:50:40.755011,TRANSFER,980.49,MOBILE,UAE,0
TXN_0009981,ACC_000479,ACC_000665,2026-03-15 01:09:15.755011,DEPOSIT,4745.94,BRANCH,UK,0
TXN_0009982,ACC_000601,ACC_000066,2026-04-29 16:24:49.755011,TRANSFER,4427.25,MOBILE,India,0
TXN_0009983,ACC_000270,ACC_000685,2026-05-13 01:48:48.755011,PAYMENT,15231.56,BRANCH,USA,0
TXN_0009984,ACC_000471,ACC_000235,2026-08-26 20:50:49.755011,TRANSFER,10858.13,ONLINE,UAE,0
TXN_0009985,ACC_000507,ACC_000139,2026-06-17 11:46:03.755011,WITHDRAWAL,1936.1,MOBILE,USA,0
TXN_0009986,ACC_000135,ACC_000166,2026-03-10 15:59:19.755011,DEPOSIT,5058.01,ATM,Singapore,0
TXN_0009987,ACC_000382,ACC_000163,2026-08-15 21:41:18.755011,TRANSFER,5188.74,MOBILE,USA,0
TXN_0009988,ACC_000995,ACC_000956,2026-07-27 03:42:24.755011,PAYMENT,961.81,ATM,India,0
TXN_0009989,ACC_000273,ACC_000227,2026-07-21 14:16:53.755011,WITHDRAWAL,2497.05,ONLINE,Hong Kong,0
TXN_0009990,ACC_000240,ACC_000556,2026-08-22 03:59:20.755011,PAYMENT,3213.2,BRANCH,Singapore,0
TXN_0009991,ACC_000814,ACC_000597,2026-05-17 09:56:45.755011,DEPOSIT,45267.74,ATM,Singapore,0
TXN_0009992,ACC_000670,ACC_000586,2026-03-28 17:51:46.755011,WITHDRAWAL,10195.9,BRANCH,India,0
TXN_0009993,ACC_000948,ACC_000309,2026-07-21 20:46:17.755011,DEPOSIT,17936.67,MOBILE,Hong Kong,0
TXN_0009994,ACC_000919,ACC_000778,2026-05-02 01:59:23.755011,TRANSFER,1341.63,BRANCH,UAE,0
TXN_0009995,ACC_000663,ACC_000547,2026-07-19 13:50:05.755011,DEPOSIT,33964.03,BRANCH,India,0
TXN_0009996,ACC_000775,ACC_000411,2026-05-02 19:55:56.755011,PAYMENT,38612.16,ATM,UAE,0
TXN_0009997,ACC_000492,ACC_000770,2026-06-12 01:37:42.755011,PAYMENT,736.56,BRANCH,India,0
TXN_0009998,ACC_000847,ACC_000612,2026-08-01 06:55:36.755011,TRANSFER,3475.94,ONLINE,India,0
TXN_0009999,ACC_000033,ACC_000494,2026-03-11 23:50:43.755011,DEPOSIT,14689.95,ATM,India,0
TXN_0010000,ACC_000161,ACC_000751,2026-06-16 03:04:47.755011,DEPOSIT,306853.34,ATM,Singapore,1
